-- MySQL dump 10.13  Distrib 8.0.25, for Linux (x86_64)
--
-- Host: 35.225.71.210    Database: situr
-- ------------------------------------------------------
-- Server version	5.7.34-google

/*!40101 SET @OLD_CHARACTER_SET_CLIENT=@@CHARACTER_SET_CLIENT */;
/*!40101 SET @OLD_CHARACTER_SET_RESULTS=@@CHARACTER_SET_RESULTS */;
/*!40101 SET @OLD_COLLATION_CONNECTION=@@COLLATION_CONNECTION */;
/*!50503 SET NAMES utf8 */;
/*!40103 SET @OLD_TIME_ZONE=@@TIME_ZONE */;
/*!40103 SET TIME_ZONE='+00:00' */;
/*!40014 SET @OLD_UNIQUE_CHECKS=@@UNIQUE_CHECKS, UNIQUE_CHECKS=0 */;
/*!40014 SET @OLD_FOREIGN_KEY_CHECKS=@@FOREIGN_KEY_CHECKS, FOREIGN_KEY_CHECKS=0 */;
/*!40101 SET @OLD_SQL_MODE=@@SQL_MODE, SQL_MODE='NO_AUTO_VALUE_ON_ZERO' */;
/*!40111 SET @OLD_SQL_NOTES=@@SQL_NOTES, SQL_NOTES=0 */;

--
-- Table structure for table `auth_group`
--

DROP TABLE IF EXISTS `auth_group`;
/*!40101 SET @saved_cs_client     = @@character_set_client */;
/*!50503 SET character_set_client = utf8mb4 */;
CREATE TABLE `auth_group` (
  `id` int(11) NOT NULL AUTO_INCREMENT,
  `name` varchar(80) NOT NULL,
  PRIMARY KEY (`id`),
  UNIQUE KEY `name` (`name`)
) ENGINE=InnoDB DEFAULT CHARSET=utf8;
/*!40101 SET character_set_client = @saved_cs_client */;

--
-- Dumping data for table `auth_group`
--

LOCK TABLES `auth_group` WRITE;
/*!40000 ALTER TABLE `auth_group` DISABLE KEYS */;
/*!40000 ALTER TABLE `auth_group` ENABLE KEYS */;
UNLOCK TABLES;

--
-- Table structure for table `auth_group_permissions`
--

DROP TABLE IF EXISTS `auth_group_permissions`;
/*!40101 SET @saved_cs_client     = @@character_set_client */;
/*!50503 SET character_set_client = utf8mb4 */;
CREATE TABLE `auth_group_permissions` (
  `id` int(11) NOT NULL AUTO_INCREMENT,
  `group_id` int(11) NOT NULL,
  `permission_id` int(11) NOT NULL,
  PRIMARY KEY (`id`),
  UNIQUE KEY `auth_group_permissions_group_id_permission_id_0cd325b0_uniq` (`group_id`,`permission_id`),
  KEY `auth_group_permissio_permission_id_84c5c92e_fk_auth_perm` (`permission_id`),
  CONSTRAINT `auth_group_permissio_permission_id_84c5c92e_fk_auth_perm` FOREIGN KEY (`permission_id`) REFERENCES `auth_permission` (`id`),
  CONSTRAINT `auth_group_permissions_group_id_b120cbf9_fk_auth_group_id` FOREIGN KEY (`group_id`) REFERENCES `auth_group` (`id`)
) ENGINE=InnoDB DEFAULT CHARSET=utf8;
/*!40101 SET character_set_client = @saved_cs_client */;

--
-- Dumping data for table `auth_group_permissions`
--

LOCK TABLES `auth_group_permissions` WRITE;
/*!40000 ALTER TABLE `auth_group_permissions` DISABLE KEYS */;
/*!40000 ALTER TABLE `auth_group_permissions` ENABLE KEYS */;
UNLOCK TABLES;

--
-- Table structure for table `auth_permission`
--

DROP TABLE IF EXISTS `auth_permission`;
/*!40101 SET @saved_cs_client     = @@character_set_client */;
/*!50503 SET character_set_client = utf8mb4 */;
CREATE TABLE `auth_permission` (
  `id` int(11) NOT NULL AUTO_INCREMENT,
  `name` varchar(255) NOT NULL,
  `content_type_id` int(11) NOT NULL,
  `codename` varchar(100) NOT NULL,
  PRIMARY KEY (`id`),
  UNIQUE KEY `auth_permission_content_type_id_codename_01ab375a_uniq` (`content_type_id`,`codename`),
  CONSTRAINT `auth_permission_content_type_id_2f476e4b_fk_django_co` FOREIGN KEY (`content_type_id`) REFERENCES `django_content_type` (`id`)
) ENGINE=InnoDB AUTO_INCREMENT=265 DEFAULT CHARSET=utf8;
/*!40101 SET character_set_client = @saved_cs_client */;

--
-- Dumping data for table `auth_permission`
--

LOCK TABLES `auth_permission` WRITE;
/*!40000 ALTER TABLE `auth_permission` DISABLE KEYS */;
INSERT INTO `auth_permission` VALUES (1,'Can add log entry',1,'add_logentry'),(2,'Can change log entry',1,'change_logentry'),(3,'Can delete log entry',1,'delete_logentry'),(4,'Can view log entry',1,'view_logentry'),(5,'Can add permission',2,'add_permission'),(6,'Can change permission',2,'change_permission'),(7,'Can delete permission',2,'delete_permission'),(8,'Can view permission',2,'view_permission'),(9,'Can add group',3,'add_group'),(10,'Can change group',3,'change_group'),(11,'Can delete group',3,'delete_group'),(12,'Can view group',3,'view_group'),(13,'Can add user',4,'add_user'),(14,'Can change user',4,'change_user'),(15,'Can delete user',4,'delete_user'),(16,'Can view user',4,'view_user'),(17,'Can add content type',5,'add_contenttype'),(18,'Can change content type',5,'change_contenttype'),(19,'Can delete content type',5,'delete_contenttype'),(20,'Can view content type',5,'view_contenttype'),(21,'Can add session',6,'add_session'),(22,'Can change session',6,'change_session'),(23,'Can delete session',6,'delete_session'),(24,'Can view session',6,'view_session'),(25,'Can add Lenguaje',7,'add_lenguaje'),(26,'Can change Lenguaje',7,'change_lenguaje'),(27,'Can delete Lenguaje',7,'delete_lenguaje'),(28,'Can view Lenguaje',7,'view_lenguaje'),(29,'Can add Pais',8,'add_pais'),(30,'Can change Pais',8,'change_pais'),(31,'Can delete Pais',8,'delete_pais'),(32,'Can view Pais',8,'view_pais'),(33,'Can add Pais idioma',9,'add_paisidioma'),(34,'Can change Pais idioma',9,'change_paisidioma'),(35,'Can delete Pais idioma',9,'delete_paisidioma'),(36,'Can view Pais idioma',9,'view_paisidioma'),(37,'Can add Región',10,'add_region'),(38,'Can change Región',10,'change_region'),(39,'Can delete Región',10,'delete_region'),(40,'Can view Región',10,'view_region'),(41,'Can add region idioma',11,'add_regionidioma'),(42,'Can change region idioma',11,'change_regionidioma'),(43,'Can delete region idioma',11,'delete_regionidioma'),(44,'Can view region idioma',11,'view_regionidioma'),(45,'Can add Departamento',12,'add_departamento'),(46,'Can change Departamento',12,'change_departamento'),(47,'Can delete Departamento',12,'delete_departamento'),(48,'Can view Departamento',12,'view_departamento'),(49,'Can add departamento idioma',13,'add_departamentoidioma'),(50,'Can change departamento idioma',13,'change_departamentoidioma'),(51,'Can delete departamento idioma',13,'delete_departamentoidioma'),(52,'Can view departamento idioma',13,'view_departamentoidioma'),(53,'Can add Municipio',14,'add_municipio'),(54,'Can change Municipio',14,'change_municipio'),(55,'Can delete Municipio',14,'delete_municipio'),(56,'Can view Municipio',14,'view_municipio'),(57,'Can add municipio idioma',15,'add_municipioidioma'),(58,'Can change municipio idioma',15,'change_municipioidioma'),(59,'Can delete municipio idioma',15,'delete_municipioidioma'),(60,'Can view municipio idioma',15,'view_municipioidioma'),(61,'Can add Slider principal',16,'add_sliderprincipal'),(62,'Can change Slider principal',16,'change_sliderprincipal'),(63,'Can delete Slider principal',16,'delete_sliderprincipal'),(64,'Can view Slider principal',16,'view_sliderprincipal'),(65,'Can add slider principal idioma',17,'add_sliderprincipalidioma'),(66,'Can change slider principal idioma',17,'change_sliderprincipalidioma'),(67,'Can delete slider principal idioma',17,'delete_sliderprincipalidioma'),(68,'Can view slider principal idioma',17,'view_sliderprincipalidioma'),(69,'Can add Página principal',18,'add_paginainicio'),(70,'Can change Página principal',18,'change_paginainicio'),(71,'Can delete Página principal',18,'delete_paginainicio'),(72,'Can view Página principal',18,'view_paginainicio'),(73,'Can add Página principal idioma',19,'add_paginainicioidioma'),(74,'Can change Página principal idioma',19,'change_paginainicioidioma'),(75,'Can delete Página principal idioma',19,'delete_paginainicioidioma'),(76,'Can view Página principal idioma',19,'view_paginainicioidioma'),(77,'Can add Página principal Banners DE TOUR',20,'add_paginaprincipalbannerdetour'),(78,'Can change Página principal Banners DE TOUR',20,'change_paginaprincipalbannerdetour'),(79,'Can delete Página principal Banners DE TOUR',20,'delete_paginaprincipalbannerdetour'),(80,'Can view Página principal Banners DE TOUR',20,'view_paginaprincipalbannerdetour'),(81,'Can add Enlaces institucionales',21,'add_paginaprincipalenlacesinstitucionales'),(82,'Can change Enlaces institucionales',21,'change_paginaprincipalenlacesinstitucionales'),(83,'Can delete Enlaces institucionales',21,'delete_paginaprincipalenlacesinstitucionales'),(84,'Can view Enlaces institucionales',21,'view_paginaprincipalenlacesinstitucionales'),(85,'Can add Redes sociales',22,'add_redessociales'),(86,'Can change Redes sociales',22,'change_redessociales'),(87,'Can delete Redes sociales',22,'delete_redessociales'),(88,'Can view Redes sociales',22,'view_redessociales'),(89,'Can add Enlaces DETOUR',23,'add_enlacesdetourmodel'),(90,'Can change Enlaces DETOUR',23,'change_enlacesdetourmodel'),(91,'Can delete Enlaces DETOUR',23,'delete_enlacesdetourmodel'),(92,'Can view Enlaces DETOUR',23,'view_enlacesdetourmodel'),(93,'Can add Galería principal',24,'add_galeriaprincipal'),(94,'Can change Galería principal',24,'change_galeriaprincipal'),(95,'Can delete Galería principal',24,'delete_galeriaprincipal'),(96,'Can view Galería principal',24,'view_galeriaprincipal'),(97,'Can add galeria principal idioma',25,'add_galeriaprincipalidioma'),(98,'Can change galeria principal idioma',25,'change_galeriaprincipalidioma'),(99,'Can delete galeria principal idioma',25,'delete_galeriaprincipalidioma'),(100,'Can view galeria principal idioma',25,'view_galeriaprincipalidioma'),(101,'Can add Componente chat',26,'add_componentechat'),(102,'Can change Componente chat',26,'change_componentechat'),(103,'Can delete Componente chat',26,'delete_componentechat'),(104,'Can view Componente chat',26,'view_componentechat'),(105,'Can add Segmento ficha técnica',27,'add_segmentosfichatecnica'),(106,'Can change Segmento ficha técnica',27,'change_segmentosfichatecnica'),(107,'Can delete Segmento ficha técnica',27,'delete_segmentosfichatecnica'),(108,'Can view Segmento ficha técnica',27,'view_segmentosfichatecnica'),(109,'Can add segmentos ficha tecnica idioma',28,'add_segmentosfichatecnicaidioma'),(110,'Can change segmentos ficha tecnica idioma',28,'change_segmentosfichatecnicaidioma'),(111,'Can delete segmentos ficha tecnica idioma',28,'delete_segmentosfichatecnicaidioma'),(112,'Can view segmentos ficha tecnica idioma',28,'view_segmentosfichatecnicaidioma'),(113,'Can add Contenido',29,'add_estadisticas'),(114,'Can change Contenido',29,'change_estadisticas'),(115,'Can delete Contenido',29,'delete_estadisticas'),(116,'Can view Contenido',29,'view_estadisticas'),(117,'Can add Estadística idioma',30,'add_estadisticasidioma'),(118,'Can change Estadística idioma',30,'change_estadisticasidioma'),(119,'Can delete Estadística idioma',30,'delete_estadisticasidioma'),(120,'Can view Estadística idioma',30,'view_estadisticasidioma'),(121,'Can add Ficha técnica',31,'add_fichatecnicaidioma'),(122,'Can change Ficha técnica',31,'change_fichatecnicaidioma'),(123,'Can delete Ficha técnica',31,'delete_fichatecnicaidioma'),(124,'Can view Ficha técnica',31,'view_fichatecnicaidioma'),(125,'Can add rango',32,'add_rango'),(126,'Can change rango',32,'change_rango'),(127,'Can delete rango',32,'delete_rango'),(128,'Can view rango',32,'view_rango'),(129,'Can add encuesta',33,'add_encuesta'),(130,'Can change encuesta',33,'change_encuesta'),(131,'Can delete encuesta',33,'delete_encuesta'),(132,'Can view encuesta',33,'view_encuesta'),(133,'Can add grupo',34,'add_grupo'),(134,'Can change grupo',34,'change_grupo'),(135,'Can delete grupo',34,'delete_grupo'),(136,'Can view grupo',34,'view_grupo'),(137,'Can add pregunta',35,'add_pregunta'),(138,'Can change pregunta',35,'change_pregunta'),(139,'Can delete pregunta',35,'delete_pregunta'),(140,'Can view pregunta',35,'view_pregunta'),(141,'Can add respuesta',36,'add_respuesta'),(142,'Can change respuesta',36,'change_respuesta'),(143,'Can delete respuesta',36,'delete_respuesta'),(144,'Can view respuesta',36,'view_respuesta'),(145,'Can add dato respuesta',37,'add_datorespuesta'),(146,'Can change dato respuesta',37,'change_datorespuesta'),(147,'Can delete dato respuesta',37,'delete_datorespuesta'),(148,'Can view dato respuesta',37,'view_datorespuesta'),(149,'Can add Información general',38,'add_informaciongeneral'),(150,'Can change Información general',38,'change_informaciongeneral'),(151,'Can delete Información general',38,'delete_informaciongeneral'),(152,'Can view Información general',38,'view_informaciongeneral'),(153,'Can add informacion general idioma',39,'add_informaciongeneralidioma'),(154,'Can change informacion general idioma',39,'change_informaciongeneralidioma'),(155,'Can delete informacion general idioma',39,'delete_informaciongeneralidioma'),(156,'Can view informacion general idioma',39,'view_informaciongeneralidioma'),(157,'Can add Semanario',40,'add_noticiasemanario'),(158,'Can change Semanario',40,'change_noticiasemanario'),(159,'Can delete Semanario',40,'delete_noticiasemanario'),(160,'Can view Semanario',40,'view_noticiasemanario'),(161,'Can add noticia semanario idioma',41,'add_noticiasemanarioidioma'),(162,'Can change noticia semanario idioma',41,'change_noticiasemanarioidioma'),(163,'Can delete noticia semanario idioma',41,'delete_noticiasemanarioidioma'),(164,'Can view noticia semanario idioma',41,'view_noticiasemanarioidioma'),(165,'Can add Noticia',42,'add_noticias'),(166,'Can change Noticia',42,'change_noticias'),(167,'Can delete Noticia',42,'delete_noticias'),(168,'Can view Noticia',42,'view_noticias'),(169,'Can add noticias idioma',43,'add_noticiasidioma'),(170,'Can change noticias idioma',43,'change_noticiasidioma'),(171,'Can delete noticias idioma',43,'delete_noticiasidioma'),(172,'Can view noticias idioma',43,'view_noticiasidioma'),(173,'Can add Archivos de biblioteca',44,'add_biblioteca'),(174,'Can change Archivos de biblioteca',44,'change_biblioteca'),(175,'Can delete Archivos de biblioteca',44,'delete_biblioteca'),(176,'Can view Archivos de biblioteca',44,'view_biblioteca'),(177,'Can add biblioteca idioma',45,'add_bibliotecaidioma'),(178,'Can change biblioteca idioma',45,'change_bibliotecaidioma'),(179,'Can delete biblioteca idioma',45,'delete_bibliotecaidioma'),(180,'Can view biblioteca idioma',45,'view_bibliotecaidioma'),(181,'Can add Categorías de empleo',46,'add_categoriaempleo'),(182,'Can change Categorías de empleo',46,'change_categoriaempleo'),(183,'Can delete Categorías de empleo',46,'delete_categoriaempleo'),(184,'Can view Categorías de empleo',46,'view_categoriaempleo'),(185,'Can add categoria empleo idioma',47,'add_categoriaempleoidioma'),(186,'Can change categoria empleo idioma',47,'change_categoriaempleoidioma'),(187,'Can delete categoria empleo idioma',47,'delete_categoriaempleoidioma'),(188,'Can view categoria empleo idioma',47,'view_categoriaempleoidioma'),(189,'Can add Oportunidad de empleo',48,'add_oportunidadesempleo'),(190,'Can change Oportunidad de empleo',48,'change_oportunidadesempleo'),(191,'Can delete Oportunidad de empleo',48,'delete_oportunidadesempleo'),(192,'Can view Oportunidad de empleo',48,'view_oportunidadesempleo'),(193,'Can add oportunidades empleo idioma',49,'add_oportunidadesempleoidioma'),(194,'Can change oportunidades empleo idioma',49,'change_oportunidadesempleoidioma'),(195,'Can delete oportunidades empleo idioma',49,'delete_oportunidadesempleoidioma'),(196,'Can view oportunidades empleo idioma',49,'view_oportunidadesempleoidioma'),(197,'Can add Categorias de informes',50,'add_categoriainformes'),(198,'Can change Categorias de informes',50,'change_categoriainformes'),(199,'Can delete Categorias de informes',50,'delete_categoriainformes'),(200,'Can view Categorias de informes',50,'view_categoriainformes'),(201,'Can add categoria informes idioma',51,'add_categoriainformesidioma'),(202,'Can change categoria informes idioma',51,'change_categoriainformesidioma'),(203,'Can delete categoria informes idioma',51,'delete_categoriainformesidioma'),(204,'Can view categoria informes idioma',51,'view_categoriainformesidioma'),(205,'Can add Informe',52,'add_informes'),(206,'Can change Informe',52,'change_informes'),(207,'Can delete Informe',52,'delete_informes'),(208,'Can view Informe',52,'view_informes'),(209,'Can add informe idioma',53,'add_informeidioma'),(210,'Can change informe idioma',53,'change_informeidioma'),(211,'Can delete informe idioma',53,'delete_informeidioma'),(212,'Can view informe idioma',53,'view_informeidioma'),(213,'Can add Categoría de galería',54,'add_categoriagaleria'),(214,'Can change Categoría de galería',54,'change_categoriagaleria'),(215,'Can delete Categoría de galería',54,'delete_categoriagaleria'),(216,'Can view Categoría de galería',54,'view_categoriagaleria'),(217,'Can add categoria galeria idioma',55,'add_categoriagaleriaidioma'),(218,'Can change categoria galeria idioma',55,'change_categoriagaleriaidioma'),(219,'Can delete categoria galeria idioma',55,'delete_categoriagaleriaidioma'),(220,'Can view categoria galeria idioma',55,'view_categoriagaleriaidioma'),(221,'Can add Sección vive Cundinamarca',56,'add_seccionvivecundinamarca'),(222,'Can change Sección vive Cundinamarca',56,'change_seccionvivecundinamarca'),(223,'Can delete Sección vive Cundinamarca',56,'delete_seccionvivecundinamarca'),(224,'Can view Sección vive Cundinamarca',56,'view_seccionvivecundinamarca'),(225,'Can add seccion vive cundinamarca idioma',57,'add_seccionvivecundinamarcaidioma'),(226,'Can change seccion vive cundinamarca idioma',57,'change_seccionvivecundinamarcaidioma'),(227,'Can delete seccion vive cundinamarca idioma',57,'delete_seccionvivecundinamarcaidioma'),(228,'Can view seccion vive cundinamarca idioma',57,'view_seccionvivecundinamarcaidioma'),(229,'Can add Galería conoce Cundinamarca',58,'add_seccionvivecundinamarcagaleria'),(230,'Can change Galería conoce Cundinamarca',58,'change_seccionvivecundinamarcagaleria'),(231,'Can delete Galería conoce Cundinamarca',58,'delete_seccionvivecundinamarcagaleria'),(232,'Can view Galería conoce Cundinamarca',58,'view_seccionvivecundinamarcagaleria'),(233,'Can add Sección oferta turística',59,'add_ofertaturistica'),(234,'Can change Sección oferta turística',59,'change_ofertaturistica'),(235,'Can delete Sección oferta turística',59,'delete_ofertaturistica'),(236,'Can view Sección oferta turística',59,'view_ofertaturistica'),(237,'Can add Oferta turística idiomas',60,'add_ofertaturisticaidioma'),(238,'Can change Oferta turística idiomas',60,'change_ofertaturisticaidioma'),(239,'Can delete Oferta turística idiomas',60,'delete_ofertaturisticaidioma'),(240,'Can view Oferta turística idiomas',60,'view_ofertaturisticaidioma'),(241,'Can add Sección contacto',61,'add_contacto'),(242,'Can change Sección contacto',61,'change_contacto'),(243,'Can delete Sección contacto',61,'delete_contacto'),(244,'Can view Sección contacto',61,'view_contacto'),(245,'Can add contacto idioma',62,'add_contactoidioma'),(246,'Can change contacto idioma',62,'change_contactoidioma'),(247,'Can delete contacto idioma',62,'delete_contactoidioma'),(248,'Can view contacto idioma',62,'view_contactoidioma'),(249,'Can add Enlaces institucionales',63,'add_contactoenlaceinstitucional'),(250,'Can change Enlaces institucionales',63,'change_contactoenlaceinstitucional'),(251,'Can delete Enlaces institucionales',63,'delete_contactoenlaceinstitucional'),(252,'Can view Enlaces institucionales',63,'view_contactoenlaceinstitucional'),(253,'Can add Base de dato',64,'add_basesdatos'),(254,'Can change Base de dato',64,'change_basesdatos'),(255,'Can delete Base de dato',64,'delete_basesdatos'),(256,'Can view Base de dato',64,'view_basesdatos'),(257,'Can add Archivo',65,'add_basesdatosarchivos'),(258,'Can change Archivo',65,'change_basesdatosarchivos'),(259,'Can delete Archivo',65,'delete_basesdatosarchivos'),(260,'Can view Archivo',65,'view_basesdatosarchivos'),(261,'Can add Credencial base de datos',66,'add_credencialbasedatos'),(262,'Can change Credencial base de datos',66,'change_credencialbasedatos'),(263,'Can delete Credencial base de datos',66,'delete_credencialbasedatos'),(264,'Can view Credencial base de datos',66,'view_credencialbasedatos');
/*!40000 ALTER TABLE `auth_permission` ENABLE KEYS */;
UNLOCK TABLES;

--
-- Table structure for table `auth_user`
--

DROP TABLE IF EXISTS `auth_user`;
/*!40101 SET @saved_cs_client     = @@character_set_client */;
/*!50503 SET character_set_client = utf8mb4 */;
CREATE TABLE `auth_user` (
  `id` int(11) NOT NULL AUTO_INCREMENT,
  `password` varchar(128) NOT NULL,
  `last_login` datetime(6) DEFAULT NULL,
  `is_superuser` tinyint(1) NOT NULL,
  `username` varchar(150) NOT NULL,
  `first_name` varchar(30) NOT NULL,
  `last_name` varchar(150) NOT NULL,
  `email` varchar(254) NOT NULL,
  `is_staff` tinyint(1) NOT NULL,
  `is_active` tinyint(1) NOT NULL,
  `date_joined` datetime(6) NOT NULL,
  PRIMARY KEY (`id`),
  UNIQUE KEY `username` (`username`)
) ENGINE=InnoDB AUTO_INCREMENT=3 DEFAULT CHARSET=utf8;
/*!40101 SET character_set_client = @saved_cs_client */;

--
-- Dumping data for table `auth_user`
--

LOCK TABLES `auth_user` WRITE;
/*!40000 ALTER TABLE `auth_user` DISABLE KEYS */;
INSERT INTO `auth_user` VALUES (1,'pbkdf2_sha256$120000$73q6fbnnw0md$kLaJUQzPkEUbVedDEGk+PNF+o+x3kBBuFGkYoyYnD9I=','2021-11-01 20:06:46.006748',1,'admin','','','admin@gmail.com',1,1,'2019-04-15 23:20:36.909000'),(2,'pbkdf2_sha256$120000$FDJZxxW1IGg9$iINRJ2rVW+DbiBbcvkuo4IyvHh5Sy2GujNf10+ckOFk=','2019-12-02 15:32:03.624961',1,'idecut','Idecut','Cundinamarca','idecut@cundinamarca.gov.co',1,1,'2019-05-13 20:51:13.000000');
/*!40000 ALTER TABLE `auth_user` ENABLE KEYS */;
UNLOCK TABLES;

--
-- Table structure for table `auth_user_groups`
--

DROP TABLE IF EXISTS `auth_user_groups`;
/*!40101 SET @saved_cs_client     = @@character_set_client */;
/*!50503 SET character_set_client = utf8mb4 */;
CREATE TABLE `auth_user_groups` (
  `id` int(11) NOT NULL AUTO_INCREMENT,
  `user_id` int(11) NOT NULL,
  `group_id` int(11) NOT NULL,
  PRIMARY KEY (`id`),
  UNIQUE KEY `auth_user_groups_user_id_group_id_94350c0c_uniq` (`user_id`,`group_id`),
  KEY `auth_user_groups_group_id_97559544_fk_auth_group_id` (`group_id`),
  CONSTRAINT `auth_user_groups_group_id_97559544_fk_auth_group_id` FOREIGN KEY (`group_id`) REFERENCES `auth_group` (`id`),
  CONSTRAINT `auth_user_groups_user_id_6a12ed8b_fk_auth_user_id` FOREIGN KEY (`user_id`) REFERENCES `auth_user` (`id`)
) ENGINE=InnoDB DEFAULT CHARSET=utf8;
/*!40101 SET character_set_client = @saved_cs_client */;

--
-- Dumping data for table `auth_user_groups`
--

LOCK TABLES `auth_user_groups` WRITE;
/*!40000 ALTER TABLE `auth_user_groups` DISABLE KEYS */;
/*!40000 ALTER TABLE `auth_user_groups` ENABLE KEYS */;
UNLOCK TABLES;

--
-- Table structure for table `auth_user_user_permissions`
--

DROP TABLE IF EXISTS `auth_user_user_permissions`;
/*!40101 SET @saved_cs_client     = @@character_set_client */;
/*!50503 SET character_set_client = utf8mb4 */;
CREATE TABLE `auth_user_user_permissions` (
  `id` int(11) NOT NULL AUTO_INCREMENT,
  `user_id` int(11) NOT NULL,
  `permission_id` int(11) NOT NULL,
  PRIMARY KEY (`id`),
  UNIQUE KEY `auth_user_user_permissions_user_id_permission_id_14a6b632_uniq` (`user_id`,`permission_id`),
  KEY `auth_user_user_permi_permission_id_1fbb5f2c_fk_auth_perm` (`permission_id`),
  CONSTRAINT `auth_user_user_permi_permission_id_1fbb5f2c_fk_auth_perm` FOREIGN KEY (`permission_id`) REFERENCES `auth_permission` (`id`),
  CONSTRAINT `auth_user_user_permissions_user_id_a95ead1b_fk_auth_user_id` FOREIGN KEY (`user_id`) REFERENCES `auth_user` (`id`)
) ENGINE=InnoDB AUTO_INCREMENT=239 DEFAULT CHARSET=utf8;
/*!40101 SET character_set_client = @saved_cs_client */;

--
-- Dumping data for table `auth_user_user_permissions`
--

LOCK TABLES `auth_user_user_permissions` WRITE;
/*!40000 ALTER TABLE `auth_user_user_permissions` DISABLE KEYS */;
INSERT INTO `auth_user_user_permissions` VALUES (1,2,1),(2,2,2),(3,2,3),(4,2,4),(5,2,13),(6,2,16),(7,2,17),(8,2,18),(9,2,19),(10,2,20),(11,2,21),(12,2,22),(13,2,23),(14,2,24),(15,2,25),(16,2,26),(17,2,27),(18,2,28),(19,2,29),(20,2,30),(21,2,31),(22,2,32),(23,2,33),(24,2,34),(25,2,35),(26,2,36),(27,2,37),(28,2,38),(29,2,39),(30,2,40),(31,2,41),(32,2,42),(33,2,43),(34,2,44),(35,2,45),(36,2,46),(37,2,47),(38,2,48),(39,2,49),(40,2,50),(41,2,51),(42,2,52),(43,2,53),(44,2,54),(45,2,55),(46,2,56),(47,2,57),(48,2,58),(49,2,59),(50,2,60),(51,2,61),(52,2,62),(53,2,63),(54,2,64),(55,2,65),(56,2,66),(57,2,67),(58,2,68),(59,2,69),(60,2,70),(61,2,71),(62,2,72),(63,2,73),(64,2,74),(65,2,75),(66,2,76),(67,2,77),(68,2,78),(69,2,79),(70,2,80),(71,2,81),(72,2,82),(73,2,83),(74,2,84),(75,2,85),(76,2,86),(77,2,87),(78,2,88),(79,2,89),(80,2,90),(81,2,91),(82,2,92),(83,2,93),(84,2,94),(85,2,95),(86,2,96),(87,2,97),(88,2,98),(89,2,99),(90,2,100),(91,2,101),(92,2,102),(93,2,103),(94,2,104),(95,2,105),(96,2,106),(97,2,107),(98,2,108),(99,2,109),(100,2,110),(101,2,111),(102,2,112),(103,2,113),(104,2,114),(105,2,115),(106,2,116),(107,2,117),(108,2,118),(109,2,119),(110,2,120),(111,2,121),(112,2,122),(113,2,123),(114,2,124),(115,2,125),(116,2,126),(117,2,127),(118,2,128),(119,2,129),(120,2,130),(121,2,131),(122,2,132),(123,2,133),(124,2,134),(125,2,135),(126,2,136),(127,2,137),(128,2,138),(129,2,139),(130,2,140),(131,2,141),(132,2,142),(133,2,143),(134,2,144),(135,2,145),(136,2,146),(137,2,147),(138,2,148),(139,2,149),(140,2,150),(141,2,151),(142,2,152),(143,2,153),(144,2,154),(145,2,155),(146,2,156),(147,2,157),(148,2,158),(149,2,159),(150,2,160),(151,2,161),(152,2,162),(153,2,163),(154,2,164),(155,2,165),(156,2,166),(157,2,167),(158,2,168),(159,2,169),(160,2,170),(161,2,171),(162,2,172),(163,2,173),(164,2,174),(165,2,175),(166,2,176),(167,2,177),(168,2,178),(169,2,179),(170,2,180),(171,2,181),(172,2,182),(173,2,183),(174,2,184),(175,2,185),(176,2,186),(177,2,187),(178,2,188),(179,2,189),(180,2,190),(181,2,191),(182,2,192),(183,2,193),(184,2,194),(185,2,195),(186,2,196),(187,2,197),(188,2,198),(189,2,199),(190,2,200),(191,2,201),(192,2,202),(193,2,203),(194,2,204),(195,2,205),(196,2,206),(197,2,207),(198,2,208),(199,2,209),(200,2,210),(201,2,211),(202,2,212),(203,2,213),(204,2,214),(205,2,215),(206,2,216),(207,2,217),(208,2,218),(209,2,219),(210,2,220),(211,2,221),(212,2,222),(213,2,223),(214,2,224),(215,2,225),(216,2,226),(217,2,227),(218,2,228),(219,2,229),(220,2,230),(221,2,231),(222,2,232),(223,2,233),(224,2,234),(225,2,235),(226,2,236),(227,2,237),(228,2,238),(229,2,239),(230,2,240),(231,2,241),(232,2,242),(233,2,243),(234,2,244),(235,2,245),(236,2,246),(237,2,247),(238,2,248);
/*!40000 ALTER TABLE `auth_user_user_permissions` ENABLE KEYS */;
UNLOCK TABLES;

--
-- Table structure for table `configuracion_componentechat`
--

DROP TABLE IF EXISTS `configuracion_componentechat`;
/*!40101 SET @saved_cs_client     = @@character_set_client */;
/*!50503 SET character_set_client = utf8mb4 */;
CREATE TABLE `configuracion_componentechat` (
  `id` int(11) NOT NULL AUTO_INCREMENT,
  `fecha_creacion` datetime(6) NOT NULL,
  `fecha_actualizacion` datetime(6) NOT NULL,
  `activo` tinyint(1) NOT NULL,
  `proveedor` varchar(200) NOT NULL,
  `script` longtext NOT NULL,
  `actualizador_id` int(11) DEFAULT NULL,
  `creador_id` int(11) NOT NULL,
  PRIMARY KEY (`id`),
  KEY `configuracion_compon_actualizador_id_b8753990_fk_auth_user` (`actualizador_id`),
  KEY `configuracion_componentechat_creador_id_78fbfb29_fk_auth_user_id` (`creador_id`),
  CONSTRAINT `configuracion_compon_actualizador_id_b8753990_fk_auth_user` FOREIGN KEY (`actualizador_id`) REFERENCES `auth_user` (`id`),
  CONSTRAINT `configuracion_componentechat_creador_id_78fbfb29_fk_auth_user_id` FOREIGN KEY (`creador_id`) REFERENCES `auth_user` (`id`)
) ENGINE=InnoDB AUTO_INCREMENT=2 DEFAULT CHARSET=utf8;
/*!40101 SET character_set_client = @saved_cs_client */;

--
-- Dumping data for table `configuracion_componentechat`
--

LOCK TABLES `configuracion_componentechat` WRITE;
/*!40000 ALTER TABLE `configuracion_componentechat` DISABLE KEYS */;
INSERT INTO `configuracion_componentechat` VALUES (1,'2019-04-17 01:58:41.832000','2019-04-17 01:58:41.832000',1,'Smartsupp','<!-- Smartsupp Live Chat script -->\r\n<script type=\"text/javascript\">\r\nvar _smartsupp = _smartsupp || {};\r\n_smartsupp.key = \'552fd8e6d25e56fd3947cd857c64624aa6817a6a\';\r\nwindow.smartsupp||(function(d) {\r\n  var s,c,o=smartsupp=function(){ o._.push(arguments)};o._=[];\r\n  s=d.getElementsByTagName(\'script\')[0];c=d.createElement(\'script\');\r\n  c.type=\'text/javascript\';c.charset=\'utf-8\';c.async=true;\r\n  c.src=\'https://www.smartsuppchat.com/loader.js?\';s.parentNode.insertBefore(c,s);\r\n})(document);\r\n</script>',NULL,1);
/*!40000 ALTER TABLE `configuracion_componentechat` ENABLE KEYS */;
UNLOCK TABLES;

--
-- Table structure for table `configuracion_enlacesdetourmodel`
--

DROP TABLE IF EXISTS `configuracion_enlacesdetourmodel`;
/*!40101 SET @saved_cs_client     = @@character_set_client */;
/*!50503 SET character_set_client = utf8mb4 */;
CREATE TABLE `configuracion_enlacesdetourmodel` (
  `id` int(11) NOT NULL AUTO_INCREMENT,
  `link_lugares_interes` varchar(200) NOT NULL,
  `link_actividades_sugeridas` varchar(200) NOT NULL,
  `link_prestadores_servicios` varchar(200) NOT NULL,
  `link_gastronomia` varchar(200) NOT NULL,
  `link_eventos` varchar(200) NOT NULL,
  `link_busqueda` varchar(200) NOT NULL,
  `url_municipios` varchar(200) NOT NULL,
  `pagina_inicio_id` int(11) NOT NULL,
  PRIMARY KEY (`id`),
  UNIQUE KEY `pagina_inicio_id` (`pagina_inicio_id`),
  CONSTRAINT `configuracion_enlace_pagina_inicio_id_374ef9bb_fk_configura` FOREIGN KEY (`pagina_inicio_id`) REFERENCES `configuracion_paginainicio` (`id`)
) ENGINE=InnoDB AUTO_INCREMENT=2 DEFAULT CHARSET=utf8;
/*!40101 SET character_set_client = @saved_cs_client */;

--
-- Dumping data for table `configuracion_enlacesdetourmodel`
--

LOCK TABLES `configuracion_enlacesdetourmodel` WRITE;
/*!40000 ALTER TABLE `configuracion_enlacesdetourmodel` DISABLE KEYS */;
INSERT INTO `configuracion_enlacesdetourmodel` VALUES (1,'https://detour.cundinamarca.gov.co/#/search?marker_type=2','https://detour.cundinamarca.gov.co/#/search?marker_type=3','https://detour.cundinamarca.gov.co/#/search?marker_type=1','https://detour.cundinamarca.gov.co/#/search?marker_type=4','https://detour.cundinamarca.gov.co/#/search?marker_type=5','https://detour.cundinamarca.gov.co/#/search?','https://detour.cundinamarca.gov.co/#/cities',1);
/*!40000 ALTER TABLE `configuracion_enlacesdetourmodel` ENABLE KEYS */;
UNLOCK TABLES;

--
-- Table structure for table `configuracion_galeriaprincipal`
--

DROP TABLE IF EXISTS `configuracion_galeriaprincipal`;
/*!40101 SET @saved_cs_client     = @@character_set_client */;
/*!50503 SET character_set_client = utf8mb4 */;
CREATE TABLE `configuracion_galeriaprincipal` (
  `id` int(11) NOT NULL AUTO_INCREMENT,
  `fecha_creacion` datetime(6) NOT NULL,
  `fecha_actualizacion` datetime(6) NOT NULL,
  `nombre` varchar(100) NOT NULL,
  `imagen` varchar(100) NOT NULL,
  `order` smallint(5) unsigned NOT NULL,
  `actualizador_id` int(11) DEFAULT NULL,
  `creador_id` int(11) NOT NULL,
  PRIMARY KEY (`id`),
  KEY `configuracion_galeri_actualizador_id_31670207_fk_auth_user` (`actualizador_id`),
  KEY `configuracion_galeri_creador_id_b5fd14df_fk_auth_user` (`creador_id`),
  CONSTRAINT `configuracion_galeri_actualizador_id_31670207_fk_auth_user` FOREIGN KEY (`actualizador_id`) REFERENCES `auth_user` (`id`),
  CONSTRAINT `configuracion_galeri_creador_id_b5fd14df_fk_auth_user` FOREIGN KEY (`creador_id`) REFERENCES `auth_user` (`id`)
) ENGINE=InnoDB AUTO_INCREMENT=8 DEFAULT CHARSET=utf8;
/*!40101 SET character_set_client = @saved_cs_client */;

--
-- Dumping data for table `configuracion_galeriaprincipal`
--

LOCK TABLES `configuracion_galeriaprincipal` WRITE;
/*!40000 ALTER TABLE `configuracion_galeriaprincipal` DISABLE KEYS */;
INSERT INTO `configuracion_galeriaprincipal` VALUES (1,'2019-04-16 14:48:05.640000','2019-11-07 19:14:51.614316','Colibrí de los altos','index/galeria_principal/San_Francisco_2_1RNOUva.jpg',1,1,1),(2,'2019-04-17 01:41:33.351000','2019-11-07 19:14:56.570283','Orquídeas','index/galeria_principal/orquideas_AIHlE0t.jfif',2,1,1),(3,'2019-05-07 22:48:31.177000','2019-11-07 19:15:02.597186','Monumento','index/galeria_principal/ZIPA_TISQUESUSA_an1FWeg.jfif',3,1,1),(4,'2019-05-07 22:49:13.730000','2019-11-07 19:15:07.996698','Oso de anteojos','index/galeria_principal/oso_de_anteojos_1vHUVHc.jpg',4,1,1),(5,'2019-05-07 22:49:49.184000','2019-11-07 19:15:13.363223','Bromelias','index/galeria_principal/bromelias_0dtOvXu.jfif',5,1,1),(6,'2019-05-07 22:50:10.860000','2019-11-07 19:15:20.637322','Frailejones','index/galeria_principal/freilejones_LEKcavR.jfif',6,1,1),(7,'2019-05-07 22:51:54.575000','2019-11-07 19:15:25.188778','La pola','index/galeria_principal/monumento_la_pola.jfif',7,1,1);
/*!40000 ALTER TABLE `configuracion_galeriaprincipal` ENABLE KEYS */;
UNLOCK TABLES;

--
-- Table structure for table `configuracion_galeriaprincipalidioma`
--

DROP TABLE IF EXISTS `configuracion_galeriaprincipalidioma`;
/*!40101 SET @saved_cs_client     = @@character_set_client */;
/*!50503 SET character_set_client = utf8mb4 */;
CREATE TABLE `configuracion_galeriaprincipalidioma` (
  `id` int(11) NOT NULL AUTO_INCREMENT,
  `nombre` varchar(100) NOT NULL,
  `galeria_principal_id` int(11) NOT NULL,
  `lenguaje_id` int(11) NOT NULL,
  PRIMARY KEY (`id`),
  UNIQUE KEY `configuracion_galeriapri_lenguaje_id_galeria_prin_56ebf7d2_uniq` (`lenguaje_id`,`galeria_principal_id`),
  KEY `configuracion_galeri_galeria_principal_id_7ed0b2ad_fk_configura` (`galeria_principal_id`),
  CONSTRAINT `configuracion_galeri_galeria_principal_id_7ed0b2ad_fk_configura` FOREIGN KEY (`galeria_principal_id`) REFERENCES `configuracion_galeriaprincipal` (`id`),
  CONSTRAINT `configuracion_galeri_lenguaje_id_6ab1ddf0_fk_ubicacion` FOREIGN KEY (`lenguaje_id`) REFERENCES `ubicaciones_lenguaje` (`id`)
) ENGINE=InnoDB AUTO_INCREMENT=15 DEFAULT CHARSET=utf8;
/*!40101 SET character_set_client = @saved_cs_client */;

--
-- Dumping data for table `configuracion_galeriaprincipalidioma`
--

LOCK TABLES `configuracion_galeriaprincipalidioma` WRITE;
/*!40000 ALTER TABLE `configuracion_galeriaprincipalidioma` DISABLE KEYS */;
INSERT INTO `configuracion_galeriaprincipalidioma` VALUES (1,'Colibrí de los altos',1,1),(2,'Orquídeas',2,1),(3,'Orchids',2,2),(4,'Zipa Tisquesusa',3,1),(5,'Zipa Tisquesusa',3,2),(6,'Oso de anteojos',4,1),(7,'Spectacled bear',4,2),(8,'Bromelias',5,1),(9,'Bromeliads',5,2),(10,'Frailejones',6,1),(11,'Frailejones',6,2),(12,'Policarpa Salavarrieta',7,1),(13,'Policarpa Salavarrieta',7,2),(14,'Hummingbird',1,2);
/*!40000 ALTER TABLE `configuracion_galeriaprincipalidioma` ENABLE KEYS */;
UNLOCK TABLES;

--
-- Table structure for table `configuracion_paginainicio`
--

DROP TABLE IF EXISTS `configuracion_paginainicio`;
/*!40101 SET @saved_cs_client     = @@character_set_client */;
/*!50503 SET character_set_client = utf8mb4 */;
CREATE TABLE `configuracion_paginainicio` (
  `id` int(11) NOT NULL AUTO_INCREMENT,
  `fecha_creacion` datetime(6) NOT NULL,
  `fecha_actualizacion` datetime(6) NOT NULL,
  `nombre_sitio` varchar(200) NOT NULL,
  `logo_sitio` varchar(100) NOT NULL,
  `icono_clima` varchar(100) NOT NULL,
  `actualizador_id` int(11) DEFAULT NULL,
  `creador_id` int(11) NOT NULL,
  PRIMARY KEY (`id`),
  KEY `configuracion_pagina_actualizador_id_fe0a1b9b_fk_auth_user` (`actualizador_id`),
  KEY `configuracion_paginainicio_creador_id_f6553771_fk_auth_user_id` (`creador_id`),
  CONSTRAINT `configuracion_pagina_actualizador_id_fe0a1b9b_fk_auth_user` FOREIGN KEY (`actualizador_id`) REFERENCES `auth_user` (`id`),
  CONSTRAINT `configuracion_paginainicio_creador_id_f6553771_fk_auth_user_id` FOREIGN KEY (`creador_id`) REFERENCES `auth_user` (`id`)
) ENGINE=InnoDB AUTO_INCREMENT=2 DEFAULT CHARSET=utf8;
/*!40101 SET character_set_client = @saved_cs_client */;

--
-- Dumping data for table `configuracion_paginainicio`
--

LOCK TABLES `configuracion_paginainicio` WRITE;
/*!40000 ALTER TABLE `configuracion_paginainicio` DISABLE KEYS */;
INSERT INTO `configuracion_paginainicio` VALUES (1,'2019-04-16 14:38:32.880000','2019-11-25 16:43:31.062497','SITUR Cundinamarca','index/pagina_inicio/situr_s2tzlyn.png','index/pagina_inicio/icono_clima/icono-clima-15.png',1,1);
/*!40000 ALTER TABLE `configuracion_paginainicio` ENABLE KEYS */;
UNLOCK TABLES;

--
-- Table structure for table `configuracion_paginainicioidioma`
--

DROP TABLE IF EXISTS `configuracion_paginainicioidioma`;
/*!40101 SET @saved_cs_client     = @@character_set_client */;
/*!50503 SET character_set_client = utf8mb4 */;
CREATE TABLE `configuracion_paginainicioidioma` (
  `id` int(11) NOT NULL AUTO_INCREMENT,
  `titulo_descripcion` varchar(200) NOT NULL,
  `descripcion_proyecto` longtext NOT NULL,
  `titulo_seccion_indicador` varchar(200) NOT NULL,
  `titulo_seccion_recomendaciones` varchar(200) NOT NULL,
  `subtitulo_seccion_recomendaciones` varchar(200) NOT NULL,
  `titulo_seccion` varchar(200) NOT NULL,
  `titulo_seccion_noticias` varchar(200) NOT NULL,
  `etiqueta_boton` varchar(150) NOT NULL,
  `pie_pagina` longtext NOT NULL,
  `archivo_terminos_condiciones` varchar(100) NOT NULL,
  `lenguaje_id` int(11) NOT NULL,
  `pagina_inicio_id` int(11) NOT NULL,
  PRIMARY KEY (`id`),
  UNIQUE KEY `configuracion_paginainic_lenguaje_id_pagina_inici_f55afb20_uniq` (`lenguaje_id`,`pagina_inicio_id`),
  KEY `configuracion_pagina_pagina_inicio_id_e8752e54_fk_configura` (`pagina_inicio_id`),
  CONSTRAINT `configuracion_pagina_lenguaje_id_94714c87_fk_ubicacion` FOREIGN KEY (`lenguaje_id`) REFERENCES `ubicaciones_lenguaje` (`id`),
  CONSTRAINT `configuracion_pagina_pagina_inicio_id_e8752e54_fk_configura` FOREIGN KEY (`pagina_inicio_id`) REFERENCES `configuracion_paginainicio` (`id`)
) ENGINE=InnoDB AUTO_INCREMENT=3 DEFAULT CHARSET=utf8;
/*!40101 SET character_set_client = @saved_cs_client */;

--
-- Dumping data for table `configuracion_paginainicioidioma`
--

LOCK TABLES `configuracion_paginainicioidioma` WRITE;
/*!40000 ALTER TABLE `configuracion_paginainicioidioma` DISABLE KEYS */;
INSERT INTO `configuracion_paginainicioidioma` VALUES (1,'SITUR Cundinamarca','<p>SITUR Cundinamarca, tiene como objetivo recopilar, clasificar, analizar e implementar informaci&oacute;n en el sector de turismo del departamento de manera que sirva de herramienta para la toma de decisiones estrat&eacute;gicas y gerenciales encaminadas a formular e impulsar nuevos proyectos tur&iacute;sticos a nive local, regional, y departamental, aumentando indicadores de empleo formal, y haciendo visibles sitios de inter&eacute;s tur&iacute;stico del departamento.</p>','Nuestros indicadores del sector turismo','¡VISÍTA CUNDINAMARCA!','Te recomendamos estos lugares','Sorpréndete en Cundinamarca','Últimas noticias','Ver todas','<p style=\"text-align:center\"><strong>Instituto de cultura y turismo de Cundinamarca&nbsp;</strong><br />\r\nGobernacion de Cundinamarca, Sede Administrativa<br />\r\nCalle 26 N&deg; 51 - 53 Torre Beneficiencia Piso 5 - IDECUT<br />\r\ncontactoidecut@cundinamarca.gov.co<br />\r\nnotijudicialesidecut@cundinamarca.gov.co<br />\r\nTurismodecundinamarca@gmail.com<br />\r\nHorario: Lunes a Viernes 8:30 am - 4:00 pm<br />\r\n<strong>Enlaces de inter&eacute;s</strong><br />\r\n<a class=\"t-white-book\" href=\"http://www.citur.gov.co/\">Centro de Informaci&oacute;n Tur&iacute;stica de Colombia CITUR</a><br />\r\n<a class=\"t-white-book\" href=\"http://www.mincit.gov.co/\" name=\"http://www.mincit.gov.co/\">Ministerio de Comercio, Industria y Turismo de Colombia</a><br />\r\n<a class=\"t-white-book\" href=\"http://www.cundinamarca.gov.co/\" name=\"http://www.cundinamarca.gov.co/\">Gobernaci&oacute;n de Cundinamarca</a><br />\r\n<a class=\"t-white-book\" href=\"http://google.com\">Politicas de privacidad y uso</a></p>','1',1,1),(2,'SITUR Cundinamarca','<p>SITUR Cundinamarca, aims to collect, classify, analyze and implement information in the tourism sector of the department so that it serves as a tool for strategic and managerial decision making aimed at formulating and promoting new tourism projects at local, regional, and Departmental, increasing indicators of formal employment, and making visible tourist sites of the department.</p>','Our indicators of the tourism sector','VISIT CUNDINAMARCA!','We recommend these places','Surprise yourself in Cundinamarca','Last News','Read more','<p style=\"text-align:center\"><strong>Institute of culture and tourism of Cundinamarca</strong><br />\r\nAddress: Street 26 No 51-53 Bogot&aacute; - Colombia<br />\r\ncontactenos@cundinamarca.gov.co<br />\r\nHours: Monday to Friday 8:30 a.m. - 4:00 p.m.<br />\r\n<strong>Links of interest</strong><br />\r\nTourist Information Center of Colombia CITUR<br />\r\nMinistry of Commerce, Industry and Tourism of Colombia<br />\r\nGovernorate of Cundinamarca</p>','1',2,1);
/*!40000 ALTER TABLE `configuracion_paginainicioidioma` ENABLE KEYS */;
UNLOCK TABLES;

--
-- Table structure for table `configuracion_paginaprincipalbannerdetour`
--

DROP TABLE IF EXISTS `configuracion_paginaprincipalbannerdetour`;
/*!40101 SET @saved_cs_client     = @@character_set_client */;
/*!50503 SET character_set_client = utf8mb4 */;
CREATE TABLE `configuracion_paginaprincipalbannerdetour` (
  `id` int(11) NOT NULL AUTO_INCREMENT,
  `background` varchar(100) NOT NULL,
  `titulo_banner` varchar(200) NOT NULL,
  `contenido_banner` longtext NOT NULL,
  `etiqueta_boton` varchar(150) NOT NULL,
  `imagen_banner` varchar(100) NOT NULL,
  `enlace` varchar(200) NOT NULL,
  `pagina_principal_idioma_id` int(11) NOT NULL,
  PRIMARY KEY (`id`),
  KEY `configuracion_pagina_pagina_principal_idi_4e0dddb5_fk_configura` (`pagina_principal_idioma_id`),
  CONSTRAINT `configuracion_pagina_pagina_principal_idi_4e0dddb5_fk_configura` FOREIGN KEY (`pagina_principal_idioma_id`) REFERENCES `configuracion_paginainicioidioma` (`id`)
) ENGINE=InnoDB AUTO_INCREMENT=7 DEFAULT CHARSET=utf8;
/*!40101 SET character_set_client = @saved_cs_client */;

--
-- Dumping data for table `configuracion_paginaprincipalbannerdetour`
--

LOCK TABLES `configuracion_paginaprincipalbannerdetour` WRITE;
/*!40000 ALTER TABLE `configuracion_paginaprincipalbannerdetour` DISABLE KEYS */;
INSERT INTO `configuracion_paginaprincipalbannerdetour` VALUES (1,'double','DESCUBRE LUGARES INCREÍBLES','<p>Ingresa a&nbsp;<br />\r\n<strong><a class=\"t-white\" href=\"http://detour.cundinamarca.gov.co\"><span style=\"color:null\"><span style=\"background-color:null\">detour.cundinamarca.gov.co</span></span></a></strong></p>\r\n\r\n<p>Podr&aacute;s encontrar mapas georreferenciados con b&uacute;squedas especializadas y contenidos de realidad virtual y aumentada.</p>','Visítar ahora','index/banners/bg-detour-1.png','https://detour.cundinamarca.gov.co/#/search',1),(2,'light','RECIBE ACTUALIZACIONES PERSONALIZADAS','<p>Ingresa a&nbsp;<br />\r\n<strong><a class=\"t-black\" href=\"http://detour.cundinamarca.gov.co\"><span style=\"color:null\"><span style=\"background-color:null\">detour.cundinamarca.gov.co</span></span></a></strong></p>\r\n\r\n<p>Podr&aacute;s suscribirte a tus temas favoritos y recibir&aacute;s notificaciones de acuerdo a tus intereses.</p>','Visitar ahora','index/banners/bg-banner-detour-2.png','https://detour.cundinamarca.gov.co/#/login',1),(3,'blue','ENTÉRATE QUÉ ESTÁN OPINANDO','<p>Ingresa a&nbsp;<br />\r\n<strong><a class=\"t-white\" href=\"http://detour.cundinamarca.gov.co\"><span style=\"color:null\"><span style=\"background-color:null\">detour.cundinamarca.gov.co</span></span></a></strong></p>\r\n\r\n<p>Podr&aacute;s conocer opiniones y vivencias de viajeros que han recorrido Cundinamarca.</p>','Visitar ahora','index/banners/bg-banner-detour-3.png','https://detour.cundinamarca.gov.co/#/topten/municipios',1),(4,'double','DISCOVER INCREDIBLE PLACES','<p>Enter to<br />\r\n<strong><a class=\"t-white\" href=\"http://detour.cundinamarca.gov.co\">detour.cundinamarca.gov.co</a></strong></p>\r\n\r\n<p>You can find georeferenced maps with specialized searches and virtual and augmented reality contents.</p>','Visit now','index/banners/bg-banner-detour-1.png','https://detour.cundinamarca.gov.co/#/search',2),(5,'light','RECEIVE PERSONALIZED UPDATES','<p>Enter to<br />\r\n<strong><a class=\"t-black\" href=\"http://detour.cundinamarca.gov.co\">detour.cundinamarca.gov.co</a></strong></p>\r\n\r\n<p>You can subscribe to your favorite topics and receive notifications according to your interests.</p>','Visit now','index/banners/bg-banner-detour-2_MRnziQ6.png','https://detour.cundinamarca.gov.co/#/login',2),(6,'blue','FIND OUT WHAT YOU ARE OPINIONING','<p>Enter to<br />\r\n<strong><a class=\"t-white\" href=\"http://detour.cundinamarca.gov.co\">detour.cundinamarca.gov.co</a></strong></p>\r\n\r\n<p>You can get opinions and experiences of travelers who have traveled to Cundinamarca.</p>','Visit now','index/banners/bg-banner-detour-3_Oi1LcQ8.png','https://detour.cundinamarca.gov.co/#/topten/municipios',2);
/*!40000 ALTER TABLE `configuracion_paginaprincipalbannerdetour` ENABLE KEYS */;
UNLOCK TABLES;

--
-- Table structure for table `configuracion_paginaprincipalenlacesinstitucionales`
--

DROP TABLE IF EXISTS `configuracion_paginaprincipalenlacesinstitucionales`;
/*!40101 SET @saved_cs_client     = @@character_set_client */;
/*!50503 SET character_set_client = utf8mb4 */;
CREATE TABLE `configuracion_paginaprincipalenlacesinstitucionales` (
  `id` int(11) NOT NULL AUTO_INCREMENT,
  `activo` tinyint(1) NOT NULL,
  `imagen` varchar(100) NOT NULL,
  `enlace` varchar(200) NOT NULL,
  `pagina_inicio_id` int(11) NOT NULL,
  PRIMARY KEY (`id`),
  KEY `configuracion_pagina_pagina_inicio_id_9f223b04_fk_configura` (`pagina_inicio_id`),
  CONSTRAINT `configuracion_pagina_pagina_inicio_id_9f223b04_fk_configura` FOREIGN KEY (`pagina_inicio_id`) REFERENCES `configuracion_paginainicio` (`id`)
) ENGINE=InnoDB AUTO_INCREMENT=17 DEFAULT CHARSET=utf8;
/*!40101 SET character_set_client = @saved_cs_client */;

--
-- Dumping data for table `configuracion_paginaprincipalenlacesinstitucionales`
--

LOCK TABLES `configuracion_paginaprincipalenlacesinstitucionales` WRITE;
/*!40000 ALTER TABLE `configuracion_paginaprincipalenlacesinstitucionales` DISABLE KEYS */;
INSERT INTO `configuracion_paginaprincipalenlacesinstitucionales` VALUES (1,1,'index/patrocinadores/Logo_Mincultura_02.png','http://www.mincultura.gov.co/',1),(2,1,'index/patrocinadores/Logo_Mincomercio-02.png','http://www.mincit.gov.co/',1),(4,1,'index/patrocinadores/Logo_BibNacional.png','http://bibliotecanacional.gov.co/es-co',1),(6,1,'index/patrocinadores/Logo_Fontur.png','https://www.colombia.co/',1),(8,1,'index/patrocinadores/Logo_Contraloria.png','https://www.contraloria.gov.co/',1),(9,1,'index/patrocinadores/Logo_ESCNNA.png','http://escnna.mincit.gov.co/',1),(11,1,'index/patrocinadores/Logo_MiPG.png','http://www.funcionpublica.gov.co/web/mipg',1),(12,1,'index/patrocinadores/Logo_ParquesNales_02.png','http://www.parquesnacionales.gov.co/portal/es/',1),(13,1,'index/patrocinadores/Logo_Presidencia.png','https://id.presidencia.gov.co/',1),(14,1,'index/patrocinadores/Logo_Procuraduria.png','https://www.procuraduria.gov.co/',1),(16,1,'index/patrocinadores/Logo_GobCun_5pMQdsi.png','http://www.cundinamarca.gov.co/',1);
/*!40000 ALTER TABLE `configuracion_paginaprincipalenlacesinstitucionales` ENABLE KEYS */;
UNLOCK TABLES;

--
-- Table structure for table `configuracion_redessociales`
--

DROP TABLE IF EXISTS `configuracion_redessociales`;
/*!40101 SET @saved_cs_client     = @@character_set_client */;
/*!50503 SET character_set_client = utf8mb4 */;
CREATE TABLE `configuracion_redessociales` (
  `id` int(11) NOT NULL AUTO_INCREMENT,
  `activo` tinyint(1) NOT NULL,
  `nombre` varchar(200) NOT NULL,
  `enlace` varchar(200) NOT NULL,
  `icono` varchar(100) DEFAULT NULL,
  `icono_css` varchar(200) DEFAULT NULL,
  `pagina_inicio_id` int(11) NOT NULL,
  PRIMARY KEY (`id`),
  UNIQUE KEY `nombre` (`nombre`),
  KEY `configuracion_redess_pagina_inicio_id_08207a20_fk_configura` (`pagina_inicio_id`),
  CONSTRAINT `configuracion_redess_pagina_inicio_id_08207a20_fk_configura` FOREIGN KEY (`pagina_inicio_id`) REFERENCES `configuracion_paginainicio` (`id`)
) ENGINE=InnoDB AUTO_INCREMENT=3 DEFAULT CHARSET=utf8;
/*!40101 SET character_set_client = @saved_cs_client */;

--
-- Dumping data for table `configuracion_redessociales`
--

LOCK TABLES `configuracion_redessociales` WRITE;
/*!40000 ALTER TABLE `configuracion_redessociales` DISABLE KEYS */;
INSERT INTO `configuracion_redessociales` VALUES (1,1,'Facebook','https://www.facebook.com/IDECUT/?fref=ts','index/red_social/Fa-icon.png','fa fa-facebook-official',1),(2,1,'instagram','https://www.instagram.com/?hl=es-la','index/red_social/insta.png','fa fa-instagram',1);
/*!40000 ALTER TABLE `configuracion_redessociales` ENABLE KEYS */;
UNLOCK TABLES;

--
-- Table structure for table `configuracion_sliderprincipal`
--

DROP TABLE IF EXISTS `configuracion_sliderprincipal`;
/*!40101 SET @saved_cs_client     = @@character_set_client */;
/*!50503 SET character_set_client = utf8mb4 */;
CREATE TABLE `configuracion_sliderprincipal` (
  `id` int(11) NOT NULL AUTO_INCREMENT,
  `fecha_creacion` datetime(6) NOT NULL,
  `fecha_actualizacion` datetime(6) NOT NULL,
  `tipo_turismo` varchar(200) NOT NULL,
  `imagen` varchar(100) NOT NULL,
  `order` smallint(5) unsigned NOT NULL,
  `actualizador_id` int(11) DEFAULT NULL,
  `creador_id` int(11) NOT NULL,
  `municipio_id` int(10) unsigned NOT NULL,
  PRIMARY KEY (`id`),
  KEY `configuracion_slider_actualizador_id_493942ac_fk_auth_user` (`actualizador_id`),
  KEY `configuracion_slider_creador_id_24807db5_fk_auth_user` (`creador_id`),
  KEY `configuracion_slider_municipio_id_a82ad749_fk_ubicacion` (`municipio_id`),
  CONSTRAINT `configuracion_slider_actualizador_id_493942ac_fk_auth_user` FOREIGN KEY (`actualizador_id`) REFERENCES `auth_user` (`id`),
  CONSTRAINT `configuracion_slider_creador_id_24807db5_fk_auth_user` FOREIGN KEY (`creador_id`) REFERENCES `auth_user` (`id`),
  CONSTRAINT `configuracion_slider_municipio_id_a82ad749_fk_ubicacion` FOREIGN KEY (`municipio_id`) REFERENCES `ubicaciones_municipio` (`codigo`)
) ENGINE=InnoDB AUTO_INCREMENT=7 DEFAULT CHARSET=utf8;
/*!40101 SET character_set_client = @saved_cs_client */;

--
-- Dumping data for table `configuracion_sliderprincipal`
--

LOCK TABLES `configuracion_sliderprincipal` WRITE;
/*!40000 ALTER TABLE `configuracion_sliderprincipal` DISABLE KEYS */;
INSERT INTO `configuracion_sliderprincipal` VALUES (1,'2019-04-16 14:36:12.657000','2019-11-07 18:01:28.157547','Basilica menor','index/slider/religioso_-_ubate_Y4MFrqh_WxfjGnk.jpg',1,1,1,25843000),(4,'2019-05-07 21:36:49.482000','2019-11-07 19:04:47.976050','Rafting','index/slider/aventura_-_guaduas_S1ZWAiQ_LaSNggW.jpg',4,1,1,25320000),(5,'2019-05-07 21:38:50.573000','2019-11-07 19:04:53.563329','Arepas de maiz','index/slider/gastronomico_-_sibate_bzbLXgv.jfif',5,1,1,25740000),(6,'2019-05-07 21:41:51.721000','2019-11-07 19:04:58.932364','Paisaje','index/slider/paisajistico_-_carmen_de_carupa_e4Ex1mc.jfif',6,1,1,25154000);
/*!40000 ALTER TABLE `configuracion_sliderprincipal` ENABLE KEYS */;
UNLOCK TABLES;

--
-- Table structure for table `configuracion_sliderprincipalidioma`
--

DROP TABLE IF EXISTS `configuracion_sliderprincipalidioma`;
/*!40101 SET @saved_cs_client     = @@character_set_client */;
/*!50503 SET character_set_client = utf8mb4 */;
CREATE TABLE `configuracion_sliderprincipalidioma` (
  `id` int(11) NOT NULL AUTO_INCREMENT,
  `tipo_turismo` varchar(200) NOT NULL,
  `lenguaje_id` int(11) NOT NULL,
  `slider_principal_id` int(11) NOT NULL,
  PRIMARY KEY (`id`),
  UNIQUE KEY `configuracion_sliderprin_lenguaje_id_slider_princ_5995b334_uniq` (`lenguaje_id`,`slider_principal_id`),
  KEY `configuracion_slider_slider_principal_id_340ddf57_fk_configura` (`slider_principal_id`),
  CONSTRAINT `configuracion_slider_lenguaje_id_7ff01177_fk_ubicacion` FOREIGN KEY (`lenguaje_id`) REFERENCES `ubicaciones_lenguaje` (`id`),
  CONSTRAINT `configuracion_slider_slider_principal_id_340ddf57_fk_configura` FOREIGN KEY (`slider_principal_id`) REFERENCES `configuracion_sliderprincipal` (`id`)
) ENGINE=InnoDB AUTO_INCREMENT=12 DEFAULT CHARSET=utf8;
/*!40101 SET character_set_client = @saved_cs_client */;

--
-- Dumping data for table `configuracion_sliderprincipalidioma`
--

LOCK TABLES `configuracion_sliderprincipalidioma` WRITE;
/*!40000 ALTER TABLE `configuracion_sliderprincipalidioma` DISABLE KEYS */;
INSERT INTO `configuracion_sliderprincipalidioma` VALUES (1,'Turismo religioso',1,1),(4,'Turismo de aventura',1,4),(5,'Adventure tourism',2,4),(6,'Religious tourism',2,1),(8,'Turismo gastronómico',1,5),(9,'Gastronomic tourism',2,5),(10,'Turismo Paisajístico',1,6),(11,'Landscape Tourism',2,6);
/*!40000 ALTER TABLE `configuracion_sliderprincipalidioma` ENABLE KEYS */;
UNLOCK TABLES;

--
-- Table structure for table `contenidos_categoriagaleria`
--

DROP TABLE IF EXISTS `contenidos_categoriagaleria`;
/*!40101 SET @saved_cs_client     = @@character_set_client */;
/*!50503 SET character_set_client = utf8mb4 */;
CREATE TABLE `contenidos_categoriagaleria` (
  `id` int(11) NOT NULL AUTO_INCREMENT,
  `fecha_creacion` datetime(6) NOT NULL,
  `fecha_actualizacion` datetime(6) NOT NULL,
  `activo` tinyint(1) NOT NULL,
  `nombre_categoria` varchar(200) NOT NULL,
  `actualizador_id` int(11) DEFAULT NULL,
  `creador_id` int(11) NOT NULL,
  PRIMARY KEY (`id`),
  KEY `contenidos_categoria_actualizador_id_d182db24_fk_auth_user` (`actualizador_id`),
  KEY `contenidos_categoriagaleria_creador_id_91a5ae75_fk_auth_user_id` (`creador_id`),
  CONSTRAINT `contenidos_categoria_actualizador_id_d182db24_fk_auth_user` FOREIGN KEY (`actualizador_id`) REFERENCES `auth_user` (`id`),
  CONSTRAINT `contenidos_categoriagaleria_creador_id_91a5ae75_fk_auth_user_id` FOREIGN KEY (`creador_id`) REFERENCES `auth_user` (`id`)
) ENGINE=InnoDB AUTO_INCREMENT=6 DEFAULT CHARSET=utf8;
/*!40101 SET character_set_client = @saved_cs_client */;

--
-- Dumping data for table `contenidos_categoriagaleria`
--

LOCK TABLES `contenidos_categoriagaleria` WRITE;
/*!40000 ALTER TABLE `contenidos_categoriagaleria` DISABLE KEYS */;
INSERT INTO `contenidos_categoriagaleria` VALUES (1,'2019-04-16 14:55:56.647000','2019-05-09 14:18:05.595000',1,'Aventura',1,1),(2,'2019-04-16 14:58:21.191000','2019-05-09 14:17:56.480000',1,'Arqueológico',1,1),(3,'2019-05-08 16:47:26.299000','2019-05-08 16:47:26.299000',1,'Ecoturísmo',NULL,1),(4,'2019-05-08 16:47:53.502000','2019-05-08 16:48:07.604000',1,'Paisajístico',1,1),(5,'2019-05-08 16:48:32.946000','2019-05-08 16:48:32.946000',1,'Religioso',NULL,1);
/*!40000 ALTER TABLE `contenidos_categoriagaleria` ENABLE KEYS */;
UNLOCK TABLES;

--
-- Table structure for table `contenidos_categoriagaleriaidioma`
--

DROP TABLE IF EXISTS `contenidos_categoriagaleriaidioma`;
/*!40101 SET @saved_cs_client     = @@character_set_client */;
/*!50503 SET character_set_client = utf8mb4 */;
CREATE TABLE `contenidos_categoriagaleriaidioma` (
  `id` int(11) NOT NULL AUTO_INCREMENT,
  `nombre_categoria` varchar(200) NOT NULL,
  `categoria_galeria_id` int(11) NOT NULL,
  `lenguaje_id` int(11) NOT NULL,
  PRIMARY KEY (`id`),
  UNIQUE KEY `contenidos_categoriagale_lenguaje_id_categoria_ga_5a34b8a4_uniq` (`lenguaje_id`,`categoria_galeria_id`),
  KEY `contenidos_categoria_categoria_galeria_id_a0a86836_fk_contenido` (`categoria_galeria_id`),
  CONSTRAINT `contenidos_categoria_categoria_galeria_id_a0a86836_fk_contenido` FOREIGN KEY (`categoria_galeria_id`) REFERENCES `contenidos_categoriagaleria` (`id`),
  CONSTRAINT `contenidos_categoria_lenguaje_id_929249ab_fk_ubicacion` FOREIGN KEY (`lenguaje_id`) REFERENCES `ubicaciones_lenguaje` (`id`)
) ENGINE=InnoDB AUTO_INCREMENT=11 DEFAULT CHARSET=utf8;
/*!40101 SET character_set_client = @saved_cs_client */;

--
-- Dumping data for table `contenidos_categoriagaleriaidioma`
--

LOCK TABLES `contenidos_categoriagaleriaidioma` WRITE;
/*!40000 ALTER TABLE `contenidos_categoriagaleriaidioma` DISABLE KEYS */;
INSERT INTO `contenidos_categoriagaleriaidioma` VALUES (1,'Aventura',1,1),(2,'Arqueológico',2,1),(3,'Ecoturísmo',3,1),(4,'Ecotourism',3,2),(5,'Paisajístico',4,1),(6,'Landscaping',4,2),(7,'Religioso',5,1),(8,'Religious',5,2),(9,'Archaeological',2,2),(10,'Adventure',1,2);
/*!40000 ALTER TABLE `contenidos_categoriagaleriaidioma` ENABLE KEYS */;
UNLOCK TABLES;

--
-- Table structure for table `contenidos_contacto`
--

DROP TABLE IF EXISTS `contenidos_contacto`;
/*!40101 SET @saved_cs_client     = @@character_set_client */;
/*!50503 SET character_set_client = utf8mb4 */;
CREATE TABLE `contenidos_contacto` (
  `id` int(11) NOT NULL AUTO_INCREMENT,
  `fecha_creacion` datetime(6) NOT NULL,
  `fecha_actualizacion` datetime(6) NOT NULL,
  `titulo_seccion_formulario` varchar(100) NOT NULL,
  `actualizador_id` int(11) DEFAULT NULL,
  `creador_id` int(11) NOT NULL,
  PRIMARY KEY (`id`),
  KEY `contenidos_contacto_actualizador_id_1ff3c3d3_fk_auth_user_id` (`actualizador_id`),
  KEY `contenidos_contacto_creador_id_d67b6b4f_fk_auth_user_id` (`creador_id`),
  CONSTRAINT `contenidos_contacto_actualizador_id_1ff3c3d3_fk_auth_user_id` FOREIGN KEY (`actualizador_id`) REFERENCES `auth_user` (`id`),
  CONSTRAINT `contenidos_contacto_creador_id_d67b6b4f_fk_auth_user_id` FOREIGN KEY (`creador_id`) REFERENCES `auth_user` (`id`)
) ENGINE=InnoDB AUTO_INCREMENT=2 DEFAULT CHARSET=utf8;
/*!40101 SET character_set_client = @saved_cs_client */;

--
-- Dumping data for table `contenidos_contacto`
--

LOCK TABLES `contenidos_contacto` WRITE;
/*!40000 ALTER TABLE `contenidos_contacto` DISABLE KEYS */;
INSERT INTO `contenidos_contacto` VALUES (1,'2019-04-16 15:14:44.002000','2019-07-23 16:36:09.406096','Contacto',1,1);
/*!40000 ALTER TABLE `contenidos_contacto` ENABLE KEYS */;
UNLOCK TABLES;

--
-- Table structure for table `contenidos_contactoenlaceinstitucional`
--

DROP TABLE IF EXISTS `contenidos_contactoenlaceinstitucional`;
/*!40101 SET @saved_cs_client     = @@character_set_client */;
/*!50503 SET character_set_client = utf8mb4 */;
CREATE TABLE `contenidos_contactoenlaceinstitucional` (
  `id` int(11) NOT NULL AUTO_INCREMENT,
  `activo` tinyint(1) NOT NULL,
  `imagen` varchar(100) NOT NULL,
  `enlace` varchar(200) NOT NULL,
  `order` int(10) unsigned NOT NULL,
  `contacto_id` int(11) NOT NULL,
  PRIMARY KEY (`id`),
  KEY `contenidos_contactoe_contacto_id_9302b035_fk_contenido` (`contacto_id`),
  CONSTRAINT `contenidos_contactoe_contacto_id_9302b035_fk_contenido` FOREIGN KEY (`contacto_id`) REFERENCES `contenidos_contacto` (`id`)
) ENGINE=InnoDB AUTO_INCREMENT=7 DEFAULT CHARSET=utf8;
/*!40101 SET character_set_client = @saved_cs_client */;

--
-- Dumping data for table `contenidos_contactoenlaceinstitucional`
--

LOCK TABLES `contenidos_contactoenlaceinstitucional` WRITE;
/*!40000 ALTER TABLE `contenidos_contactoenlaceinstitucional` DISABLE KEYS */;
INSERT INTO `contenidos_contactoenlaceinstitucional` VALUES (4,1,'index/enlace_institucional/logo_index-1_0nxz9fa_cau4hx8.png','http://www.idecut.co',2,1),(5,1,'index/enlace_institucional/logo_index-2_XYtN8FA.png','http://www.cundinamarca.gov.co/',3,1),(6,1,'index/enlace_institucional/logo_index-3_BZyhhHT_Sq9JbsZ.png','http://www.cundinamarca.gov.co/',1,1);
/*!40000 ALTER TABLE `contenidos_contactoenlaceinstitucional` ENABLE KEYS */;
UNLOCK TABLES;

--
-- Table structure for table `contenidos_contactoidioma`
--

DROP TABLE IF EXISTS `contenidos_contactoidioma`;
/*!40101 SET @saved_cs_client     = @@character_set_client */;
/*!50503 SET character_set_client = utf8mb4 */;
CREATE TABLE `contenidos_contactoidioma` (
  `id` int(11) NOT NULL AUTO_INCREMENT,
  `titulo_seccion_formulario` varchar(100) NOT NULL,
  `subtitulo_seccion_formulario` varchar(200) NOT NULL,
  `texto_nombre` varchar(150) NOT NULL,
  `texto_email` varchar(150) NOT NULL,
  `texto_asunto` varchar(150) NOT NULL,
  `texto_sugerencias` varchar(150) NOT NULL,
  `etiqueta_boton_enviar` varchar(150) NOT NULL,
  `titulo_seccion_lateral_inferior` varchar(100) NOT NULL,
  `contenido_seccion_lateral` longtext NOT NULL,
  `telefono` varchar(20) NOT NULL,
  `contacto_id` int(11) NOT NULL,
  `lenguaje_id` int(11) NOT NULL,
  PRIMARY KEY (`id`),
  UNIQUE KEY `contenidos_contactoidioma_lenguaje_id_contacto_id_54c12025_uniq` (`lenguaje_id`,`contacto_id`),
  KEY `contenidos_contactoi_contacto_id_9503e794_fk_contenido` (`contacto_id`),
  CONSTRAINT `contenidos_contactoi_contacto_id_9503e794_fk_contenido` FOREIGN KEY (`contacto_id`) REFERENCES `contenidos_contacto` (`id`),
  CONSTRAINT `contenidos_contactoi_lenguaje_id_53973180_fk_ubicacion` FOREIGN KEY (`lenguaje_id`) REFERENCES `ubicaciones_lenguaje` (`id`)
) ENGINE=InnoDB AUTO_INCREMENT=3 DEFAULT CHARSET=utf8;
/*!40101 SET character_set_client = @saved_cs_client */;

--
-- Dumping data for table `contenidos_contactoidioma`
--

LOCK TABLES `contenidos_contactoidioma` WRITE;
/*!40000 ALTER TABLE `contenidos_contactoidioma` DISABLE KEYS */;
INSERT INTO `contenidos_contactoidioma` VALUES (1,'COMUNÍCATE CON NOSOTROS','Envíanos tus peticiones, quejas, reclamos o denuncias, a traves del siguiente formulario','Nombre','Correo electrónico','Asunto','Sugerencias','Enviar','Datos de Contacto','<p><strong>Gobernaci&oacute;n de Cundinamarca, Sede Administrativa</strong></p>\r\n\r\n<p>Calle 26 No. 51-53., Torre Beneficencia Piso 5., Bogot&aacute;, D.C.</p>\r\n\r\n<p>Cundinamarca, Colombia</p>','(+57) (1) 7491 844',1,1),(2,'COMUNICATE WITH US','Send us your requests, complaints, claims or complaints, through the following form','Name','Email','Subject','Suggestions','Send','Contact information','<p><strong>Governorate of Cundinamarca, Administrative Headquarters</strong></p>\r\n\r\n<p>Street 26 No. 51-53., Beneficencia&nbsp;Tower&nbsp;5th Floor., Bogot&aacute;, D.C.</p>\r\n\r\n<p>Cundinamarca, Colombia</p>','(+57) 1 305 313 6807',1,2);
/*!40000 ALTER TABLE `contenidos_contactoidioma` ENABLE KEYS */;
UNLOCK TABLES;

--
-- Table structure for table `contenidos_ofertaturistica`
--

DROP TABLE IF EXISTS `contenidos_ofertaturistica`;
/*!40101 SET @saved_cs_client     = @@character_set_client */;
/*!50503 SET character_set_client = utf8mb4 */;
CREATE TABLE `contenidos_ofertaturistica` (
  `id` int(11) NOT NULL AUTO_INCREMENT,
  `fecha_creacion` datetime(6) NOT NULL,
  `fecha_actualizacion` datetime(6) NOT NULL,
  `logo` varchar(100) NOT NULL,
  `titulo_seccion` varchar(200) NOT NULL,
  `icono` varchar(100) NOT NULL,
  `slug` varchar(50) NOT NULL,
  `actualizador_id` int(11) DEFAULT NULL,
  `creador_id` int(11) NOT NULL,
  PRIMARY KEY (`id`),
  KEY `contenidos_ofertatur_actualizador_id_27aeeeaf_fk_auth_user` (`actualizador_id`),
  KEY `contenidos_ofertaturistica_creador_id_858ffc16_fk_auth_user_id` (`creador_id`),
  KEY `contenidos_ofertaturistica_slug_cec136cd` (`slug`),
  CONSTRAINT `contenidos_ofertatur_actualizador_id_27aeeeaf_fk_auth_user` FOREIGN KEY (`actualizador_id`) REFERENCES `auth_user` (`id`),
  CONSTRAINT `contenidos_ofertaturistica_creador_id_858ffc16_fk_auth_user_id` FOREIGN KEY (`creador_id`) REFERENCES `auth_user` (`id`)
) ENGINE=InnoDB AUTO_INCREMENT=7 DEFAULT CHARSET=utf8;
/*!40101 SET character_set_client = @saved_cs_client */;

--
-- Dumping data for table `contenidos_ofertaturistica`
--

LOCK TABLES `contenidos_ofertaturistica` WRITE;
/*!40000 ALTER TABLE `contenidos_ofertaturistica` DISABLE KEYS */;
INSERT INTO `contenidos_ofertaturistica` VALUES (1,'2019-04-16 15:12:50.978000','2019-08-16 15:10:54.469703','index/vive_cundinamarca/marca-cundinamarca_ysFxu2V.png','Rutas turísticas','index/oferta_turistica/Paisajes__37_09AqSgc.jpg','rutas-turisticas',1,1),(2,'2019-05-08 18:02:01.544000','2019-08-16 15:22:37.726274','index/vive_cundinamarca/logo_cundinamarca.png','Actividades sugeridas','index/oferta_turistica/Actividades_sugeridas_KOB78M1.jpg','actividades-sugeridas',1,1),(3,'2019-05-08 19:46:59.780000','2019-08-16 15:21:45.114719','index/vive_cundinamarca/logo_cundinamarca_UDXYqLz.png','Lugares de interés','index/oferta_turistica/Lugares_de_interes.jpg','lugares-de-interes',1,1),(4,'2019-05-08 21:05:46.606000','2019-08-16 15:21:00.470252','index/vive_cundinamarca/logo_cundinamarca_UDXYqLz_iJHNdvv.png','Prestadores de servicio','index/oferta_turistica/Prestadores_de_servicio_1.jpg','prestadores-de-servicio',1,1),(5,'2019-05-08 21:10:11.635000','2019-08-16 15:20:08.791988','index/vive_cundinamarca/logo_cundinamarca_UDXYqLz_l4kMHT5.png','Gastronomía','index/oferta_turistica/Gastronomia2_FtJ9hRi.jpg','gastronomia',1,1),(6,'2019-05-08 21:13:54.909000','2019-08-16 15:35:30.966248','index/vive_cundinamarca/logo_cundinamarca_UDXYqLz_VASSKqx.png','Eventos','index/oferta_turistica/Bojaca_2016-05-29_OHG_095.jpg','eventos',1,1);
/*!40000 ALTER TABLE `contenidos_ofertaturistica` ENABLE KEYS */;
UNLOCK TABLES;

--
-- Table structure for table `contenidos_ofertaturisticaidioma`
--

DROP TABLE IF EXISTS `contenidos_ofertaturisticaidioma`;
/*!40101 SET @saved_cs_client     = @@character_set_client */;
/*!50503 SET character_set_client = utf8mb4 */;
CREATE TABLE `contenidos_ofertaturisticaidioma` (
  `id` int(11) NOT NULL AUTO_INCREMENT,
  `titulo_seccion_rutas_turisticas` varchar(200) NOT NULL,
  `descripcion_seccion_rutas_turisticas` longtext NOT NULL,
  `texto_filtro_busqueda_tipicos` varchar(150) DEFAULT NULL,
  `etiqueta_boton_continua_busqueda` varchar(200) DEFAULT NULL,
  `contenido_busqueda` longtext,
  `input_busqueda` varchar(150) DEFAULT NULL,
  `etiqueta_boton_busqueda` varchar(150) DEFAULT NULL,
  `titulo_recomendaciones` varchar(150) DEFAULT NULL,
  `descripcion_seccion_inferior` longtext,
  `texto_titulo_resultados` longtext,
  `lenguaje_id` int(11) NOT NULL,
  `oferta_turistica_id` int(11) NOT NULL,
  PRIMARY KEY (`id`),
  UNIQUE KEY `contenidos_ofertaturisti_lenguaje_id_oferta_turis_1210ac36_uniq` (`lenguaje_id`,`oferta_turistica_id`),
  KEY `contenidos_ofertatur_oferta_turistica_id_5a42d211_fk_contenido` (`oferta_turistica_id`),
  CONSTRAINT `contenidos_ofertatur_lenguaje_id_9669b132_fk_ubicacion` FOREIGN KEY (`lenguaje_id`) REFERENCES `ubicaciones_lenguaje` (`id`),
  CONSTRAINT `contenidos_ofertatur_oferta_turistica_id_5a42d211_fk_contenido` FOREIGN KEY (`oferta_turistica_id`) REFERENCES `contenidos_ofertaturistica` (`id`)
) ENGINE=InnoDB AUTO_INCREMENT=13 DEFAULT CHARSET=utf8;
/*!40101 SET character_set_client = @saved_cs_client */;

--
-- Dumping data for table `contenidos_ofertaturisticaidioma`
--

LOCK TABLES `contenidos_ofertaturisticaidioma` WRITE;
/*!40000 ALTER TABLE `contenidos_ofertaturisticaidioma` DISABLE KEYS */;
INSERT INTO `contenidos_ofertaturisticaidioma` VALUES (1,'Rutas turísticas','<p>Una ruta tur&iacute;stica es el camino, v&iacute;a o recorrido destacado por sus&nbsp;atractivos y que permite el desarrollo del&nbsp;turismo. Sobresalen por sus caracter&iacute;sticas naturales, por estar rodeada de lugares de inter&eacute;s natural, religioso, cultural, entre otros que se consideran valiosos o por permitir el acceso a un patrimonio cultural o hist&oacute;rico de importancia. Buscando que los viajeros la recorran conocer los territorios.</p>\r\n\r\n<p>Teniendo en cuenta la potencialidad del territorio cundinamarqu&eacute;s, el Instituto Departamental de Cultura y Turismo &ndash; IDECUT, identific&oacute; algunas rutas que por su importancia en atractivos genera inter&eacute;s en el turista, algunas de ellas est&aacute;n en etapa de consolidaci&oacute;n y otras en exploraci&oacute;n y desarrollo.</p>',NULL,'VER MÁS DE ESTA RUTA','',NULL,NULL,NULL,'','',1,1),(2,'Tourist routes','<p>A tourist route is the road, route or route highlighted by its attractions and that allows the development of tourism. They stand out for their natural characteristics, for being surrounded by places of natural, religious, cultural interest, among others that are considered valuable or for allowing access to a cultural or historical heritage of importance. Looking for travelers they travel through the territories.</p>\r\n\r\n<p>Taking into account the potential of the Cundinamarquis territory, the Departmental Institute of Culture and Tourism - IDECUT, identified some routes that due to their importance in the generators of interest in tourists, some of them are in the consolidation stage and others in exploration and development.</p>',NULL,'MORE ABOUT THIS ROUTE','',NULL,NULL,NULL,'','',2,1),(3,'Actividades sugeridas','<p>Actividades realizadas al aire libre y/o deportes extremos.</p>',NULL,'VER MÁS ACTIVIDADES SUGERIDAS','<div class=\"text-center\">\r\n<h2>&iquest;Ya conoces tu destino?</h2>\r\n\r\n<p><strong>Cundinamarca cuenta con 116 municipios.</strong></p>\r\n\r\n<p>Puedes empezar tu b&uacute;squeda escribiendo el nombre del&nbsp;municipio o puedes ver una lista de todos los municipios en el boton de abajo.</p>\r\n</div>','Escribe el nombre del municipio','VER LISTA DE MUNICIPIOS','Te recomendamos visitar','<p>Contin&uacute;a tu b&uacute;squeda de las <strong>actividades sugeridas</strong>&nbsp;en Cundinamarca en un mapa georeferenciado</p>','<p>Hemos encontrado</p>',1,2),(4,'Lugares de interés','<p>Sitios reconocidos de alta afluencia publica que son representativos en el municipio.</p>',NULL,'VER MÁS LUGARES DE INTERÉS','<div class=\"text-center\">\r\n<h2>&iquest;Ya conoces tu destino?</h2>\r\n\r\n<p><strong>Cundinamarca cuenta con 116 municipios.</strong></p>\r\n\r\n<p>Puedes empezar tu b&uacute;squeda escribiendo el nombre del municipio o puedes ver una lista de todos los municipios en el boton de abajo.</p>\r\n</div>','Escribe el nombre del municipio','VER LISTA DE MUNICIPIOS','Te recomendamos visitar','<p>Contin&uacute;a tu b&uacute;squeda de&nbsp;<strong>lugares de inter&eacute;s</strong>&nbsp;en Cundinamarca en un mapa georeferenciado.</p>','<p>Hemos encontrado @1 resultados para <strong>Lugares de inter&eacute;s</strong> en @2</p>',1,3),(5,'Hotspots','<p>Recognized sites of high public influx that are representative in the municipality.</p>',NULL,'MORE HOTSPOTS','<div class=\"text-center\">\r\n<h2>Do you know your destiny?</h2>\r\n\r\n<p><strong>Cundinamarca has 116 towns.</strong></p>\r\n\r\n<p>You can start your search by typing the name of the town or you can see a list of all the towns in the button below.</p>\r\n</div>','Name of the town','LIST OF TOWNS','We recommend you visit','<p>Continue your search for <strong>hotspots</strong> in Cundinamarca on a georeferenced map<br />\r\n&nbsp;</p>','<p>We have found</p>',2,3),(6,'Suggested activities','<p>Outdoor activities and / or extreme sports.</p>',NULL,'MORE SUGGESTED ACTIVITIES','<div class=\"text-center\">\r\n<h2>Do you know your destiny?</h2>\r\n\r\n<p><strong>Cundinamarca has 116 towns.</strong></p>\r\n\r\n<p>You can start your search by typing the name of the town or you can see a list of all the towns in the button below.</p>\r\n</div>','Name of the town','LIST OF TOWNS','We recommend you visit','<p>Continue your search for <strong>suggested activities</strong> in Cundinamarca on a georeferenced map</p>','<p>We have found</p>',2,2),(7,'Prestadores de servicio','<p>Todos los actores tur&iacute;sticos que existen en el municipio que prestan un servicio.</p>',NULL,'VER MÁS PRESTADORES DE SERVICIO','<div class=\"text-center\">\r\n<h2>&iquest;Ya conoces tu destino?</h2>\r\n\r\n<p><strong>Cundinamarca cuenta con 116 municipios.</strong></p>\r\n\r\n<p>Puedes empezar tu b&uacute;squeda escribiendo el nombre del municipio o puedes ver una lista de todos los municipios en el boton de abajo.</p>\r\n</div>','Escribe el nombre del municipio','VER LISTA DE MUNICIPIOS','Te recomendamos visitar','<p>Contin&uacute;a tu b&uacute;squeda de los <strong>prestadores de servicio</strong>&nbsp;en Cundinamarca en un mapa georeferenciado</p>','<p>Hemos encontrado</p>',1,4),(8,'Service providers','<p>All the tourist actors that exist in the municipality that provide a service.</p>',NULL,'MORE SERVICE PROVIDERS','<div class=\"text-center\">\r\n<h2>Do you know your destiny?</h2>\r\n\r\n<p><strong>Cundinamarca has 116 towns.</strong></p>\r\n\r\n<p>You can start your search by typing the name of the town or you can see a list of all the towns in the button below.</p>\r\n</div>','Name of the town','LIST OF TOWNS','We recommend you visit','<p>Continue your search for <strong>service providers</strong>&nbsp;in Cundinamarca on a georeferenced map</p>','<p>We have found</p>',2,4),(9,'Gastronomía','<p>Restaurantes que ofrecen comida t&iacute;pica y otros restaurantes que ofrecen comida no t&iacute;pica.</p>','Mostrar solo restaurantes con gastronomía típica','VER MÁS GASTRONOMÍA','<div class=\"text-center\">\r\n<h2>&iquest;Ya conoces tu destino?</h2>\r\n\r\n<p><strong>Cundinamarca cuenta con 116 municipios.</strong></p>\r\n\r\n<p>Puedes empezar tu b&uacute;squeda escribiendo el nombre del municipio o puedes ver una lista de todos los municipios en el boton de abajo.</p>\r\n</div>','Escribe el nombre del municipio','VER LISTA DE MUNICIPIOS','Te recomendamos visitar','<p>Contin&uacute;a tu b&uacute;squeda de <strong>restaurantes</strong>&nbsp;en Cundinamarca en un mapa georeferenciado</p>','<p>Hemos encontrado</p>',1,5),(10,'Gastronomy','<p>Restaurants that offer typical food and other restaurants that offer non-typical food.</p>','Show only restaurants with typical gastronomy','MORE GASTRONOMY','<div class=\"text-center\">\r\n<h2>Do you know your destiny?</h2>\r\n\r\n<p><strong>Cundinamarca has 116 towns.</strong></p>\r\n\r\n<p>You can start your search by typing the name of the town or you can see a list of all the towns in the button below.</p>\r\n</div>','Name of the town','LIST OF TOWNS','We recommend you visit','<p>Continue your search for <strong>restaurants</strong> in Cundinamarca on a georeferenced map</p>','<p>We have found</p>',2,5),(11,'Eventos','<p>Celebraciones de car&aacute;cter relevante y de inter&eacute;s publico para el municipio y/o empresas.</p>','Mostrar solo eventos municipales','VER MÁS EVENTOS','<div class=\"text-center\">\r\n<h2>&iquest;Ya conoces tu destino?</h2>\r\n\r\n<p><strong>Cundinamarca cuenta con 116 municipios.</strong></p>\r\n\r\n<p>Puedes empezar tu b&uacute;squeda escribiendo el nombre del municipio o puedes ver una lista de todos los municipios en el boton de abajo.</p>\r\n</div>','Escribe el nombre del municipio','VER LISTA DE MUNICIPIOS','Te recomendamos visitar','<p>Contin&uacute;a tu b&uacute;squeda de&nbsp;<strong>eventos</strong>&nbsp;en Cundinamarca en un mapa georeferenciado</p>','<p>Hemos encontrado</p>',1,6),(12,'Events','<p>Celebrations of a relevant nature and of public interest for the municipality and / or companies.</p>','Show only towns events','MORE EVENTS','<div class=\"text-center\">\r\n<h2>Do you know your destiny?</h2>\r\n\r\n<p><strong>Cundinamarca has 116 towns.</strong></p>\r\n\r\n<p>You can start your search by typing the name of the town or you can see a list of all the towns in the button below.</p>\r\n</div>','Name of the town','LIST OF TOWNS','We recommend you visit','<p>Continue your search for <strong>events</strong> in Cundinamarca on a georeferenced map</p>','<p>We have found</p>',2,6);
/*!40000 ALTER TABLE `contenidos_ofertaturisticaidioma` ENABLE KEYS */;
UNLOCK TABLES;

--
-- Table structure for table `contenidos_seccionvivecundinamarca`
--

DROP TABLE IF EXISTS `contenidos_seccionvivecundinamarca`;
/*!40101 SET @saved_cs_client     = @@character_set_client */;
/*!50503 SET character_set_client = utf8mb4 */;
CREATE TABLE `contenidos_seccionvivecundinamarca` (
  `id` int(11) NOT NULL AUTO_INCREMENT,
  `fecha_creacion` datetime(6) NOT NULL,
  `fecha_actualizacion` datetime(6) NOT NULL,
  `logo` varchar(100) NOT NULL,
  `imagen_portada_conoce_cundinamarca` varchar(100) NOT NULL,
  `imagen_portada_requisito_viaje` varchar(100) NOT NULL,
  `imagen_portada_planifica_viaje` varchar(100) NOT NULL,
  `enlace_video` varchar(200) NOT NULL,
  `actualizador_id` int(11) DEFAULT NULL,
  `creador_id` int(11) NOT NULL,
  PRIMARY KEY (`id`),
  KEY `contenidos_seccionvi_actualizador_id_6417f96f_fk_auth_user` (`actualizador_id`),
  KEY `contenidos_seccionvi_creador_id_e0a7b35a_fk_auth_user` (`creador_id`),
  CONSTRAINT `contenidos_seccionvi_actualizador_id_6417f96f_fk_auth_user` FOREIGN KEY (`actualizador_id`) REFERENCES `auth_user` (`id`),
  CONSTRAINT `contenidos_seccionvi_creador_id_e0a7b35a_fk_auth_user` FOREIGN KEY (`creador_id`) REFERENCES `auth_user` (`id`)
) ENGINE=InnoDB AUTO_INCREMENT=2 DEFAULT CHARSET=utf8;
/*!40101 SET character_set_client = @saved_cs_client */;

--
-- Dumping data for table `contenidos_seccionvivecundinamarca`
--

LOCK TABLES `contenidos_seccionvivecundinamarca` WRITE;
/*!40000 ALTER TABLE `contenidos_seccionvivecundinamarca` DISABLE KEYS */;
INSERT INTO `contenidos_seccionvivecundinamarca` VALUES (1,'2019-04-16 15:00:16.798000','2019-11-25 17:32:46.371816','index/vive_cundinamarca/marca-cundinamarca_XPXCGJa.png','index/portada/conoce_cundinamarca/Copia_de_GUATAVITA_w7PazZp_3wZmRIb.jpg','index/portada/requisito_viaje/Copia_de_Paisajes8.jpg','index/portada/planifica_viaje/Copia_de_579A1424.jpg','https://www.youtube.com/embed/384S9UdkYgc',1,1);
/*!40000 ALTER TABLE `contenidos_seccionvivecundinamarca` ENABLE KEYS */;
UNLOCK TABLES;

--
-- Table structure for table `contenidos_seccionvivecundinamarcagaleria`
--

DROP TABLE IF EXISTS `contenidos_seccionvivecundinamarcagaleria`;
/*!40101 SET @saved_cs_client     = @@character_set_client */;
/*!50503 SET character_set_client = utf8mb4 */;
CREATE TABLE `contenidos_seccionvivecundinamarcagaleria` (
  `id` int(11) NOT NULL AUTO_INCREMENT,
  `imagen` varchar(100) NOT NULL,
  `categoria_galeria_asociada_id` int(11) NOT NULL,
  `seccion_vive_cundinamarca_id` int(11) NOT NULL,
  PRIMARY KEY (`id`),
  KEY `contenidos_seccionvi_categoria_galeria_as_8ec217cb_fk_contenido` (`categoria_galeria_asociada_id`),
  KEY `contenidos_seccionvi_seccion_vive_cundina_fc78c72b_fk_contenido` (`seccion_vive_cundinamarca_id`),
  CONSTRAINT `contenidos_seccionvi_categoria_galeria_as_8ec217cb_fk_contenido` FOREIGN KEY (`categoria_galeria_asociada_id`) REFERENCES `contenidos_categoriagaleria` (`id`),
  CONSTRAINT `contenidos_seccionvi_seccion_vive_cundina_fc78c72b_fk_contenido` FOREIGN KEY (`seccion_vive_cundinamarca_id`) REFERENCES `contenidos_seccionvivecundinamarca` (`id`)
) ENGINE=InnoDB AUTO_INCREMENT=77 DEFAULT CHARSET=utf8;
/*!40101 SET character_set_client = @saved_cs_client */;

--
-- Dumping data for table `contenidos_seccionvivecundinamarcagaleria`
--

LOCK TABLES `contenidos_seccionvivecundinamarcagaleria` WRITE;
/*!40000 ALTER TABLE `contenidos_seccionvivecundinamarcagaleria` DISABLE KEYS */;
INSERT INTO `contenidos_seccionvivecundinamarcagaleria` VALUES (1,'index/galerias_asociadas/100_0402.jpg',1,1),(2,'index/galerias_asociadas/rg1.jpg',1,1),(5,'index/galerias_asociadas/aa_6RQs9FT.jpg',1,1),(6,'index/galerias_asociadas/Turismo_13.jpg',1,1),(7,'index/galerias_asociadas/Turismo_17_jY40sT1.jpg',1,1),(8,'index/galerias_asociadas/Turismo_19_w8s1VKZ.jpg',1,1),(9,'index/galerias_asociadas/Turismo_21_rapkVvV.jpg',1,1),(10,'index/galerias_asociadas/Turismo_27.jpg',1,1),(11,'index/galerias_asociadas/Turismo_28_71u2BJi.jpg',1,1),(12,'index/galerias_asociadas/Turismo_31.jpg',1,1),(13,'index/galerias_asociadas/Turismo_33_ZwP4cyo.jpg',1,1),(14,'index/galerias_asociadas/ugf.jpg',1,1),(15,'index/galerias_asociadas/vyku_yns7g2l.jpg',1,1),(16,'index/galerias_asociadas/z_dnR7tBX.jpg',1,1),(17,'index/galerias_asociadas/578A2209.jpg',4,1),(18,'index/galerias_asociadas/578A2283.jpg',4,1),(19,'index/galerias_asociadas/Cucunuba-Lenguasaque-FuquenGira_Gobernador_Entrega_de_buses_mun_kVuH625.jpg',4,1),(20,'index/galerias_asociadas/Gachala_2016-06-18_0_057.jpg',4,1),(21,'index/galerias_asociadas/Guatavita_2017-02-22_JMR_350.jpg',4,1),(22,'index/galerias_asociadas/Paisajes2_6.jpg',4,1),(23,'index/galerias_asociadas/San_cayetano_2_ETo5env.jpg',4,1),(24,'index/galerias_asociadas/San_Cayetano_2018-02-23_JMR_049.jpg',4,1),(25,'index/galerias_asociadas/San_Juan_de_Rio_Seco_2018-07-25__JVD_75.jpg',4,1),(26,'index/galerias_asociadas/San_Juan_de_Rioseco_2016-07-06_JMR_008.jpg',4,1),(27,'index/galerias_asociadas/Suatatausa_2016-07-23_JMR_096.jpg',4,1),(28,'index/galerias_asociadas/TRONCAL006_PR6HC15.jpg',4,1),(30,'index/galerias_asociadas/WhatsApp_Image_2017-05-04_at_10.51.30_PM.jpeg',4,1),(31,'index/galerias_asociadas/WhatsApp_Image_2017-05-04_at_10.54.06_PM_Sy9dPnB.jpeg',4,1),(32,'index/galerias_asociadas/WhatsApp_Image_2017-05-05_at_12.14.20_AM_nzuE992.jpeg',4,1),(33,'index/galerias_asociadas/WhatsApp_Image_2017-05-05_at_12.30.24_AM_n8a9XSx.jpeg',4,1),(34,'index/galerias_asociadas/WhatsApp_Image_2017-05-04_at_10.51.17_PM_f8yPAA3.jpeg',4,1),(35,'index/galerias_asociadas/a_Ay4jwV9.jpg',3,1),(36,'index/galerias_asociadas/aa_w0MgnvB.jpg',3,1),(37,'index/galerias_asociadas/Bogota_2013-10-02_JMR_094_trVfuWp.jpg',3,1),(38,'index/galerias_asociadas/Bogota_2016-06-18_Laguna_de_Siecha_Guasca_JVD_271_Q3ccrnM_nZz0yX5.jpg',3,1),(39,'index/galerias_asociadas/Bogota_2016-06-18_Laguna_de_Siecha_Guasca_JVD_337_h31sabV.jpg',3,1),(40,'index/galerias_asociadas/Bogota_2016-10-08_Gira_Gobernador_en_Casa_Narino_JVD_1_kOjOxl5.jpg',3,1),(41,'index/galerias_asociadas/ca_QHqndbI.jpg',3,1),(42,'index/galerias_asociadas/CULTURAL__34_dtLSWl3.jpg',3,1),(43,'index/galerias_asociadas/Facatativa_2017-09-12_JVD_72_HRTFw60.jpg',3,1),(44,'index/galerias_asociadas/Guasca_2016-06-18_JVD_42_0CALNJe.JPG',3,1),(45,'index/galerias_asociadas/JADU0752_Ys8XwZG.JPG',3,1),(46,'index/galerias_asociadas/oso_7aNv2Qx.jpg',3,1),(47,'index/galerias_asociadas/Paisajes__5_ruL54eb.jpg',3,1),(48,'index/galerias_asociadas/Paisajes__19_7xCXDeO.JPG',3,1),(49,'index/galerias_asociadas/San_Francisco_3_6Idx0Ap.jpg',3,1),(50,'index/galerias_asociadas/t_dW8YABd.JPG',3,1),(51,'index/galerias_asociadas/WhatsApp_Image_2017-05-04_at_10.51.22_PM_hrCGRpk.jpeg',3,1),(52,'index/galerias_asociadas/WhatsApp_Image_2017-05-04_at_10.51.26_PM_rxnFIyl.jpeg',3,1),(53,'index/galerias_asociadas/WhatsApp_Image_2017-05-05_at_12.30.04_AM_fVF6tvS.jpeg',3,1),(54,'index/galerias_asociadas/Babillas_T_1.JPG',3,1),(55,'index/galerias_asociadas/2016-07-01_Horno_de_Sal_de_Nemocon_JVD_16.JPG',2,1),(56,'index/galerias_asociadas/Bogota_2016-07-01_Mina_de_sal_de_Nemocon_JVD_45.jpg',2,1),(57,'index/galerias_asociadas/Bogota_2016-07-01_Mina_de_sal_de_Nemocon_JVD_305.JPG',2,1),(58,'index/galerias_asociadas/Bogota_2016-07-01_Mina_de_sal_de_Nemocon_JVD_336.jpg',2,1),(59,'index/galerias_asociadas/Bogota_2017-07-15_JVD_24_Palcaio_de_San_Francisco_.JPG',2,1),(60,'index/galerias_asociadas/Chia_2016-06-22_0_130.JPG',2,1),(61,'index/galerias_asociadas/Chingaza_2015-12-26_CGV_070.JPG',2,1),(62,'index/galerias_asociadas/Facatativa_2013-04-02_CVM_Parque_Arqueologico_Piedras_del_Tunjo_17.JPG',2,1),(63,'index/galerias_asociadas/Girardot_20050223_22.jpg',2,1),(64,'index/galerias_asociadas/Guatavita_2012-05-09_JMR_050.JPG',2,1),(65,'index/galerias_asociadas/Nemocon_2016-07-01_Mina_de_sal_de_Nemocon_JVD_132.JPG',2,1),(66,'index/galerias_asociadas/Nemocon_2016-07-09_JVD_2.JPG',2,1),(67,'index/galerias_asociadas/578A0261.JPG',5,1),(68,'index/galerias_asociadas/Bogota_2016-07-01_Mina_de_sal_de_Nemocon_JVD_88.jpg',5,1),(69,'index/galerias_asociadas/Bogota_2016-07-01_Mina_de_sal_de_Nemocon_JVD_94.JPG',5,1),(70,'index/galerias_asociadas/BU6A0195.jpg',5,1),(71,'index/galerias_asociadas/Caqueza_2016-02-13_JMR_020.JPG',5,1),(72,'index/galerias_asociadas/Chipaque_22.jpg',5,1),(73,'index/galerias_asociadas/Guasca_2016-02-17_OHG_388.JPG',5,1),(74,'index/galerias_asociadas/Ubate__2016-02-20_OHG_078_331.JPG',5,1),(75,'index/galerias_asociadas/Ubate__2016-02-20_OHG_078_396.JPG',5,1),(76,'index/galerias_asociadas/Zipaquira_2016-06-25_JVD_1.jpg',5,1);
/*!40000 ALTER TABLE `contenidos_seccionvivecundinamarcagaleria` ENABLE KEYS */;
UNLOCK TABLES;

--
-- Table structure for table `contenidos_seccionvivecundinamarcaidioma`
--

DROP TABLE IF EXISTS `contenidos_seccionvivecundinamarcaidioma`;
/*!40101 SET @saved_cs_client     = @@character_set_client */;
/*!50503 SET character_set_client = utf8mb4 */;
CREATE TABLE `contenidos_seccionvivecundinamarcaidioma` (
  `id` int(11) NOT NULL AUTO_INCREMENT,
  `titulo_seccion` varchar(200) NOT NULL,
  `descripcion_seccion` longtext,
  `contenido_busqueda` longtext NOT NULL,
  `input_busqueda` varchar(150) NOT NULL,
  `etiqueta_boton_busqueda` varchar(150) NOT NULL,
  `titulo_seccion_principal` varchar(200) NOT NULL,
  `descripcion_departamento` longtext NOT NULL,
  `resumen_demografico` longtext NOT NULL,
  `resumen_geopolitico` longtext NOT NULL,
  `titulo_seccion_galeria` varchar(200) NOT NULL,
  `subtitulo_seccion_galeria` varchar(200) NOT NULL,
  `titulo_seccion_municipios` varchar(200) NOT NULL,
  `etiqueta_boton_municipios` varchar(150) NOT NULL,
  `titulo_seccion_gastronomia` varchar(200) NOT NULL,
  `subtitulo_seccion_gastronomia` varchar(200) NOT NULL,
  `descripcion_seccion_gastronomia` longtext NOT NULL,
  `etiqueta_boton_gastronomia` varchar(150) NOT NULL,
  `titulo_seccion_principal_requisitos_viaje` varchar(200) NOT NULL,
  `contenido_seccion_principal` longtext NOT NULL,
  `titulo_seccion_principal_inferior` varchar(150) NOT NULL,
  `imagen_seccion_principal` varchar(100) NOT NULL,
  `contenido_seccion_principal_inferior` longtext NOT NULL,
  `contenido_seccion_lateral_superior` longtext NOT NULL,
  `titulo_seccion_lateral_inferior` varchar(200) NOT NULL,
  `subtitulo_seccion_lateral_inferior` varchar(200) NOT NULL,
  `etiqueta_boton_requisitos_viaje` varchar(150) NOT NULL,
  `titulo_marcadores` varchar(150) NOT NULL,
  `subtitulo_marcadores` varchar(150) NOT NULL,
  `titulo_tipos_turismo` varchar(150) NOT NULL,
  `titulo_inferior_derecho_municipios` varchar(200) NOT NULL,
  `etiqueta_boton_lateral_inferior_municipios` varchar(200) NOT NULL,
  `titulo_recomendaciones` varchar(150) NOT NULL,
  `texto_continuar_buscando` varchar(150) NOT NULL,
  `etiqueta_boton_continuar_buscando` varchar(50) NOT NULL,
  `lenguaje_id` int(11) NOT NULL,
  `seccion_vive_cundinamarca_id` int(11) NOT NULL,
  PRIMARY KEY (`id`),
  UNIQUE KEY `contenidos_seccionvivecu_lenguaje_id_seccion_vive_6fc04571_uniq` (`lenguaje_id`,`seccion_vive_cundinamarca_id`),
  KEY `contenidos_seccionvi_seccion_vive_cundina_7e5f23ec_fk_contenido` (`seccion_vive_cundinamarca_id`),
  CONSTRAINT `contenidos_seccionvi_lenguaje_id_72d3bb8c_fk_ubicacion` FOREIGN KEY (`lenguaje_id`) REFERENCES `ubicaciones_lenguaje` (`id`),
  CONSTRAINT `contenidos_seccionvi_seccion_vive_cundina_7e5f23ec_fk_contenido` FOREIGN KEY (`seccion_vive_cundinamarca_id`) REFERENCES `contenidos_seccionvivecundinamarca` (`id`)
) ENGINE=InnoDB AUTO_INCREMENT=3 DEFAULT CHARSET=utf8;
/*!40101 SET character_set_client = @saved_cs_client */;

--
-- Dumping data for table `contenidos_seccionvivecundinamarcaidioma`
--

LOCK TABLES `contenidos_seccionvivecundinamarcaidioma` WRITE;
/*!40000 ALTER TABLE `contenidos_seccionvivecundinamarcaidioma` DISABLE KEYS */;
INSERT INTO `contenidos_seccionvivecundinamarcaidioma` VALUES (1,'Planifica tu viaje','','<div class=\"text-center\">\r\n<h2>&iquest;Ya conoces tu destino?</h2>\r\n\r\n<p><strong>Cundinamarca cuenta con 116 municipios.</strong></p>\r\n\r\n<p>Puedes empezar tu b&uacute;squeda escribiendo el nombre del municipio o puedes ver una lista de todos los municipios en el boton de abajo.</p>\r\n</div>','Escribe el nombre del municipio','VER LISTA DE MUNICIPIOS','Conoce Cundinamarca','<p>Cundinamarca es el departamento que por su ubicaci&oacute;n geogr&aacute;fica ocupa el coraz&oacute;n de Colombia, rodea a la ciudad m&aacute;s importante del pa&iacute;s, Bogot&aacute; Distrito Capital y tiene el privilegio que le dio la naturaleza de contar con todos los climas y paisajes que ofrecen los pisos t&eacute;rmicos. Pero no solo es centro geogr&aacute;fico, es tambi&eacute;n el epicentro de la actividad econ&oacute;mica, del poder pol&iacute;tico y de las instituciones que gobiernan al pa&iacute;s. Parte de su atractivo es que desde este departamento se toman las grandes decisiones de la naci&oacute;n.</p>\r\n\r\n<p>Cundinamarca tur&iacute;stico posee una simbiosis entre los recursos naturales y culturales mostrando de esta manera miles de oportunidades para el desarrollo de la regi&oacute;n y del departamento en las diferentes tipolog&iacute;as de turismo como son: Ecoturismo, agroturismo, turismo de salud y termalismo, aventura, religioso, acuaturismo, haciendo de esta regi&oacute;n un excelente destino tur&iacute;stico para visitar y recorrer.</p>','<p><strong>Resumen demogr&aacute;fico</strong></p>\r\n\r\n<table>\r\n	<tbody>\r\n		<tr>\r\n			<td><strong>Altitud</strong></td>\r\n			<td>1.450 m.s.n.m.</td>\r\n		</tr>\r\n		<tr>\r\n			<td><strong>Poblaci&oacute;n</strong>&nbsp; &nbsp; &nbsp;&nbsp;</td>\r\n			<td>2 804 238&nbsp;hab.</td>\r\n		</tr>\r\n		<tr>\r\n			<td><strong>Superficie</strong></td>\r\n			<td>24.210 km&sup2;</td>\r\n		</tr>\r\n	</tbody>\r\n</table>','<table>\r\n	<tbody>\r\n		<tr>\r\n			<td><strong>Gobernador</strong>&nbsp; &nbsp; &nbsp;&nbsp;</td>\r\n			<td>Jorge Emilio Rey (2016-2019)</td>\r\n		</tr>\r\n		<tr>\r\n			<td><strong>Municipios</strong></td>\r\n			<td>116 municipios</td>\r\n		</tr>\r\n		<tr>\r\n			<td><strong>Provincias</strong></td>\r\n			<td>15 provincias</td>\r\n		</tr>\r\n		<tr>\r\n			<td><strong>Gentilicio</strong></td>\r\n			<td>Cundinamarqu&eacute;s</td>\r\n		</tr>\r\n	</tbody>\r\n</table>','¡Turismo Cundinamarca!','Te invitamos a conocer nuestros mejores momentos','Ven DE TOUR por CUNDINAMARCA','VER MÁS MUNICIPIOS','Antójate','Gastronomía típica de Cundinamarca','Encuentra los mejores restaurantes típicos en Cundinamarca para deleitarte con nuestra exquisita gastronomía.','VER GASTRONOMÍA','Requisitos del viaje','<p>Si est&aacute;s organizando tus vacaciones en Cundinamarca, adem&aacute;s de tener claro lo que vas a ver o hacer, tendr&aacute;s que informarte acerca de los requisitos necesarios y otras cuestiones para cuidar tu salud y seguridad durante tu estancia.</p>\r\n\r\n<ul>\r\n	<li>Prepara y planifica con anticipaci&oacute;n.</li>\r\n	<li>Viaja y acampa sobre superficies durables.</li>\r\n	<li>Disp&oacute;n adecuadamente los desechos.</li>\r\n	<li>Deja en su lugar lo que encuentres.</li>\r\n	<li>Minimiza el uso e impacto de las fogatas.</li>\r\n	<li>Respeta la vida silvestre.</li>\r\n	<li>Se considerado con otros visitantes y con los habitantes locales.</li>\r\n</ul>\r\n\r\n<p dir=\"ltr\">Previo a la salida hacia cualquier municipio, debes informarte a cerca de: zona, clima, alturas, distancias, cartograf&iacute;a, dificultades t&eacute;cnicas, medios de aproximaci&oacute;n, transporte disponible, costos, riesgos existentes.</p>\r\n\r\n<p><strong>Siempre es momento para viajar a Cundinamarca</strong></p>\r\n\r\n<p dir=\"ltr\">Cundinamarca es un departamento extenso y con diferencias de altitud, y por lo tanto con <strong>diversas zonas clim&aacute;ticas </strong>en sus 116 municipios, pero podr&iacute;amos decir que a lo largo del a&ntilde;o existe una <strong>temporada de lluvias</strong>, que va de mayo a octubre, y una <strong>estaci&oacute;n seca</strong>, que se da entre noviembre y abril. Adem&aacute;s, <strong>las temperaturas no suelen ser inferiores a los cero grados.</strong></p>\r\n\r\n<p dir=\"ltr\">Entre los consejos para viajar, deber&aacute;s saber que Cundinamarca por su cercan&iacute;a a la ciudad de Bogot&aacute;<strong>,&nbsp;</strong>cuenta con <strong>gran afluencia de turistas en las vacaciones</strong> escolares de navidad, mitad de a&ntilde;o y durante semana santa en el mes de abril cuando los colombianos viajan por el pa&iacute;s, por lo que deber&aacute;s tener en cuenta que es <strong>temporada alta</strong> a la hora de planificar tu viaje.</p>\r\n\r\n<p dir=\"ltr\">Las festividades producen tambi&eacute;n una gran acumulaci&oacute;n de turistas. Son importantes el D&iacute;a del trabajo en torno al 1 de mayo, y el D&iacute;a de la Independencia el 20 de Julio.</p>','Movilidad dentro del departamento','index/seccion_requisitos_viaje/_DSC0006.bak.jpg','<p dir=\"ltr\">Una vez en el departamento, moverse en Cundinamarca en transporte intermunicipal es la mejor opci&oacute;n, ya que suelen haber tramos extensos pero las carreteras cuentan con un excelente estado.</p>\r\n\r\n<p>Cundinamarca cuenta con diferentes empresas de transporte p&uacute;blico, las cuales tienen frecuencias de salidas (inf&oacute;rmate previamente sobre sus horarios).</p>\r\n\r\n<p>Uno de los transportes que podr&iacute;as encontrar en el departamento&nbsp;es<strong>&nbsp;</strong>la <strong>chiva</strong> que m&aacute;s que un medio de transporte aut&oacute;ctono es un <strong>s&iacute;mbolo de la colombianidad</strong>, estos coloridos buses transitan las carreteras de toda Colombia.</p>\r\n\r\n<p>Declaradas <strong>patrimonio cultural </strong>colombiano en 2008, las chivas, tambi&eacute;n conocidas como buses escalera porque tienen un segundo piso a donde se llega por una escalera situada en la parte posterior, son uno de los buses m&aacute;s representativos del pa&iacute;s.</p>','<div class=\"text-justify\">\r\n<p dir=\"ltr\"><strong>Si eres extranjero</strong>, recuerda que antes de ingresar a Colombia debes cumplir con algunos<strong> requisitos migratorios</strong>, para m&aacute;s informaci&oacute;n puedes dirigirte a la p&aacute;gina web del <strong>Ministerio de Relaciones Exteriores.</strong></p>\r\n</div>\r\n\r\n<div class=\"text-center\">\r\n<p dir=\"ltr\"><a class=\"text-link\" href=\"http://www.migracioncolombia.gov.co\">www.migracioncolombia.gov.co</a></p>\r\n</div>\r\n\r\n<div class=\"text-center\">\r\n<p dir=\"ltr\"><strong>&iquest;Vuelos directos a Cundinamarca?</strong></p>\r\n</div>\r\n\r\n<div class=\"text-justify\">\r\n<p dir=\"ltr\">No es posible tomar desde el extranjero un vuelo directo al departamento de Cundinamarca. Lo que debes hacer es tomar un vuelo a el Aeropuerto El Dorado ubicado en Bogot&aacute;, la capital de Colombia y de ah&iacute; hacer el recorrido en autob&uacute;s hasta tu destino final.</p>\r\n</div>\r\n\r\n<div class=\"text-center\">\r\n<p><strong>Te recomendamos llevar</strong></p>\r\n</div>\r\n\r\n<ul>\r\n	<li>Bloqueador Solar</li>\r\n	<li>Ropa c&oacute;moda y fresca</li>\r\n	<li>Zapatos c&oacute;modos</li>\r\n	<li>Agua</li>\r\n	<li>Documento de identidad</li>\r\n	<li>Repelente</li>\r\n	<li>Gorra o sombrero</li>\r\n	<li>Gafas de sol</li>\r\n	<li>Dinero en efectivo preferible en moneda local</li>\r\n</ul>','Ven y festeja','Descubre los mejores eventos','VER MÁS EVENTOS','¿Qué estas buscando?','En Cundinamarca tenemos para ti','Tipos de turismo','Te recomendamos nuestros municipios','VER MUNICIPIOS','Te recomendamos visitar estos lugares','Continúa tu búsqueda en Cundinamarca en un mapa georeferenciado.','VER MÁS',1,1),(2,'Plan your trip','','<div class=\"text-center\">\r\n<h2>Do you know your destiny?</h2>\r\n\r\n<p><strong>Cundinamarca has 116 towns.</strong></p>\r\n\r\n<p>You can start your search by typing the name of the town or you can see a list of all the towns in the button below.</p>\r\n</div>','Name of the town','LIST OF TOWNS','Travel to Cundinamarca','<p>Cundinamarca is the department that by its geographical location occupies the heart of Colombia, surrounds the most important city in the country, Bogot&aacute; Capital District and has the privilege that nature gave it to have all the climates and landscapes that are located in the thermal floors. But it is not only a geographical center, it is also the epicenter of economic activity, political power and the institutions that govern the country. Part of its appeal is that from this department the great decisions of the nation are made.</p>\r\n\r\n<p>Cundinamarca tourist has a symbiosis between natural and cultural resources, showing in this way miles of opportunities for the development of the region and the department in the different types of tourism such as: Ecotourism, agrotourism, health and thermal tourism, adventure, religious, Aquaculture, making this region an excellent tourist destination to visit and tour.</p>','<p><strong>Demographic summar</strong></p>\r\n\r\n<table>\r\n	<tbody>\r\n		<tr>\r\n			<td><strong>Altitude</strong></td>\r\n			<td>3.341 m.s.n.m.</td>\r\n		</tr>\r\n		<tr>\r\n			<td><strong>Population</strong>&nbsp; &nbsp; &nbsp;&nbsp;</td>\r\n			<td>2.804.hab.</td>\r\n		</tr>\r\n		<tr>\r\n			<td><strong>Surface</strong></td>\r\n			<td>24.210 km2</td>\r\n		</tr>\r\n	</tbody>\r\n</table>','<table>\r\n	<tbody>\r\n		<tr>\r\n			<td><strong>Governor</strong>&nbsp; &nbsp; &nbsp;&nbsp;</td>\r\n			<td>Jorge Emilio Rey (2016-2019)</td>\r\n		</tr>\r\n		<tr>\r\n			<td><strong>Towns&nbsp; &nbsp; &nbsp;&nbsp;</strong></td>\r\n			<td>116 towns</td>\r\n		</tr>\r\n		<tr>\r\n			<td><strong>Provinces</strong></td>\r\n			<td>15 Provinces</td>\r\n		</tr>\r\n		<tr>\r\n			<td><strong>Demonym</strong></td>\r\n			<td>Cundinamarqu&eacute;z</td>\r\n		</tr>\r\n	</tbody>\r\n</table>','Tourism Cundinamarca!','We invite you to know our best moments','Come here DE TOUR by CUNDINAMARCA','MORE TOWNS','Degust','Typical cuisine of Cundinamarca','Find the best typical restaurants in Cundinamarca to enjoy our exquisite cuisine.','MORE GASTRONOMY','Travel requirements','<p>If you are organizing your holidays in Cundinamarca, besides having clear what you are going to see or do, you will have to inform yourself about the necessary requirements and other issues to take care of your health and safety during your stay.</p>\r\n\r\n<ul>\r\n	<li>Prepare and plan ahead.</li>\r\n	<li>Travel and camp on durable surfaces.</li>\r\n	<li>Properly dispose of the waste.</li>\r\n	<li>Leave what you find in its place.</li>\r\n	<li>Minimize the use and impact of campfires.</li>\r\n	<li>Respect wildlife.</li>\r\n	<li>It is considered with other visitors and with the local inhabitants.</li>\r\n</ul>\r\n\r\n<p>Prior to departure to any town, you must inform about: area, climate, heights, distances, cartography, technical difficulties, means of approach, transportation available, costs, existing risks.</p>\r\n\r\n<p><strong>It is always time to travel to Cundinamarca</strong></p>\r\n\r\n<p>Cundinamarca is an extensive department with altitude differences, and therefore with different climatic zones in its 116 towns, but we could say that throughout the year there is a rainy season, which runs from May to October, and a dry season. , which occurs between November and April. In addition, temperatures are usually not lower than zero degrees.</p>\r\n\r\n<p>Among the tips to travel, you should know that Cundinamarca has a large influx of tourists in the school holidays of Christmas, mid-year and during Easter in April when Colombians travel through the country, so you must take into account which is high season when planning your trip.</p>\r\n\r\n<p>The festivities also produce a large accumulation of tourists. Day of work is important around May 1, and Independence Day on July 20.</p>','Mobility within the department','index/seccion_requisitos_viaje/Screenshot_4_M8IuNko_BeJzkrD.png','<p>Once in the department, moving in Cundinamarca in inter-municipal transport is the best option, since there are usually long stretches but the roads have an excellent state.</p>\r\n\r\n<p>Cundinamarca counts on the goat that more than an autochthonous means of transport is a symbol of the Colombianness, these colorful buses travel the roads of all Colombia.</p>\r\n\r\n<p>Declared Colombian cultural heritage in 2008, the chivas, also known as staircase buses because they have a second floor where you can reach by a staircase located in the back, are one of the most representative buses in the country.</p>\r\n\r\n<p>The taxi is a very requested means of transport, the vehicles are yellow and have a light indicating if the taxi is free.</p>','<p>If you are a foreigner, remember that before entering Colombia you must meet some immigration requirements, for more information you can go to the website of the Ministry of Foreign Affairs.</p>\r\n\r\n<div class=\"text-center\">\r\n<p><a href=\"http://www.migracioncolombia.gov.co\">www.migracioncolombia.gov.co</a></p>\r\n</div>\r\n\r\n<p><strong>Direct flights to Cundinamarca?</strong></p>\r\n\r\n<p>It is not possible to take a direct flight to the department of Cundinamarca from abroad. What you should do is take a flight to El Dorado Airport located in Bogot&aacute;, the capital of Colombia and from there take the bus tour to your final destination.</p>\r\n\r\n<ul>\r\n	<li>We recommend you take</li>\r\n	<li>Sunscreen</li>\r\n	<li>Comfortable and cool clothes</li>\r\n	<li>Comfortable shoes</li>\r\n	<li>Water</li>\r\n	<li>Identification document</li>\r\n	<li>Repellent</li>\r\n	<li>Cap or hat</li>\r\n	<li>Sunglasses</li>\r\n	<li>Preferential cash in local currency</li>\r\n</ul>','Come and celebrate','Discover the best events','MORE EVENTS','What are you looking for?','In Cundinamarca we have for you','Types of tourism','Recommend towns','MORE TOWNS','Recommend places','Continue your search in Cundinamarca on a georeferenced map.','SHOW MORE',2,1);
/*!40000 ALTER TABLE `contenidos_seccionvivecundinamarcaidioma` ENABLE KEYS */;
UNLOCK TABLES;

--
-- Table structure for table `django_admin_log`
--

DROP TABLE IF EXISTS `django_admin_log`;
/*!40101 SET @saved_cs_client     = @@character_set_client */;
/*!50503 SET character_set_client = utf8mb4 */;
CREATE TABLE `django_admin_log` (
  `id` int(11) NOT NULL AUTO_INCREMENT,
  `action_time` datetime(6) NOT NULL,
  `object_id` longtext,
  `object_repr` varchar(200) NOT NULL,
  `action_flag` smallint(5) unsigned NOT NULL,
  `change_message` longtext NOT NULL,
  `content_type_id` int(11) DEFAULT NULL,
  `user_id` int(11) NOT NULL,
  PRIMARY KEY (`id`),
  KEY `django_admin_log_content_type_id_c4bce8eb_fk_django_co` (`content_type_id`),
  KEY `django_admin_log_user_id_c564eba6_fk_auth_user_id` (`user_id`),
  CONSTRAINT `django_admin_log_content_type_id_c4bce8eb_fk_django_co` FOREIGN KEY (`content_type_id`) REFERENCES `django_content_type` (`id`),
  CONSTRAINT `django_admin_log_user_id_c564eba6_fk_auth_user_id` FOREIGN KEY (`user_id`) REFERENCES `auth_user` (`id`)
) ENGINE=InnoDB AUTO_INCREMENT=1095 DEFAULT CHARSET=utf8;
/*!40101 SET character_set_client = @saved_cs_client */;

--
-- Dumping data for table `django_admin_log`
--

LOCK TABLES `django_admin_log` WRITE;
/*!40000 ALTER TABLE `django_admin_log` DISABLE KEYS */;
INSERT INTO `django_admin_log` VALUES (1,'2019-04-15 23:21:15.478000','1','Noticias recientes',1,'[{\"added\": {}}]',42,1),(2,'2019-04-15 23:21:17.423000','1','Noticias recientes',2,'[]',42,1),(3,'2019-04-15 23:21:30.992000','2','Informes',1,'[{\"added\": {}}]',42,1),(4,'2019-04-15 23:21:41.338000','3','Biblioteca digital',1,'[{\"added\": {}}]',42,1),(5,'2019-04-15 23:22:10.988000','4','Bolsa de empleo',1,'[{\"added\": {}}]',42,1),(6,'2019-04-15 23:22:24.174000','1','Español (ES)',1,'[{\"added\": {}}]',9,1),(7,'2019-04-15 23:22:30.735000','2','English (EN)',1,'[{\"added\": {}}]',9,1),(8,'2019-04-15 23:22:55.470000','1','Colombia',1,'[{\"added\": {}}]',12,1),(9,'2019-04-15 23:23:01.049000','1','Orinoquia | Colombia',1,'[{\"added\": {}}]',14,1),(10,'2019-04-15 23:23:04.258000','1','Meta | Orinoquia | Colombia',1,'[{\"added\": {}}]',7,1),(11,'2019-04-15 23:23:43.847000','500001','Andres Felipe Diaz Velásquez Felipe Velásquez | Meta | Orinoquia | Colombia',1,'[{\"added\": {}}]',10,1),(12,'2019-04-15 23:23:48.274000','1','Bicirrutas de cundinamarca',1,'[{\"added\": {}}]',47,1),(13,'2019-04-15 23:24:07.140000','500001','Villavicencio | Meta | Orinoquia | Colombia',2,'[{\"changed\": {\"fields\": [\"nombre\"]}}]',10,1),(14,'2019-04-15 23:24:39.676000','1','Bicirrutas de cundinamarca',1,'[{\"added\": {}}]',46,1),(15,'2019-04-15 23:25:18.705000','1','Dinssigin',1,'[{\"added\": {}}]',36,1),(16,'2019-04-15 23:25:40.603000','1','Administración',1,'[{\"added\": {}}]',38,1),(17,'2019-04-15 23:26:09.580000','1','Técnico',1,'[{\"added\": {}}]',50,1),(18,'2019-04-15 23:26:29.741000','1','Comunicados',1,'[{\"added\": {}}]',40,1),(19,'2019-04-15 23:26:53.949000','1','Dissisg',1,'[{\"added\": {}}]',45,1),(20,'2019-04-15 23:28:27.471000','1','Bicirrutas de cundinamarca',2,'[{\"added\": {\"name\": \"noticias idioma\", \"object\": \"Espa\\u00f1ol (ES)\"}}]',46,1),(21,'2019-04-16 14:36:12.924000','1','Montañas',1,'[{\"added\": {}}, {\"added\": {\"name\": \"slider principal idioma\", \"object\": \"Espa\\u00f1ol (ES)\"}}]',24,1),(22,'2019-04-16 14:36:18.222000','1','Montañas',2,'[]',24,1),(23,'2019-04-16 14:36:49.425000','2','Escalera',1,'[{\"added\": {}}, {\"added\": {\"name\": \"slider principal idioma\", \"object\": \"Espa\\u00f1ol (ES)\"}}]',24,1),(24,'2019-04-16 14:38:32.942000','1','Inicio',1,'[{\"added\": {}}]',19,1),(25,'2019-04-16 14:44:39.610000','1','Inicio',2,'[{\"added\": {\"name\": \"P\\u00e1gina principal idioma\", \"object\": \"Espa\\u00f1ol (ES)\"}}]',19,1),(26,'2019-04-16 14:45:50.846000','1','Español (ES)',2,'[{\"added\": {\"name\": \"P\\u00e1gina principal Banners DE TOUR\", \"object\": \"DESCUBRE LUGARES INCLE\\u00cdBLES\"}}]',20,1),(27,'2019-04-16 14:48:05.865000','1','Colibrí de los altos',1,'[{\"added\": {}}]',17,1),(28,'2019-04-16 14:48:13.329000','1','Colibrí de los altos',2,'[{\"added\": {\"name\": \"galeria principal idioma\", \"object\": \"Espa\\u00f1ol (ES)\"}}]',17,1),(29,'2019-04-16 14:55:56.737000','1','Aventura',1,'[{\"added\": {}}]',52,1),(30,'2019-04-16 14:56:09.575000','1','Aventura',2,'[{\"added\": {\"name\": \"categoria galeria idioma\", \"object\": \"Espa\\u00f1ol (ES)\"}}]',52,1),(31,'2019-04-16 14:58:21.196000','2','Arqueológico',1,'[{\"added\": {}}, {\"added\": {\"name\": \"categoria galeria idioma\", \"object\": \"Espa\\u00f1ol (ES)\"}}]',52,1),(32,'2019-04-16 15:00:16.908000','1','1',1,'[{\"added\": {}}]',59,1),(33,'2019-04-16 15:09:56.096000','1','1',2,'[{\"added\": {\"name\": \"seccion vive cundinamarca idioma\", \"object\": \"Espa\\u00f1ol (ES)\"}}]',59,1),(34,'2019-04-16 15:12:51.039000','1','Ofertas turisticas',1,'[{\"added\": {}}]',57,1),(35,'2019-04-16 15:14:44.071000','1','Contacto',1,'[{\"added\": {}}, {\"added\": {\"name\": \"contacto idioma\", \"object\": \"Espa\\u00f1ol (ES)\"}}]',54,1),(36,'2019-04-16 15:15:16.430000','1','Contacto',2,'[{\"added\": {\"name\": \"Enlaces institucionales\", \"object\": \"Logo 1\"}}, {\"added\": {\"name\": \"Enlaces institucionales\", \"object\": \"Logo 2\"}}, {\"added\": {\"name\": \"Enlaces institucionales\", \"object\": \"Logo 3\"}}]',54,1),(37,'2019-04-16 15:58:28.883000','1','Bicirrutas de cundinamarca',2,'[{\"added\": {\"name\": \"noticia semanario idioma\", \"object\": \"Espa\\u00f1ol (ES)\"}}]',47,1),(38,'2019-04-16 16:39:42.008000','2','English (EN)',2,'[]',9,1),(39,'2019-04-16 16:39:49.322000','1','Montañas',2,'[]',24,1),(40,'2019-04-16 16:39:57.663000','1','Bicirrutas de cundinamarca',2,'[]',47,1),(41,'2019-04-16 16:46:36.764000','1','Bicirrutas de cundinamarca',2,'[]',47,1),(42,'2019-04-16 17:01:17.654000','1','Bicirrutas de cundinamarca',3,'',47,1),(43,'2019-04-16 17:02:24.167000','1','Bicirrutas de cundinamarca',1,'[{\"added\": {}}]',47,1),(44,'2019-04-16 17:02:30.782000','1','Bicirrutas de cundinamarca',2,'[{\"added\": {\"name\": \"noticia semanario idioma\", \"object\": \"Espa\\u00f1ol (ES)\"}}]',47,1),(45,'2019-04-16 17:09:22.352000','1','Bicirrutas de cundinamarca',2,'[]',46,1),(46,'2019-04-16 17:10:22.359000','1','Bicirrutas de cundinamarca',2,'[{\"changed\": {\"fields\": [\"imagen_portada\"]}}]',46,1),(47,'2019-04-16 17:18:51.124000','1','Dinssigin',2,'[]',36,1),(48,'2019-04-16 17:25:18.650000','1','Dinssigin',2,'[{\"added\": {\"name\": \"biblioteca idioma\", \"object\": \"Espa\\u00f1ol (ES)\"}}]',36,1),(49,'2019-04-16 17:29:01.111000','1','Dinssigin',2,'[{\"added\": {\"name\": \"biblioteca idioma\", \"object\": \"English (EN)\"}}]',36,1),(50,'2019-04-16 17:29:09.271000','1','Dinssigin',2,'[{\"deleted\": {\"name\": \"biblioteca idioma\", \"object\": \"English (EN)\"}}]',36,1),(51,'2019-04-16 17:33:22.520000','1','Administración',2,'[{\"added\": {\"name\": \"categoria empleo idioma\", \"object\": \"Espa\\u00f1ol (ES)\"}}]',38,1),(52,'2019-04-16 17:39:01.502000','1','Técnico',2,'[{\"added\": {\"name\": \"oportunidades empleo idioma\", \"object\": \"Espa\\u00f1ol (ES)\"}}]',50,1),(53,'2019-04-16 17:45:22.219000','1','Comunicados',2,'[{\"added\": {\"name\": \"categoria informes idioma\", \"object\": \"Espa\\u00f1ol (ES)\"}}]',40,1),(54,'2019-04-16 17:51:06.375000','1','Dissisg',2,'[{\"added\": {\"name\": \"informe idioma\", \"object\": \"Espa\\u00f1ol (ES)\"}}]',45,1),(55,'2019-04-16 17:55:42.315000','1','Dissisg',2,'[{\"changed\": {\"name\": \"informe idioma\", \"object\": \"Espa\\u00f1ol (ES)\", \"fields\": [\"resumen_noticia\"]}}]',45,1),(56,'2019-04-16 20:45:19.784000','500001','Villavicencio | Meta | Orinoquia | Colombia',2,'[{\"added\": {\"name\": \"municipio idioma\", \"object\": \"Espa\\u00f1ol (ES)\"}}]',10,1),(57,'2019-04-16 22:45:45.736000','1','Turismo Receptor',1,'[{\"added\": {}}, {\"added\": {\"name\": \"Estad\\u00edstica idioma\", \"object\": \"Espa\\u00f1ol (ES)\"}}]',27,1),(58,'2019-04-17 01:41:33.441000','2','Balays del Vaupés',1,'[{\"added\": {}}, {\"added\": {\"name\": \"galeria principal idioma\", \"object\": \"Espa\\u00f1ol (ES)\"}}]',17,1),(59,'2019-04-17 01:58:41.835000','1','Smartsupp',1,'[{\"added\": {}}]',16,1),(60,'2019-04-17 02:15:56.082000','2','Emprendimientos locales de cundinamarca',1,'[{\"added\": {}}]',46,1),(61,'2019-04-17 03:55:08.231000','1','1',2,'[{\"added\": {\"name\": \"Galer\\u00eda conoce Cundinamarca\", \"object\": \"1\"}}]',59,1),(62,'2019-04-17 04:02:20.431000','1','1',2,'[]',59,1),(63,'2019-04-17 04:02:37.926000','1','1',2,'[{\"added\": {\"name\": \"Galer\\u00eda conoce Cundinamarca\", \"object\": \"2\"}}]',59,1),(64,'2019-04-17 13:52:52.395000','1','Ofertas turisticas',2,'[{\"added\": {\"name\": \"Oferta tur\\u00edstica idiomas\", \"object\": \"Espa\\u00f1ol (ES)\"}}]',57,1),(65,'2019-04-17 13:52:56.808000','1','Ofertas turisticas',2,'[]',57,1),(66,'2019-04-17 14:48:50.658000','1','Turistas',1,'[{\"added\": {}}]',33,1),(67,'2019-04-17 14:48:58.873000','1','Turistas',2,'[{\"added\": {\"name\": \"segmentos ficha tecnica idioma\", \"object\": \"Espa\\u00f1ol (ES)\"}}]',33,1),(68,'2019-04-17 14:49:50.357000','1','Español (ES)',2,'[{\"added\": {\"name\": \"Ficha t\\u00e9cnica\", \"object\": \"Turistas\"}}]',28,1),(69,'2019-04-17 15:37:59.580000','1','Español (ES)',2,'[{\"deleted\": {\"name\": \"Ficha t\\u00e9cnica\", \"object\": \"Turistas\"}}]',28,1),(70,'2019-04-17 15:42:35.073000','1','Español (ES)',2,'[{\"added\": {\"name\": \"Ficha t\\u00e9cnica\", \"object\": \"Turistas\"}}]',28,1),(71,'2019-04-17 16:15:03.817000','4','Bolsa de empleo',2,'[{\"added\": {\"name\": \"informacion general idioma\", \"object\": \"Espa\\u00f1ol (ES)\"}}]',42,1),(72,'2019-04-19 23:35:23.567000','1','Colombia',2,'[{\"added\": {\"name\": \"Pais idioma\", \"object\": \"Espa\\u00f1ol (ES)\"}}]',12,1),(73,'2019-04-20 00:29:12.372000','2','Turismo interno y emisor',1,'[{\"added\": {}}]',27,1),(74,'2019-04-20 00:53:31.282000','1','Contacto',2,'[{\"deleted\": {\"name\": \"Enlaces institucionales\", \"object\": \"Logo None\"}}, {\"deleted\": {\"name\": \"Enlaces institucionales\", \"object\": \"Logo None\"}}, {\"deleted\": {\"name\": \"Enlaces institucionales\", \"object\": \"Logo None\"}}]',54,1),(75,'2019-04-20 00:54:01.022000','1','Contacto',2,'[{\"added\": {\"name\": \"Enlaces institucionales\", \"object\": \"Logo 4\"}}, {\"added\": {\"name\": \"Enlaces institucionales\", \"object\": \"Logo 5\"}}, {\"added\": {\"name\": \"Enlaces institucionales\", \"object\": \"Logo 6\"}}]',54,1),(76,'2019-04-20 00:54:15.623000','1','Contacto',2,'[{\"changed\": {\"name\": \"Enlaces institucionales\", \"object\": \"Logo 4\", \"fields\": [\"order\"]}}, {\"changed\": {\"name\": \"Enlaces institucionales\", \"object\": \"Logo 5\", \"fields\": [\"order\"]}}, {\"changed\": {\"name\": \"Enlaces institucionales\", \"object\": \"Logo 6\", \"fields\": [\"order\"]}}]',54,1),(77,'2019-04-26 15:33:27.183000','50001','Acacias | Meta | Orinoquia | Colombia',1,'[{\"added\": {}}]',10,1),(78,'2019-04-26 15:33:38.868000','2','Escalera',2,'[{\"changed\": {\"fields\": [\"municipio\"]}}]',24,1),(79,'2019-04-26 15:34:52.390000','50001','Acacias | Meta | Orinoquia | Colombia',2,'[{\"added\": {\"name\": \"municipio idioma\", \"object\": \"Espa\\u00f1ol (ES)\"}}]',10,1),(80,'2019-04-26 19:52:32.670000','1','Inicio',2,'[{\"changed\": {\"name\": \"P\\u00e1gina principal idioma\", \"object\": \"Espa\\u00f1ol (ES)\", \"fields\": [\"pie_pagina\"]}}]',19,1),(81,'2019-04-26 20:23:34.743000','2','Turismo interno y emisor',2,'[{\"changed\": {\"fields\": [\"icono_medicion\", \"icono_estadistica\"]}}]',27,1),(82,'2019-04-26 20:24:31.255000','1','Turismo Receptor',2,'[{\"changed\": {\"fields\": [\"icono_medicion\", \"icono_estadistica\"]}}]',27,1),(83,'2019-04-26 20:42:21.703000','2','Turismo interno y emisor',2,'[{\"changed\": {\"fields\": [\"slug\"]}}]',27,1),(84,'2019-04-26 22:39:33.052000','1','Bicirrutas de cundinamarca',2,'[]',46,1),(85,'2019-04-26 22:39:49.055000','1','Bicirrutas de cundinamarca',2,'[]',46,1),(86,'2019-04-26 22:44:00.159000','2','Emprendimientos locales de cundinamarca',2,'[{\"added\": {\"name\": \"noticias idioma\", \"object\": \"Espa\\u00f1ol (ES)\"}}]',46,1),(87,'2019-04-26 22:57:16.752000','1','Español (ES)',2,'[{\"changed\": {\"name\": \"P\\u00e1gina principal Banners DE TOUR\", \"object\": \"DESCUBRE LUGARES INCLE\\u00cdBLES\", \"fields\": [\"imagen_banner\"]}}]',20,1),(88,'2019-04-26 23:09:26.155000','1','Español (ES)',2,'[{\"changed\": {\"name\": \"P\\u00e1gina principal Banners DE TOUR\", \"object\": \"DESCUBRE LUGARES INCLE\\u00cdBLES\", \"fields\": [\"contenido_banner\"]}}]',20,1),(89,'2019-04-26 23:11:31.363000','1','Español (ES)',2,'[{\"changed\": {\"name\": \"P\\u00e1gina principal Banners DE TOUR\", \"object\": \"DESCUBRE LUGARES INCLE\\u00cdBLES\", \"fields\": [\"contenido_banner\"]}}]',20,1),(90,'2019-04-26 23:13:51.575000','1','Español (ES)',2,'[{\"changed\": {\"name\": \"P\\u00e1gina principal Banners DE TOUR\", \"object\": \"DESCUBRE LUGARES INCLE\\u00cdBLES\", \"fields\": [\"contenido_banner\"]}}]',20,1),(91,'2019-04-26 23:15:06.753000','1','Español (ES)',2,'[{\"changed\": {\"name\": \"P\\u00e1gina principal Banners DE TOUR\", \"object\": \"DESCUBRE LUGARES INCLE\\u00cdBLES\", \"fields\": [\"contenido_banner\"]}}]',20,1),(92,'2019-04-26 23:15:42.030000','1','Español (ES)',2,'[{\"changed\": {\"name\": \"P\\u00e1gina principal Banners DE TOUR\", \"object\": \"DESCUBRE LUGARES INCLE\\u00cdBLES\", \"fields\": [\"contenido_banner\"]}}]',20,1),(93,'2019-05-03 14:37:11.138000','1','Bicirrutas de cundinamarca',2,'[{\"changed\": {\"fields\": [\"slug_semanario\"]}}, {\"changed\": {\"name\": \"noticia semanario idioma\", \"object\": \"Espa\\u00f1ol (ES)\", \"fields\": [\"descripcion_semanario\"]}}]',47,1),(94,'2019-05-03 16:32:38.999000','2','Emprendimientos locales de cundinamarca',2,'[{\"changed\": {\"fields\": [\"slug_noticia\"]}}]',46,1),(95,'2019-05-03 16:34:31.310000','1','Dissisg',2,'[{\"changed\": {\"fields\": [\"slug_informe\"]}}]',45,1),(96,'2019-05-03 20:25:14.097000','50001','Acacias | Meta | Orinoquia | Colombia',2,'[{\"added\": {\"name\": \"municipio idioma\", \"object\": \"English (EN)\"}}, {\"changed\": {\"name\": \"municipio idioma\", \"object\": \"Espa\\u00f1ol (ES)\", \"fields\": [\"nombre\"]}}]',10,1),(97,'2019-05-03 21:16:51.520000','3','Verificación RNT',1,'[{\"added\": {}}]',27,1),(98,'2019-05-03 21:17:10.100000','2','Turismo interno y emisor',2,'[{\"changed\": {\"fields\": [\"slug\"]}}]',27,1),(99,'2019-05-03 21:17:22.148000','1','Turismo Receptor',2,'[{\"changed\": {\"fields\": [\"slug\"]}}]',27,1),(100,'2019-05-03 22:48:45.470000','1','Bicirrutas de cundinamarca',2,'[{\"changed\": {\"fields\": [\"slug_semanario\"]}}]',47,1),(101,'2019-05-03 22:50:21.641000','1','Bicirrutas de cundinamarca',2,'[{\"changed\": {\"fields\": [\"slug_semanario\"]}}]',47,1),(102,'2019-05-05 23:55:28.400000','1','Inicio',2,'[{\"added\": {\"name\": \"Enlaces institucionales\", \"object\": \"1\"}}]',19,1),(103,'2019-05-05 23:56:56.070000','1','Inicio',2,'[{\"added\": {\"name\": \"Enlaces institucionales\", \"object\": \"2\"}}]',19,1),(104,'2019-05-06 00:00:15.023000','1','Inicio',2,'[{\"added\": {\"name\": \"Enlaces institucionales\", \"object\": \"3\"}}, {\"added\": {\"name\": \"Enlaces institucionales\", \"object\": \"4\"}}, {\"added\": {\"name\": \"Enlaces institucionales\", \"object\": \"5\"}}, {\"added\": {\"name\": \"Enlaces institucionales\", \"object\": \"6\"}}, {\"added\": {\"name\": \"Enlaces institucionales\", \"object\": \"7\"}}]',19,1),(105,'2019-05-06 13:51:34.084000','3','Biblioteca digital',2,'[{\"changed\": {\"fields\": [\"icono\"]}}]',42,1),(106,'2019-05-06 13:54:53.755000','3','Biblioteca digital',2,'[{\"added\": {\"name\": \"informacion general idioma\", \"object\": \"Espa\\u00f1ol (ES)\"}}]',42,1),(107,'2019-05-06 14:07:22.579000','3','Biblioteca digital',2,'[{\"changed\": {\"fields\": [\"icono\"]}}]',42,1),(108,'2019-05-06 14:51:08.248000','1','Inicio',2,'[{\"deleted\": {\"name\": \"Enlaces institucionales\", \"object\": \"None\"}}]',19,1),(109,'2019-05-06 14:51:33.284000','1','Inicio',2,'[{\"deleted\": {\"name\": \"Enlaces institucionales\", \"object\": \"None\"}}]',19,1),(110,'2019-05-06 15:03:24.344000','3','Biblioteca digital',2,'[{\"changed\": {\"name\": \"informacion general idioma\", \"object\": \"Espa\\u00f1ol (ES)\", \"fields\": [\"etiqueta_boton_informacion\", \"etiqueta_boton_descargar\"]}}]',42,1),(111,'2019-05-06 15:09:01.272000','1','Inicio',2,'[{\"changed\": {\"name\": \"Enlaces institucionales\", \"object\": \"1\", \"fields\": [\"imagen\", \"enlace\"]}}]',19,1),(112,'2019-05-06 15:09:31.108000','1','Inicio',2,'[{\"changed\": {\"name\": \"Enlaces institucionales\", \"object\": \"2\", \"fields\": [\"imagen\", \"enlace\"]}}]',19,1),(113,'2019-05-06 15:09:59.173000','1','Inicio',2,'[{\"deleted\": {\"name\": \"Enlaces institucionales\", \"object\": \"None\"}}]',19,1),(114,'2019-05-06 15:10:14.873000','1','Inicio',2,'[{\"changed\": {\"name\": \"Enlaces institucionales\", \"object\": \"4\", \"fields\": [\"imagen\"]}}]',19,1),(115,'2019-05-06 15:10:30.237000','1','Inicio',2,'[{\"changed\": {\"name\": \"Enlaces institucionales\", \"object\": \"6\", \"fields\": [\"imagen\"]}}]',19,1),(116,'2019-05-06 15:10:57.952000','1','Inicio',2,'[{\"added\": {\"name\": \"Enlaces institucionales\", \"object\": \"8\"}}]',19,1),(117,'2019-05-06 15:11:25.838000','1','Inicio',2,'[{\"added\": {\"name\": \"Enlaces institucionales\", \"object\": \"9\"}}]',19,1),(118,'2019-05-06 15:11:57.029000','1','Inicio',2,'[{\"added\": {\"name\": \"Enlaces institucionales\", \"object\": \"10\"}}]',19,1),(119,'2019-05-06 15:12:08.421000','1','Inicio',2,'[]',19,1),(120,'2019-05-06 15:13:05.943000','1','Inicio',2,'[{\"added\": {\"name\": \"Enlaces institucionales\", \"object\": \"11\"}}]',19,1),(121,'2019-05-06 15:13:36.891000','1','Inicio',2,'[{\"added\": {\"name\": \"Enlaces institucionales\", \"object\": \"12\"}}]',19,1),(122,'2019-05-06 15:14:09.772000','1','Inicio',2,'[{\"added\": {\"name\": \"Enlaces institucionales\", \"object\": \"13\"}}]',19,1),(123,'2019-05-06 15:14:41.496000','1','Inicio',2,'[{\"added\": {\"name\": \"Enlaces institucionales\", \"object\": \"14\"}}]',19,1),(124,'2019-05-06 15:22:13.830000','1','Inicio',2,'[{\"changed\": {\"name\": \"Enlaces institucionales\", \"object\": \"12\", \"fields\": [\"imagen\"]}}]',19,1),(125,'2019-05-06 15:25:06.411000','1','Inicio',2,'[{\"changed\": {\"name\": \"Enlaces institucionales\", \"object\": \"1\", \"fields\": [\"imagen\"]}}, {\"changed\": {\"name\": \"Enlaces institucionales\", \"object\": \"2\", \"fields\": [\"imagen\"]}}]',19,1),(126,'2019-05-06 15:29:18.977000','1','Inicio',2,'[{\"changed\": {\"name\": \"Enlaces institucionales\", \"object\": \"1\", \"fields\": [\"imagen\"]}}, {\"changed\": {\"name\": \"Enlaces institucionales\", \"object\": \"2\", \"fields\": [\"imagen\"]}}, {\"changed\": {\"name\": \"Enlaces institucionales\", \"object\": \"12\", \"fields\": [\"imagen\"]}}]',19,1),(127,'2019-05-06 15:35:26.793000','1','Inicio',2,'[{\"added\": {\"name\": \"Enlaces institucionales\", \"object\": \"15\"}}, {\"added\": {\"name\": \"Enlaces institucionales\", \"object\": \"16\"}}, {\"deleted\": {\"name\": \"Enlaces institucionales\", \"object\": \"None\"}}]',19,1),(128,'2019-05-06 16:43:31.958000','3','Biblioteca digital',2,'[{\"added\": {\"name\": \"informacion general idioma\", \"object\": \"English (EN)\"}}]',42,1),(129,'2019-05-06 16:46:14.019000','1','Dinssigin',2,'[{\"added\": {\"name\": \"biblioteca idioma\", \"object\": \"English (EN)\"}}]',36,1),(130,'2019-05-06 17:55:42.589000','4','Bolsa de empleo',2,'[{\"changed\": {\"name\": \"informacion general idioma\", \"object\": \"Espa\\u00f1ol (ES)\", \"fields\": [\"descripcion_seccion\"]}}]',42,1),(131,'2019-05-06 17:57:35.445000','4','Bolsa de empleo',2,'[{\"changed\": {\"name\": \"informacion general idioma\", \"object\": \"Espa\\u00f1ol (ES)\", \"fields\": [\"descripcion_seccion\"]}}]',42,1),(132,'2019-05-07 15:14:21.599000','2','Informes',2,'[{\"changed\": {\"fields\": [\"icono\"]}}]',42,1),(133,'2019-05-07 15:15:37.828000','2','Informes',2,'[{\"added\": {\"name\": \"informacion general idioma\", \"object\": \"Espa\\u00f1ol (ES)\"}}]',42,1),(134,'2019-05-07 15:23:39.192000','2','Informes',2,'[]',42,1),(135,'2019-05-07 16:14:02.758000','1','Noticias recientes',2,'[{\"changed\": {\"fields\": [\"icono\"]}}]',42,1),(136,'2019-05-07 16:33:50.215000','1','Noticias recientes',2,'[{\"added\": {\"name\": \"informacion general idioma\", \"object\": \"Espa\\u00f1ol (ES)\"}}]',42,1),(137,'2019-05-07 17:47:35.715000','2','Emprendimientos locales de cundinamarca',2,'[{\"added\": {\"name\": \"noticias idioma\", \"object\": \"English (EN)\"}}]',46,1),(138,'2019-05-07 17:56:31.076000','1','Bicirrutas de cundinamarca',2,'[{\"added\": {\"name\": \"noticias idioma\", \"object\": \"English (EN)\"}}, {\"changed\": {\"name\": \"noticias idioma\", \"object\": \"Espa\\u00f1ol (ES)\", \"fields\": [\"resumen_noticia\"]}}]',46,1),(139,'2019-05-07 17:57:27.474000','1','Bicirrutas de cundinamarca',2,'[{\"changed\": {\"name\": \"noticias idioma\", \"object\": \"English (EN)\", \"fields\": [\"titulo_noticia\"]}}]',46,1),(140,'2019-05-07 19:26:31.241000','1','Ofertas turisticas',2,'[{\"added\": {\"name\": \"Oferta tur\\u00edstica idiomas\", \"object\": \"English (EN)\"}}, {\"changed\": {\"name\": \"Oferta tur\\u00edstica idiomas\", \"object\": \"Espa\\u00f1ol (ES)\", \"fields\": [\"descripcion_seccion_rutas_turisticas\", \"etiqueta_boton_busqueda\"]}}]',57,1),(141,'2019-05-07 20:32:38.065000','1','1',2,'[{\"added\": {\"name\": \"Galer\\u00eda conoce Cundinamarca\", \"object\": \"3\"}}, {\"added\": {\"name\": \"Galer\\u00eda conoce Cundinamarca\", \"object\": \"4\"}}]',59,1),(142,'2019-05-07 21:29:20.734000','1','Basilica menor',2,'[{\"changed\": {\"fields\": [\"tipo_turismo\", \"imagen\"]}}]',24,1),(143,'2019-05-07 21:30:19.003000','2','Andina | Colombia',1,'[{\"added\": {}}]',14,1),(144,'2019-05-07 21:30:22.015000','2','Cundinamarca | Andina | Colombia',1,'[{\"added\": {}}]',7,1),(145,'2019-05-07 21:33:44.492000','25843000','Ubaté | Cundinamarca | Andina | Colombia',1,'[{\"added\": {}}]',10,1),(146,'2019-05-07 21:33:51.590000','1','Basilica menor',2,'[{\"changed\": {\"fields\": [\"municipio\"]}}]',24,1),(147,'2019-05-07 21:34:07.377000','1','Basilica menor',2,'[{\"changed\": {\"name\": \"slider principal idioma\", \"object\": \"Espa\\u00f1ol (ES)\", \"fields\": [\"tipo_turismo\"]}}]',24,1),(148,'2019-05-07 21:34:21.024000','1','Basilica menor',2,'[]',24,1),(149,'2019-05-07 21:35:31.147000','25322000','Guasca | Cundinamarca | Andina | Colombia',1,'[{\"added\": {}}]',10,1),(150,'2019-05-07 21:35:51.885000','3','Oso de anteojos',1,'[{\"added\": {}}, {\"added\": {\"name\": \"slider principal idioma\", \"object\": \"Espa\\u00f1ol (ES)\"}}]',24,1),(151,'2019-05-07 21:36:01.860000','2','Escalera',3,'',24,1),(152,'2019-05-07 21:36:46.115000','25320000','Guaduas | Cundinamarca | Andina | Colombia',1,'[{\"added\": {}}]',10,1),(153,'2019-05-07 21:36:49.483000','4','Rafting',1,'[{\"added\": {}}]',24,1),(154,'2019-05-07 21:37:01.624000','4','Rafting',2,'[{\"added\": {\"name\": \"slider principal idioma\", \"object\": \"Espa\\u00f1ol (ES)\"}}]',24,1),(155,'2019-05-07 21:37:10.541000','4','Rafting',2,'[{\"added\": {\"name\": \"slider principal idioma\", \"object\": \"English (EN)\"}}]',24,1),(156,'2019-05-07 21:37:46.465000','1','Basilica menor',2,'[{\"added\": {\"name\": \"slider principal idioma\", \"object\": \"English (EN)\"}}]',24,1),(157,'2019-05-07 21:38:03.182000','3','Oso de anteojos',2,'[{\"added\": {\"name\": \"slider principal idioma\", \"object\": \"English (EN)\"}}]',24,1),(158,'2019-05-07 21:38:47.727000','25740000','Sibaté | Cundinamarca | Andina | Colombia',1,'[{\"added\": {}}]',10,1),(159,'2019-05-07 21:38:50.575000','5','Arepas de maiz',1,'[{\"added\": {}}]',24,1),(160,'2019-05-07 21:39:19.159000','5','Arepas de maiz',2,'[{\"added\": {\"name\": \"slider principal idioma\", \"object\": \"Espa\\u00f1ol (ES)\"}}]',24,1),(161,'2019-05-07 21:39:39.539000','5','Arepas de maiz',2,'[{\"added\": {\"name\": \"slider principal idioma\", \"object\": \"English (EN)\"}}]',24,1),(162,'2019-05-07 21:40:15.256000','5','Arepas de maiz',2,'[]',24,1),(163,'2019-05-07 21:41:13.771000','25154000','Carmen de Carupa | Cundinamarca | Andina | Colombia',1,'[{\"added\": {}}]',10,1),(164,'2019-05-07 21:41:51.722000','6','Paisaje',1,'[{\"added\": {}}, {\"added\": {\"name\": \"slider principal idioma\", \"object\": \"Espa\\u00f1ol (ES)\"}}, {\"added\": {\"name\": \"slider principal idioma\", \"object\": \"English (EN)\"}}]',24,1),(165,'2019-05-07 21:41:54.965000','6','Paisaje',2,'[]',24,1),(166,'2019-05-07 21:43:01.691000','25224000','Cucunubá | Cundinamarca | Andina | Colombia',1,'[{\"added\": {}}]',10,1),(167,'2019-05-07 21:43:30.305000','7','Artesanias',1,'[{\"added\": {}}, {\"added\": {\"name\": \"slider principal idioma\", \"object\": \"Espa\\u00f1ol (ES)\"}}]',24,1),(168,'2019-05-07 21:43:50.453000','7','Artesanias',2,'[{\"added\": {\"name\": \"slider principal idioma\", \"object\": \"English (EN)\"}}, {\"changed\": {\"name\": \"slider principal idioma\", \"object\": \"Espa\\u00f1ol (ES)\", \"fields\": [\"tipo_turismo\"]}}]',24,1),(169,'2019-05-07 21:43:53.924000','7','Artesanias',2,'[]',24,1),(170,'2019-05-07 21:44:41.659000','25530000','Paratebueno | Cundinamarca | Andina | Colombia',1,'[{\"added\": {}}]',10,1),(171,'2019-05-07 21:44:54.394000','8','Musica',1,'[{\"added\": {}}]',24,1),(172,'2019-05-07 21:45:23.325000','8','Musica',2,'[{\"added\": {\"name\": \"slider principal idioma\", \"object\": \"Espa\\u00f1ol (ES)\"}}, {\"added\": {\"name\": \"slider principal idioma\", \"object\": \"English (EN)\"}}]',24,1),(173,'2019-05-07 21:51:11.369000','1','Basilica menor',2,'[{\"changed\": {\"fields\": [\"imagen\"]}}]',24,1),(174,'2019-05-07 21:51:29.625000','3','Oso de anteojos',2,'[{\"changed\": {\"fields\": [\"imagen\"]}}]',24,1),(175,'2019-05-07 21:51:42.274000','4','Rafting',2,'[{\"changed\": {\"fields\": [\"imagen\"]}}]',24,1),(176,'2019-05-07 21:51:56.944000','5','Arepas de maiz',2,'[{\"changed\": {\"fields\": [\"imagen\"]}}]',24,1),(177,'2019-05-07 21:52:07.009000','6','Paisaje',2,'[{\"changed\": {\"fields\": [\"imagen\"]}}]',24,1),(178,'2019-05-07 21:52:22.958000','7','Artesanias',2,'[{\"changed\": {\"fields\": [\"imagen\"]}}]',24,1),(179,'2019-05-07 21:52:42.193000','8','Musica',2,'[{\"changed\": {\"fields\": [\"imagen\"]}}]',24,1),(180,'2019-05-07 21:54:19.381000','3','Oso de anteojos',3,'',24,1),(181,'2019-05-07 21:54:19.464000','7','Artesanias',3,'',24,1),(182,'2019-05-07 21:54:19.531000','8','Musica',3,'',24,1),(183,'2019-05-07 22:00:03.833000','1','Inicio',2,'[{\"added\": {\"name\": \"P\\u00e1gina principal idioma\", \"object\": \"English (EN)\"}}, {\"changed\": {\"name\": \"P\\u00e1gina principal idioma\", \"object\": \"Espa\\u00f1ol (ES)\", \"fields\": [\"subtitulo_seccion_recomendaciones\", \"titulo_seccion_noticias\"]}}]',19,1),(184,'2019-05-07 22:02:08.158000','1','Español (ES)',2,'[{\"changed\": {\"name\": \"P\\u00e1gina principal Banners DE TOUR\", \"object\": \"DESCUBRE LUGARES INCLE\\u00cdBLES\", \"fields\": [\"background\", \"contenido_banner\", \"etiqueta_boton\"]}}]',20,1),(185,'2019-05-07 22:03:22.004000','1','Español (ES)',2,'[{\"changed\": {\"name\": \"P\\u00e1gina principal Banners DE TOUR\", \"object\": \"DESCUBRE LUGARES INCLE\\u00cdBLES\", \"fields\": [\"contenido_banner\"]}}]',20,1),(186,'2019-05-07 22:09:39.087000','1','Español (ES)',2,'[{\"added\": {\"name\": \"P\\u00e1gina principal Banners DE TOUR\", \"object\": \"RECIBE ACTUALIZACIONES PERSONALIZADAS\"}}, {\"changed\": {\"name\": \"P\\u00e1gina principal Banners DE TOUR\", \"object\": \"DESCUBRE LUGARES INCLE\\u00cdBLES\", \"fields\": [\"contenido_banner\"]}}]',20,1),(187,'2019-05-07 22:11:48.039000','1','Español (ES)',2,'[{\"added\": {\"name\": \"P\\u00e1gina principal Banners DE TOUR\", \"object\": \"ENT\\u00c9RATE QU\\u00c9 EST\\u00c1N OPINANDO\"}}]',20,1),(188,'2019-05-07 22:13:36.962000','1','Español (ES)',2,'[{\"changed\": {\"name\": \"P\\u00e1gina principal Banners DE TOUR\", \"object\": \"RECIBE ACTUALIZACIONES PERSONALIZADAS\", \"fields\": [\"contenido_banner\"]}}, {\"changed\": {\"name\": \"P\\u00e1gina principal Banners DE TOUR\", \"object\": \"ENT\\u00c9RATE QU\\u00c9 EST\\u00c1N OPINANDO\", \"fields\": [\"contenido_banner\"]}}]',20,1),(189,'2019-05-07 22:20:07.144000','1','Español (ES)',2,'[{\"changed\": {\"name\": \"P\\u00e1gina principal Banners DE TOUR\", \"object\": \"DESCUBRE LUGARES INCRE\\u00cdBLES\", \"fields\": [\"titulo_banner\"]}}]',20,1),(190,'2019-05-07 22:22:52.424000','2','English (EN)',2,'[{\"added\": {\"name\": \"P\\u00e1gina principal Banners DE TOUR\", \"object\": \"DISCOVER INCREDIBLE PLACES\"}}]',20,1),(191,'2019-05-07 22:23:59.441000','2','English (EN)',2,'[{\"added\": {\"name\": \"P\\u00e1gina principal Banners DE TOUR\", \"object\": \"RECEIVE PERSONALIZED UPDATES\"}}]',20,1),(192,'2019-05-07 22:25:05.162000','2','English (EN)',2,'[{\"added\": {\"name\": \"P\\u00e1gina principal Banners DE TOUR\", \"object\": \"FIND OUT WHAT YOU ARE OPINIONING\"}}]',20,1),(193,'2019-05-07 22:28:26.444000','25843000','Ubaté | Cundinamarca | Andina | Colombia',2,'[{\"added\": {\"name\": \"municipio idioma\", \"object\": \"Espa\\u00f1ol (ES)\"}}, {\"added\": {\"name\": \"municipio idioma\", \"object\": \"English (EN)\"}}]',10,1),(194,'2019-05-07 22:28:43.115000','25740000','Sibaté | Cundinamarca | Andina | Colombia',2,'[{\"added\": {\"name\": \"municipio idioma\", \"object\": \"Espa\\u00f1ol (ES)\"}}, {\"added\": {\"name\": \"municipio idioma\", \"object\": \"English (EN)\"}}]',10,1),(195,'2019-05-07 22:29:02.622000','25530000','Paratebueno | Cundinamarca | Andina | Colombia',2,'[{\"added\": {\"name\": \"municipio idioma\", \"object\": \"Espa\\u00f1ol (ES)\"}}, {\"added\": {\"name\": \"municipio idioma\", \"object\": \"English (EN)\"}}]',10,1),(196,'2019-05-07 22:29:19.742000','25322000','Guasca | Cundinamarca | Andina | Colombia',2,'[{\"added\": {\"name\": \"municipio idioma\", \"object\": \"Espa\\u00f1ol (ES)\"}}, {\"added\": {\"name\": \"municipio idioma\", \"object\": \"English (EN)\"}}]',10,1),(197,'2019-05-07 22:29:38.502000','25320000','Guaduas | Cundinamarca | Andina | Colombia',2,'[{\"added\": {\"name\": \"municipio idioma\", \"object\": \"Espa\\u00f1ol (ES)\"}}, {\"added\": {\"name\": \"municipio idioma\", \"object\": \"English (EN)\"}}]',10,1),(198,'2019-05-07 22:29:57.990000','25224000','Cucunubá | Cundinamarca | Andina | Colombia',2,'[{\"added\": {\"name\": \"municipio idioma\", \"object\": \"Espa\\u00f1ol (ES)\"}}, {\"added\": {\"name\": \"municipio idioma\", \"object\": \"English (EN)\"}}]',10,1),(199,'2019-05-07 22:30:20.837000','25154000','Carmen de Carupa | Cundinamarca | Andina | Colombia',2,'[{\"added\": {\"name\": \"municipio idioma\", \"object\": \"Espa\\u00f1ol (ES)\"}}, {\"added\": {\"name\": \"municipio idioma\", \"object\": \"English (EN)\"}}]',10,1),(200,'2019-05-07 22:30:22.708000','25154000','Carmen de Carupa | Cundinamarca | Andina | Colombia',2,'[]',10,1),(201,'2019-05-07 22:47:11.128000','2','Orquídeas',2,'[{\"changed\": {\"fields\": [\"nombre\", \"imagen\"]}}]',17,1),(202,'2019-05-07 22:47:35.887000','2','Orquídeas',2,'[{\"added\": {\"name\": \"galeria principal idioma\", \"object\": \"English (EN)\"}}, {\"changed\": {\"name\": \"galeria principal idioma\", \"object\": \"Espa\\u00f1ol (ES)\", \"fields\": [\"nombre\"]}}]',17,1),(203,'2019-05-07 22:47:37.881000','2','Orquídeas',2,'[]',17,1),(204,'2019-05-07 22:48:31.179000','3','Monumento',1,'[{\"added\": {}}, {\"added\": {\"name\": \"galeria principal idioma\", \"object\": \"Espa\\u00f1ol (ES)\"}}, {\"added\": {\"name\": \"galeria principal idioma\", \"object\": \"English (EN)\"}}]',17,1),(205,'2019-05-07 22:49:13.732000','4','Oso de anteojos',1,'[{\"added\": {}}, {\"added\": {\"name\": \"galeria principal idioma\", \"object\": \"Espa\\u00f1ol (ES)\"}}, {\"added\": {\"name\": \"galeria principal idioma\", \"object\": \"English (EN)\"}}]',17,1),(206,'2019-05-07 22:49:49.196000','5','Bromelias',1,'[{\"added\": {}}, {\"added\": {\"name\": \"galeria principal idioma\", \"object\": \"Espa\\u00f1ol (ES)\"}}, {\"added\": {\"name\": \"galeria principal idioma\", \"object\": \"English (EN)\"}}]',17,1),(207,'2019-05-07 22:50:10.861000','6','Freilejones',1,'[{\"added\": {}}]',17,1),(208,'2019-05-07 22:50:59.124000','6','Frailejones',2,'[{\"changed\": {\"fields\": [\"nombre\"]}}, {\"added\": {\"name\": \"galeria principal idioma\", \"object\": \"Espa\\u00f1ol (ES)\"}}, {\"added\": {\"name\": \"galeria principal idioma\", \"object\": \"English (EN)\"}}]',17,1),(209,'2019-05-07 22:51:03.436000','6','Frailejones',2,'[]',17,1),(210,'2019-05-07 22:51:54.586000','7','La pola',1,'[{\"added\": {}}, {\"added\": {\"name\": \"galeria principal idioma\", \"object\": \"Espa\\u00f1ol (ES)\"}}, {\"added\": {\"name\": \"galeria principal idioma\", \"object\": \"English (EN)\"}}]',17,1),(211,'2019-05-07 22:56:55.460000','25489000','Nimaima | Cundinamarca | Andina | Colombia',1,'[{\"added\": {}}, {\"added\": {\"name\": \"municipio idioma\", \"object\": \"Espa\\u00f1ol (ES)\"}}, {\"added\": {\"name\": \"municipio idioma\", \"object\": \"English (EN)\"}}]',10,1),(212,'2019-05-07 22:57:07.287000','2','Primer puesta para Cundinamarca',2,'[{\"changed\": {\"fields\": [\"titulo_noticia\", \"municipio\"]}}]',46,1),(213,'2019-05-07 23:02:19.658000','2','Primer puesta para Cundinamarca',2,'[{\"changed\": {\"name\": \"noticias idioma\", \"object\": \"Espa\\u00f1ol (ES)\", \"fields\": [\"titulo_noticia\", \"resumen_noticia\", \"contenido_noticia\"]}}]',46,1),(214,'2019-05-07 23:04:56.331000','2','Primer puesto para Cundinamarca',2,'[{\"changed\": {\"fields\": [\"titulo_noticia\", \"imagen_portada\"]}}]',46,1),(215,'2019-05-07 23:05:26.514000','2','Primer puesto para Cundinamarca',2,'[{\"changed\": {\"name\": \"noticias idioma\", \"object\": \"Espa\\u00f1ol (ES)\", \"fields\": [\"titulo_noticia\"]}}]',46,1),(216,'2019-05-08 12:44:31.585000','1','Cundinamarca lista para el Global Big Day 2019',2,'[{\"changed\": {\"fields\": [\"titulo_noticia\", \"imagen_portada\"]}}]',46,1),(217,'2019-05-08 12:47:44.728000','1','Cundinamarca lista para el Global Big Day 2019',2,'[]',46,1),(218,'2019-05-08 12:48:21.883000','1','Cundinamarca lista para el Global Big Day 2019',2,'[{\"changed\": {\"name\": \"noticias idioma\", \"object\": \"Espa\\u00f1ol (ES)\", \"fields\": [\"titulo_noticia\", \"resumen_noticia\", \"contenido_noticia\"]}}]',46,1),(219,'2019-05-08 12:50:04.683000','1','Cundinamarca lista para el Global Big Day 2019',2,'[{\"changed\": {\"name\": \"noticias idioma\", \"object\": \"English (EN)\", \"fields\": [\"titulo_noticia\", \"resumen_noticia\", \"contenido_noticia\"]}}]',46,1),(220,'2019-05-08 12:51:13.137000','2','Primer puesto para Cundinamarca',2,'[{\"changed\": {\"name\": \"noticias idioma\", \"object\": \"Espa\\u00f1ol (ES)\", \"fields\": [\"contenido_noticia\"]}}, {\"changed\": {\"name\": \"noticias idioma\", \"object\": \"English (EN)\", \"fields\": [\"titulo_noticia\", \"resumen_noticia\", \"contenido_noticia\"]}}]',46,1),(221,'2019-05-08 12:54:21.862000','3','Cundinamarca continúa capacitándose en temas turísticos',1,'[{\"added\": {}}]',46,1),(222,'2019-05-08 12:54:37.576000','2','Primer puesto para Cundinamarca',2,'[{\"changed\": {\"fields\": [\"slug_noticia\"]}}]',46,1),(223,'2019-05-08 12:57:24.816000','3','Cundinamarca continúa capacitándose en temas turísticos',2,'[{\"changed\": {\"fields\": [\"imagen_portada\"]}}]',46,1),(224,'2019-05-08 12:59:39.590000','2','Primer puesto para Cundinamarca',2,'[{\"changed\": {\"fields\": [\"imagen_portada\"]}}, {\"changed\": {\"name\": \"noticias idioma\", \"object\": \"Espa\\u00f1ol (ES)\", \"fields\": [\"contenido_noticia\"]}}]',46,1),(225,'2019-05-08 13:00:07.442000','1','Cundinamarca lista para el Global Big Day 2019',2,'[{\"changed\": {\"fields\": [\"imagen_portada\"]}}]',46,1),(226,'2019-05-08 13:00:30.338000','1','Cundinamarca lista para el Global Big Day 2019',2,'[]',46,1),(227,'2019-05-08 13:01:57.511000','4','Homenaje a la danza en los 116 municipios del departamento',1,'[{\"added\": {}}]',46,1),(228,'2019-05-08 13:12:16.986000','4','Homenaje a la danza en los 116 municipios del departamento',2,'[{\"added\": {\"name\": \"noticias idioma\", \"object\": \"Espa\\u00f1ol (ES)\"}}, {\"added\": {\"name\": \"noticias idioma\", \"object\": \"English (EN)\"}}]',46,1),(229,'2019-05-08 13:18:56.863000','5','Ya esta abierta la convocatoria para participar en el consejo departamental de cultura de Cundinamarca',1,'[{\"added\": {}}]',46,1),(230,'2019-05-08 13:21:49.011000','5','Ya esta abierta la convocatoria para participar en el consejo departamental de cultura de Cundinamarca',2,'[{\"added\": {\"name\": \"noticias idioma\", \"object\": \"Espa\\u00f1ol (ES)\"}}, {\"added\": {\"name\": \"noticias idioma\", \"object\": \"English (EN)\"}}]',46,1),(231,'2019-05-08 13:30:39.868000','3','Cundinamarca continúa capacitándose en temas turísticos',2,'[{\"added\": {\"name\": \"noticias idioma\", \"object\": \"Espa\\u00f1ol (ES)\"}}, {\"added\": {\"name\": \"noticias idioma\", \"object\": \"English (EN)\"}}]',46,1),(232,'2019-05-08 13:31:16.179000','5','Ya esta abierta la convocatoria para participar en el consejo departamental de cultura de Cundinamarca',2,'[{\"changed\": {\"fields\": [\"fecha_inicio\", \"fecha_fin\"]}}, {\"changed\": {\"name\": \"noticias idioma\", \"object\": \"Espa\\u00f1ol (ES)\", \"fields\": [\"contenido_noticia\"]}}]',46,1),(233,'2019-05-08 13:47:58.571000','1','Español (ES)',2,'[{\"changed\": {\"name\": \"P\\u00e1gina principal Banners DE TOUR\", \"object\": \"RECIBE ACTUALIZACIONES PERSONALIZADAS\", \"fields\": [\"contenido_banner\"]}}]',20,1),(234,'2019-05-08 13:48:23.325000','2','English (EN)',2,'[{\"changed\": {\"name\": \"P\\u00e1gina principal Banners DE TOUR\", \"object\": \"RECEIVE PERSONALIZED UPDATES\", \"fields\": [\"contenido_banner\"]}}]',20,1),(235,'2019-05-08 13:52:18.846000','1','Español (ES)',2,'[{\"changed\": {\"name\": \"P\\u00e1gina principal Banners DE TOUR\", \"object\": \"RECIBE ACTUALIZACIONES PERSONALIZADAS\", \"fields\": [\"contenido_banner\"]}}]',20,1),(236,'2019-05-08 13:57:45.167000','1','Español (ES)',2,'[{\"changed\": {\"name\": \"P\\u00e1gina principal Banners DE TOUR\", \"object\": \"RECIBE ACTUALIZACIONES PERSONALIZADAS\", \"fields\": [\"contenido_banner\"]}}]',20,1),(237,'2019-05-08 13:58:03.332000','1','Español (ES)',2,'[{\"changed\": {\"name\": \"P\\u00e1gina principal Banners DE TOUR\", \"object\": \"DESCUBRE LUGARES INCRE\\u00cdBLES\", \"fields\": [\"contenido_banner\"]}}]',20,1),(238,'2019-05-08 13:58:39.505000','1','Español (ES)',2,'[{\"changed\": {\"name\": \"P\\u00e1gina principal Banners DE TOUR\", \"object\": \"RECIBE ACTUALIZACIONES PERSONALIZADAS\", \"fields\": [\"contenido_banner\"]}}, {\"changed\": {\"name\": \"P\\u00e1gina principal Banners DE TOUR\", \"object\": \"ENT\\u00c9RATE QU\\u00c9 EST\\u00c1N OPINANDO\", \"fields\": [\"contenido_banner\"]}}]',20,1),(239,'2019-05-08 13:59:40.334000','2','English (EN)',2,'[{\"changed\": {\"name\": \"P\\u00e1gina principal Banners DE TOUR\", \"object\": \"DISCOVER INCREDIBLE PLACES\", \"fields\": [\"contenido_banner\"]}}, {\"changed\": {\"name\": \"P\\u00e1gina principal Banners DE TOUR\", \"object\": \"RECEIVE PERSONALIZED UPDATES\", \"fields\": [\"contenido_banner\"]}}, {\"changed\": {\"name\": \"P\\u00e1gina principal Banners DE TOUR\", \"object\": \"FIND OUT WHAT YOU ARE OPINIONING\", \"fields\": [\"contenido_banner\"]}}]',20,1),(240,'2019-05-08 14:38:10.530000','1','1',2,'[{\"changed\": {\"fields\": [\"imagen_portada_conoce_cundinamarca\"]}}]',59,1),(241,'2019-05-08 14:39:23.887000','1','1',2,'[{\"changed\": {\"fields\": [\"imagen_portada_conoce_cundinamarca\"]}}]',59,1),(242,'2019-05-08 14:54:59.854000','1','Colibrí de los altos',2,'[{\"changed\": {\"fields\": [\"imagen\"]}}]',17,1),(243,'2019-05-08 14:55:08.701000','1','Colibrí de los altos',2,'[{\"changed\": {\"fields\": [\"imagen\"]}}]',17,1),(244,'2019-05-08 14:55:26.543000','5','Bromelias',2,'[{\"changed\": {\"fields\": [\"imagen\"]}}]',17,1),(245,'2019-05-08 14:57:00.226000','3','Monumento',2,'[{\"changed\": {\"fields\": [\"imagen\"]}}]',17,1),(246,'2019-05-08 14:57:12.539000','7','La pola',2,'[{\"changed\": {\"fields\": [\"imagen\"]}}]',17,1),(247,'2019-05-08 14:57:31.208000','7','La pola',2,'[{\"changed\": {\"fields\": [\"imagen\"]}}]',17,1),(248,'2019-05-08 14:57:47.876000','1','Colibrí de los altos',2,'[{\"changed\": {\"fields\": [\"imagen\"]}}]',17,1),(249,'2019-05-08 14:58:32.979000','2','Orquídeas',2,'[{\"changed\": {\"fields\": [\"imagen\"]}}]',17,1),(250,'2019-05-08 14:59:10.765000','6','Frailejones',2,'[{\"changed\": {\"fields\": [\"imagen\"]}}]',17,1),(251,'2019-05-08 15:02:08.990000','1','1',2,'[{\"changed\": {\"fields\": [\"imagen_portada_conoce_cundinamarca\", \"imagen_portada_planifica_viaje\"]}}]',59,1),(252,'2019-05-08 15:10:23.087000','1','1',2,'[{\"changed\": {\"fields\": [\"imagen_portada_requisito_viaje\"]}}]',59,1),(253,'2019-05-08 15:10:58.383000','1','1',2,'[{\"changed\": {\"fields\": [\"imagen_portada_requisito_viaje\"]}}]',59,1),(254,'2019-05-08 15:14:49.793000','1','1',2,'[{\"changed\": {\"name\": \"seccion vive cundinamarca idioma\", \"object\": \"Espa\\u00f1ol (ES)\", \"fields\": [\"descripcion_departamento\"]}}]',59,1),(255,'2019-05-08 15:17:27.176000','1','1',2,'[{\"changed\": {\"name\": \"seccion vive cundinamarca idioma\", \"object\": \"Espa\\u00f1ol (ES)\", \"fields\": [\"descripcion_departamento\"]}}]',59,1),(256,'2019-05-08 15:17:52.614000','1','1',2,'[{\"changed\": {\"name\": \"seccion vive cundinamarca idioma\", \"object\": \"Espa\\u00f1ol (ES)\", \"fields\": [\"descripcion_departamento\"]}}]',59,1),(257,'2019-05-08 15:18:09.097000','1','1',2,'[{\"changed\": {\"name\": \"seccion vive cundinamarca idioma\", \"object\": \"Espa\\u00f1ol (ES)\", \"fields\": [\"descripcion_departamento\"]}}]',59,1),(258,'2019-05-08 15:27:29.925000','1','1',2,'[{\"changed\": {\"name\": \"seccion vive cundinamarca idioma\", \"object\": \"Espa\\u00f1ol (ES)\", \"fields\": [\"descripcion_departamento\", \"resumen_demografico\", \"resumen_geopolitico\"]}}]',59,1),(259,'2019-05-08 15:29:17.164000','1','1',2,'[{\"changed\": {\"name\": \"seccion vive cundinamarca idioma\", \"object\": \"Espa\\u00f1ol (ES)\", \"fields\": [\"resumen_demografico\", \"resumen_geopolitico\"]}}]',59,1),(260,'2019-05-08 15:31:23.066000','1','Español (ES)',2,'[{\"changed\": {\"name\": \"P\\u00e1gina principal Banners DE TOUR\", \"object\": \"DESCUBRE LUGARES INCRE\\u00cdBLES\", \"fields\": [\"enlace\"]}}, {\"changed\": {\"name\": \"P\\u00e1gina principal Banners DE TOUR\", \"object\": \"RECIBE ACTUALIZACIONES PERSONALIZADAS\", \"fields\": [\"enlace\"]}}, {\"changed\": {\"name\": \"P\\u00e1gina principal Banners DE TOUR\", \"object\": \"ENT\\u00c9RATE QU\\u00c9 EST\\u00c1N OPINANDO\", \"fields\": [\"enlace\"]}}]',20,1),(261,'2019-05-08 15:39:20.123000','2','English (EN)',2,'[{\"changed\": {\"name\": \"P\\u00e1gina principal Banners DE TOUR\", \"object\": \"DISCOVER INCREDIBLE PLACES\", \"fields\": [\"enlace\"]}}, {\"changed\": {\"name\": \"P\\u00e1gina principal Banners DE TOUR\", \"object\": \"RECEIVE PERSONALIZED UPDATES\", \"fields\": [\"contenido_banner\", \"enlace\"]}}, {\"changed\": {\"name\": \"P\\u00e1gina principal Banners DE TOUR\", \"object\": \"FIND OUT WHAT YOU ARE OPINIONING\", \"fields\": [\"enlace\"]}}]',20,1),(262,'2019-05-08 15:45:02.486000','1','Español (ES)',2,'[{\"changed\": {\"name\": \"P\\u00e1gina principal Banners DE TOUR\", \"object\": \"RECIBE ACTUALIZACIONES PERSONALIZADAS\", \"fields\": [\"contenido_banner\", \"enlace\"]}}]',20,1),(263,'2019-05-08 15:51:29.234000','1','1',2,'[{\"changed\": {\"name\": \"seccion vive cundinamarca idioma\", \"object\": \"Espa\\u00f1ol (ES)\", \"fields\": [\"titulo_seccion_municipios\", \"etiqueta_boton_municipios\", \"subtitulo_seccion_gastronomia\", \"descripcion_seccion_gastronomia\", \"contenido_seccion_principal\"]}}]',59,1),(264,'2019-05-08 15:55:10.655000','1','1',2,'[{\"changed\": {\"name\": \"seccion vive cundinamarca idioma\", \"object\": \"Espa\\u00f1ol (ES)\", \"fields\": [\"contenido_seccion_principal\"]}}]',59,1),(265,'2019-05-08 15:56:21.910000','1','1',2,'[{\"changed\": {\"name\": \"seccion vive cundinamarca idioma\", \"object\": \"Espa\\u00f1ol (ES)\", \"fields\": [\"contenido_seccion_principal_inferior\"]}}]',59,1),(266,'2019-05-08 15:59:24.447000','1','1',2,'[{\"changed\": {\"name\": \"seccion vive cundinamarca idioma\", \"object\": \"Espa\\u00f1ol (ES)\", \"fields\": [\"contenido_seccion_lateral_superior\"]}}]',59,1),(267,'2019-05-08 16:03:40.879000','1','1',2,'[{\"changed\": {\"name\": \"seccion vive cundinamarca idioma\", \"object\": \"Espa\\u00f1ol (ES)\", \"fields\": [\"contenido_busqueda\", \"titulo_inferior_derecho_municipios\", \"etiqueta_boton_lateral_inferior_municipios\"]}}]',59,1),(268,'2019-05-08 16:22:07.861000','1','1',2,'[{\"changed\": {\"name\": \"seccion vive cundinamarca idioma\", \"object\": \"Espa\\u00f1ol (ES)\", \"fields\": [\"descripcion_seccion_gastronomia\"]}}]',59,1),(269,'2019-05-08 16:30:03.638000','1','1',2,'[{\"added\": {\"name\": \"seccion vive cundinamarca idioma\", \"object\": \"English (EN)\"}}, {\"changed\": {\"name\": \"seccion vive cundinamarca idioma\", \"object\": \"Espa\\u00f1ol (ES)\", \"fields\": [\"descripcion_seccion_gastronomia\"]}}]',59,1),(270,'2019-05-08 16:33:40.557000','1','Ofertas turisticas',2,'[{\"changed\": {\"fields\": [\"slug\"]}}]',57,1),(271,'2019-05-08 16:47:26.323000','3','Ecoturísmo',1,'[{\"added\": {}}, {\"added\": {\"name\": \"categoria galeria idioma\", \"object\": \"Espa\\u00f1ol (ES)\"}}, {\"added\": {\"name\": \"categoria galeria idioma\", \"object\": \"English (EN)\"}}]',52,1),(272,'2019-05-08 16:47:53.503000','4','Paisajístico',1,'[{\"added\": {}}, {\"added\": {\"name\": \"categoria galeria idioma\", \"object\": \"Espa\\u00f1ol (ES)\"}}, {\"added\": {\"name\": \"categoria galeria idioma\", \"object\": \"English (EN)\"}}]',52,1),(273,'2019-05-08 16:47:59.108000','4','Paisajístico',2,'[]',52,1),(274,'2019-05-08 16:48:07.604000','4','Paisajístico',2,'[]',52,1),(275,'2019-05-08 16:48:32.947000','5','Religioso',1,'[{\"added\": {}}, {\"added\": {\"name\": \"categoria galeria idioma\", \"object\": \"Espa\\u00f1ol (ES)\"}}, {\"added\": {\"name\": \"categoria galeria idioma\", \"object\": \"English (EN)\"}}]',52,1),(276,'2019-05-08 16:49:34.675000','1','1',2,'[{\"deleted\": {\"name\": \"Galer\\u00eda conoce Cundinamarca\", \"object\": \"None\"}}, {\"deleted\": {\"name\": \"Galer\\u00eda conoce Cundinamarca\", \"object\": \"None\"}}, {\"deleted\": {\"name\": \"Galer\\u00eda conoce Cundinamarca\", \"object\": \"None\"}}]',59,1),(277,'2019-05-08 16:56:07.442000','1','Ofertas turisticas',2,'[{\"changed\": {\"fields\": [\"slug\"]}}]',57,1),(278,'2019-05-08 17:09:03.831000','1','1',2,'[{\"added\": {\"name\": \"Galer\\u00eda conoce Cundinamarca\", \"object\": \"5\"}}, {\"added\": {\"name\": \"Galer\\u00eda conoce Cundinamarca\", \"object\": \"6\"}}, {\"added\": {\"name\": \"Galer\\u00eda conoce Cundinamarca\", \"object\": \"7\"}}, {\"changed\": {\"name\": \"Galer\\u00eda conoce Cundinamarca\", \"object\": \"1\", \"fields\": [\"imagen\"]}}]',59,1),(279,'2019-05-08 17:10:34.775000','1','1',2,'[{\"added\": {\"name\": \"Galer\\u00eda conoce Cundinamarca\", \"object\": \"8\"}}, {\"added\": {\"name\": \"Galer\\u00eda conoce Cundinamarca\", \"object\": \"9\"}}, {\"added\": {\"name\": \"Galer\\u00eda conoce Cundinamarca\", \"object\": \"10\"}}, {\"added\": {\"name\": \"Galer\\u00eda conoce Cundinamarca\", \"object\": \"11\"}}, {\"added\": {\"name\": \"Galer\\u00eda conoce Cundinamarca\", \"object\": \"12\"}}, {\"added\": {\"name\": \"Galer\\u00eda conoce Cundinamarca\", \"object\": \"13\"}}, {\"added\": {\"name\": \"Galer\\u00eda conoce Cundinamarca\", \"object\": \"14\"}}, {\"added\": {\"name\": \"Galer\\u00eda conoce Cundinamarca\", \"object\": \"15\"}}, {\"added\": {\"name\": \"Galer\\u00eda conoce Cundinamarca\", \"object\": \"16\"}}]',59,1),(280,'2019-05-08 17:45:23.580000','1','1',2,'[{\"added\": {\"name\": \"Galer\\u00eda conoce Cundinamarca\", \"object\": \"17\"}}, {\"added\": {\"name\": \"Galer\\u00eda conoce Cundinamarca\", \"object\": \"18\"}}, {\"added\": {\"name\": \"Galer\\u00eda conoce Cundinamarca\", \"object\": \"19\"}}, {\"added\": {\"name\": \"Galer\\u00eda conoce Cundinamarca\", \"object\": \"20\"}}, {\"added\": {\"name\": \"Galer\\u00eda conoce Cundinamarca\", \"object\": \"21\"}}, {\"added\": {\"name\": \"Galer\\u00eda conoce Cundinamarca\", \"object\": \"22\"}}, {\"added\": {\"name\": \"Galer\\u00eda conoce Cundinamarca\", \"object\": \"23\"}}, {\"added\": {\"name\": \"Galer\\u00eda conoce Cundinamarca\", \"object\": \"24\"}}, {\"added\": {\"name\": \"Galer\\u00eda conoce Cundinamarca\", \"object\": \"25\"}}, {\"added\": {\"name\": \"Galer\\u00eda conoce Cundinamarca\", \"object\": \"26\"}}, {\"added\": {\"name\": \"Galer\\u00eda conoce Cundinamarca\", \"object\": \"27\"}}, {\"added\": {\"name\": \"Galer\\u00eda conoce Cundinamarca\", \"object\": \"28\"}}, {\"added\": {\"name\": \"Galer\\u00eda conoce Cundinamarca\", \"object\": \"29\"}}, {\"added\": {\"name\": \"Galer\\u00eda conoce Cundinamarca\", \"object\": \"30\"}}, {\"added\": {\"name\": \"Galer\\u00eda conoce Cundinamarca\", \"object\": \"31\"}}, {\"added\": {\"name\": \"Galer\\u00eda conoce Cundinamarca\", \"object\": \"32\"}}, {\"added\": {\"name\": \"Galer\\u00eda conoce Cundinamarca\", \"object\": \"33\"}}, {\"added\": {\"name\": \"Galer\\u00eda conoce Cundinamarca\", \"object\": \"34\"}}]',59,1),(281,'2019-05-08 18:02:01.562000','2','Actividades',1,'[{\"added\": {}}]',57,1),(282,'2019-05-08 18:04:50.688000','1','Ofertas turisticas',2,'[{\"changed\": {\"fields\": [\"slug\"]}}]',57,1),(283,'2019-05-08 19:09:05.346000','1','1',2,'[{\"added\": {\"name\": \"Galer\\u00eda conoce Cundinamarca\", \"object\": \"35\"}}, {\"added\": {\"name\": \"Galer\\u00eda conoce Cundinamarca\", \"object\": \"36\"}}, {\"added\": {\"name\": \"Galer\\u00eda conoce Cundinamarca\", \"object\": \"37\"}}, {\"added\": {\"name\": \"Galer\\u00eda conoce Cundinamarca\", \"object\": \"38\"}}, {\"added\": {\"name\": \"Galer\\u00eda conoce Cundinamarca\", \"object\": \"39\"}}, {\"added\": {\"name\": \"Galer\\u00eda conoce Cundinamarca\", \"object\": \"40\"}}, {\"added\": {\"name\": \"Galer\\u00eda conoce Cundinamarca\", \"object\": \"41\"}}, {\"added\": {\"name\": \"Galer\\u00eda conoce Cundinamarca\", \"object\": \"42\"}}, {\"added\": {\"name\": \"Galer\\u00eda conoce Cundinamarca\", \"object\": \"43\"}}, {\"added\": {\"name\": \"Galer\\u00eda conoce Cundinamarca\", \"object\": \"44\"}}, {\"added\": {\"name\": \"Galer\\u00eda conoce Cundinamarca\", \"object\": \"45\"}}, {\"added\": {\"name\": \"Galer\\u00eda conoce Cundinamarca\", \"object\": \"46\"}}, {\"added\": {\"name\": \"Galer\\u00eda conoce Cundinamarca\", \"object\": \"47\"}}, {\"added\": {\"name\": \"Galer\\u00eda conoce Cundinamarca\", \"object\": \"48\"}}, {\"added\": {\"name\": \"Galer\\u00eda conoce Cundinamarca\", \"object\": \"49\"}}, {\"added\": {\"name\": \"Galer\\u00eda conoce Cundinamarca\", \"object\": \"50\"}}, {\"added\": {\"name\": \"Galer\\u00eda conoce Cundinamarca\", \"object\": \"51\"}}, {\"added\": {\"name\": \"Galer\\u00eda conoce Cundinamarca\", \"object\": \"52\"}}, {\"added\": {\"name\": \"Galer\\u00eda conoce Cundinamarca\", \"object\": \"53\"}}]',59,1),(284,'2019-05-08 19:14:04.774000','1','1',2,'[{\"changed\": {\"name\": \"Galer\\u00eda conoce Cundinamarca\", \"object\": \"35\", \"fields\": [\"imagen\"]}}, {\"changed\": {\"name\": \"Galer\\u00eda conoce Cundinamarca\", \"object\": \"36\", \"fields\": [\"imagen\"]}}, {\"changed\": {\"name\": \"Galer\\u00eda conoce Cundinamarca\", \"object\": \"37\", \"fields\": [\"imagen\"]}}, {\"changed\": {\"name\": \"Galer\\u00eda conoce Cundinamarca\", \"object\": \"38\", \"fields\": [\"imagen\"]}}, {\"changed\": {\"name\": \"Galer\\u00eda conoce Cundinamarca\", \"object\": \"39\", \"fields\": [\"imagen\"]}}, {\"changed\": {\"name\": \"Galer\\u00eda conoce Cundinamarca\", \"object\": \"40\", \"fields\": [\"imagen\"]}}, {\"changed\": {\"name\": \"Galer\\u00eda conoce Cundinamarca\", \"object\": \"41\", \"fields\": [\"imagen\"]}}, {\"changed\": {\"name\": \"Galer\\u00eda conoce Cundinamarca\", \"object\": \"42\", \"fields\": [\"imagen\"]}}, {\"changed\": {\"name\": \"Galer\\u00eda conoce Cundinamarca\", \"object\": \"43\", \"fields\": [\"imagen\"]}}, {\"changed\": {\"name\": \"Galer\\u00eda conoce Cundinamarca\", \"object\": \"44\", \"fields\": [\"imagen\"]}}, {\"changed\": {\"name\": \"Galer\\u00eda conoce Cundinamarca\", \"object\": \"45\", \"fields\": [\"imagen\"]}}, {\"changed\": {\"name\": \"Galer\\u00eda conoce Cundinamarca\", \"object\": \"46\", \"fields\": [\"imagen\"]}}, {\"changed\": {\"name\": \"Galer\\u00eda conoce Cundinamarca\", \"object\": \"47\", \"fields\": [\"imagen\"]}}, {\"changed\": {\"name\": \"Galer\\u00eda conoce Cundinamarca\", \"object\": \"48\", \"fields\": [\"imagen\"]}}, {\"changed\": {\"name\": \"Galer\\u00eda conoce Cundinamarca\", \"object\": \"49\", \"fields\": [\"imagen\"]}}, {\"changed\": {\"name\": \"Galer\\u00eda conoce Cundinamarca\", \"object\": \"50\", \"fields\": [\"imagen\"]}}, {\"changed\": {\"name\": \"Galer\\u00eda conoce Cundinamarca\", \"object\": \"51\", \"fields\": [\"imagen\"]}}, {\"changed\": {\"name\": \"Galer\\u00eda conoce Cundinamarca\", \"object\": \"52\", \"fields\": [\"imagen\"]}}, {\"changed\": {\"name\": \"Galer\\u00eda conoce Cundinamarca\", \"object\": \"53\", \"fields\": [\"imagen\"]}}]',59,1),(285,'2019-05-08 19:15:42.928000','1','1',2,'[{\"changed\": {\"name\": \"Galer\\u00eda conoce Cundinamarca\", \"object\": \"38\", \"fields\": [\"categoria_galeria_asociada\"]}}, {\"changed\": {\"name\": \"Galer\\u00eda conoce Cundinamarca\", \"object\": \"39\", \"fields\": [\"categoria_galeria_asociada\"]}}, {\"changed\": {\"name\": \"Galer\\u00eda conoce Cundinamarca\", \"object\": \"40\", \"fields\": [\"categoria_galeria_asociada\"]}}, {\"changed\": {\"name\": \"Galer\\u00eda conoce Cundinamarca\", \"object\": \"41\", \"fields\": [\"categoria_galeria_asociada\"]}}, {\"changed\": {\"name\": \"Galer\\u00eda conoce Cundinamarca\", \"object\": \"42\", \"fields\": [\"categoria_galeria_asociada\"]}}, {\"changed\": {\"name\": \"Galer\\u00eda conoce Cundinamarca\", \"object\": \"43\", \"fields\": [\"categoria_galeria_asociada\"]}}, {\"changed\": {\"name\": \"Galer\\u00eda conoce Cundinamarca\", \"object\": \"44\", \"fields\": [\"categoria_galeria_asociada\"]}}, {\"changed\": {\"name\": \"Galer\\u00eda conoce Cundinamarca\", \"object\": \"45\", \"fields\": [\"categoria_galeria_asociada\"]}}, {\"changed\": {\"name\": \"Galer\\u00eda conoce Cundinamarca\", \"object\": \"46\", \"fields\": [\"categoria_galeria_asociada\"]}}, {\"changed\": {\"name\": \"Galer\\u00eda conoce Cundinamarca\", \"object\": \"47\", \"fields\": [\"categoria_galeria_asociada\"]}}, {\"changed\": {\"name\": \"Galer\\u00eda conoce Cundinamarca\", \"object\": \"48\", \"fields\": [\"categoria_galeria_asociada\"]}}, {\"changed\": {\"name\": \"Galer\\u00eda conoce Cundinamarca\", \"object\": \"49\", \"fields\": [\"categoria_galeria_asociada\"]}}, {\"changed\": {\"name\": \"Galer\\u00eda conoce Cundinamarca\", \"object\": \"50\", \"fields\": [\"categoria_galeria_asociada\"]}}, {\"changed\": {\"name\": \"Galer\\u00eda conoce Cundinamarca\", \"object\": \"51\", \"fields\": [\"categoria_galeria_asociada\"]}}, {\"changed\": {\"name\": \"Galer\\u00eda conoce Cundinamarca\", \"object\": \"52\", \"fields\": [\"categoria_galeria_asociada\"]}}, {\"changed\": {\"name\": \"Galer\\u00eda conoce Cundinamarca\", \"object\": \"53\", \"fields\": [\"categoria_galeria_asociada\"]}}]',59,1),(286,'2019-05-08 19:38:09.690000','1','1',2,'[{\"added\": {\"name\": \"Galer\\u00eda conoce Cundinamarca\", \"object\": \"54\"}}]',59,1),(287,'2019-05-08 19:39:12.839000','2','Actividades',2,'[{\"changed\": {\"fields\": [\"icono\"]}}, {\"added\": {\"name\": \"Oferta tur\\u00edstica idiomas\", \"object\": \"Espa\\u00f1ol (ES)\"}}]',57,1),(288,'2019-05-08 19:41:43.593000','2','Actividades',2,'[{\"changed\": {\"fields\": [\"logo\"]}}]',57,1),(289,'2019-05-08 19:46:59.782000','3','Lugares de interes',1,'[{\"added\": {}}]',57,1),(290,'2019-05-08 19:47:43.436000','3','Lugares de interes',2,'[{\"added\": {\"name\": \"Oferta tur\\u00edstica idiomas\", \"object\": \"Espa\\u00f1ol (ES)\"}}]',57,1),(291,'2019-05-08 19:48:55.559000','1','1',2,'[{\"added\": {\"name\": \"Galer\\u00eda conoce Cundinamarca\", \"object\": \"55\"}}, {\"added\": {\"name\": \"Galer\\u00eda conoce Cundinamarca\", \"object\": \"56\"}}, {\"added\": {\"name\": \"Galer\\u00eda conoce Cundinamarca\", \"object\": \"57\"}}, {\"added\": {\"name\": \"Galer\\u00eda conoce Cundinamarca\", \"object\": \"58\"}}, {\"added\": {\"name\": \"Galer\\u00eda conoce Cundinamarca\", \"object\": \"59\"}}, {\"added\": {\"name\": \"Galer\\u00eda conoce Cundinamarca\", \"object\": \"60\"}}, {\"added\": {\"name\": \"Galer\\u00eda conoce Cundinamarca\", \"object\": \"61\"}}, {\"added\": {\"name\": \"Galer\\u00eda conoce Cundinamarca\", \"object\": \"62\"}}, {\"added\": {\"name\": \"Galer\\u00eda conoce Cundinamarca\", \"object\": \"63\"}}, {\"added\": {\"name\": \"Galer\\u00eda conoce Cundinamarca\", \"object\": \"64\"}}, {\"added\": {\"name\": \"Galer\\u00eda conoce Cundinamarca\", \"object\": \"65\"}}, {\"added\": {\"name\": \"Galer\\u00eda conoce Cundinamarca\", \"object\": \"66\"}}]',59,1),(292,'2019-05-08 19:51:27.768000','1','1',2,'[{\"added\": {\"name\": \"Galer\\u00eda conoce Cundinamarca\", \"object\": \"67\"}}, {\"added\": {\"name\": \"Galer\\u00eda conoce Cundinamarca\", \"object\": \"68\"}}, {\"added\": {\"name\": \"Galer\\u00eda conoce Cundinamarca\", \"object\": \"69\"}}, {\"added\": {\"name\": \"Galer\\u00eda conoce Cundinamarca\", \"object\": \"70\"}}, {\"added\": {\"name\": \"Galer\\u00eda conoce Cundinamarca\", \"object\": \"71\"}}, {\"added\": {\"name\": \"Galer\\u00eda conoce Cundinamarca\", \"object\": \"72\"}}, {\"added\": {\"name\": \"Galer\\u00eda conoce Cundinamarca\", \"object\": \"73\"}}, {\"added\": {\"name\": \"Galer\\u00eda conoce Cundinamarca\", \"object\": \"74\"}}, {\"added\": {\"name\": \"Galer\\u00eda conoce Cundinamarca\", \"object\": \"75\"}}, {\"added\": {\"name\": \"Galer\\u00eda conoce Cundinamarca\", \"object\": \"76\"}}]',59,1),(293,'2019-05-08 19:58:16.558000','3','Lugares de interes',2,'[{\"changed\": {\"name\": \"Oferta tur\\u00edstica idiomas\", \"object\": \"Espa\\u00f1ol (ES)\", \"fields\": [\"etiqueta_boton_continua_busqueda\"]}}]',57,1),(294,'2019-05-08 20:00:10.633000','2','Actividades',2,'[{\"changed\": {\"name\": \"Oferta tur\\u00edstica idiomas\", \"object\": \"Espa\\u00f1ol (ES)\", \"fields\": [\"etiqueta_boton_continua_busqueda\"]}}]',57,1),(295,'2019-05-08 20:01:38.480000','2','Actividades',2,'[{\"changed\": {\"name\": \"Oferta tur\\u00edstica idiomas\", \"object\": \"Espa\\u00f1ol (ES)\", \"fields\": [\"etiqueta_boton_continua_busqueda\"]}}]',57,1),(296,'2019-05-08 20:02:18.697000','2','Actividades',2,'[{\"changed\": {\"name\": \"Oferta tur\\u00edstica idiomas\", \"object\": \"Espa\\u00f1ol (ES)\", \"fields\": [\"etiqueta_boton_continua_busqueda\"]}}]',57,1),(297,'2019-05-08 20:16:32.281000','1','1',2,'[{\"changed\": {\"name\": \"seccion vive cundinamarca idioma\", \"object\": \"Espa\\u00f1ol (ES)\", \"fields\": [\"contenido_seccion_lateral_superior\"]}}]',59,1),(298,'2019-05-08 20:16:51.904000','1','1',2,'[{\"changed\": {\"name\": \"seccion vive cundinamarca idioma\", \"object\": \"Espa\\u00f1ol (ES)\", \"fields\": [\"contenido_seccion_lateral_superior\"]}}]',59,1),(299,'2019-05-08 20:20:06.029000','1','1',2,'[{\"changed\": {\"name\": \"seccion vive cundinamarca idioma\", \"object\": \"Espa\\u00f1ol (ES)\", \"fields\": [\"contenido_busqueda\"]}}]',59,1),(300,'2019-05-08 20:20:38.539000','3','Lugares de interes',2,'[{\"changed\": {\"name\": \"Oferta tur\\u00edstica idiomas\", \"object\": \"Espa\\u00f1ol (ES)\", \"fields\": [\"contenido_busqueda\"]}}]',57,1),(301,'2019-05-08 20:24:01.196000','3','Lugares de interes',2,'[{\"changed\": {\"name\": \"Oferta tur\\u00edstica idiomas\", \"object\": \"Espa\\u00f1ol (ES)\", \"fields\": [\"contenido_busqueda\", \"input_busqueda\", \"etiqueta_boton_busqueda\", \"titulo_recomendaciones\", \"descripcion_seccion_inferior\"]}}]',57,1),(302,'2019-05-08 20:24:50.471000','3','Lugares de interes',2,'[{\"changed\": {\"name\": \"Oferta tur\\u00edstica idiomas\", \"object\": \"Espa\\u00f1ol (ES)\", \"fields\": [\"contenido_busqueda\"]}}]',57,1),(303,'2019-05-08 20:26:56.132000','3','Lugares de interes',2,'[{\"changed\": {\"name\": \"Oferta tur\\u00edstica idiomas\", \"object\": \"Espa\\u00f1ol (ES)\", \"fields\": [\"texto_titulo_resultados\"]}}]',57,1),(304,'2019-05-08 20:31:46.705000','3','Lugares de interes',2,'[{\"changed\": {\"name\": \"Oferta tur\\u00edstica idiomas\", \"object\": \"Espa\\u00f1ol (ES)\", \"fields\": [\"texto_filtro_busqueda_tipicos\"]}}]',57,1),(305,'2019-05-08 20:38:10.573000','3','Lugares de interes',2,'[{\"added\": {\"name\": \"Oferta tur\\u00edstica idiomas\", \"object\": \"English (EN)\"}}, {\"changed\": {\"name\": \"Oferta tur\\u00edstica idiomas\", \"object\": \"Espa\\u00f1ol (ES)\", \"fields\": [\"titulo_seccion_rutas_turisticas\", \"descripcion_seccion_rutas_turisticas\"]}}]',57,1),(306,'2019-05-08 20:39:11.706000','3','Lugares de interes',2,'[{\"changed\": {\"fields\": [\"icono\"]}}]',57,1),(307,'2019-05-08 20:42:36.130000','3','Lugares de interes',2,'[{\"changed\": {\"name\": \"Oferta tur\\u00edstica idiomas\", \"object\": \"Espa\\u00f1ol (ES)\", \"fields\": [\"contenido_busqueda\"]}}]',57,1),(308,'2019-05-08 20:43:28.314000','3','Lugares de interes',2,'[{\"changed\": {\"name\": \"Oferta tur\\u00edstica idiomas\", \"object\": \"Espa\\u00f1ol (ES)\", \"fields\": [\"contenido_busqueda\"]}}, {\"changed\": {\"name\": \"Oferta tur\\u00edstica idiomas\", \"object\": \"English (EN)\", \"fields\": [\"contenido_busqueda\"]}}]',57,1),(309,'2019-05-08 20:43:40.644000','3','Lugares de interes',2,'[{\"changed\": {\"name\": \"Oferta tur\\u00edstica idiomas\", \"object\": \"English (EN)\", \"fields\": [\"descripcion_seccion_inferior\"]}}]',57,1),(310,'2019-05-08 20:44:53.693000','3','Lugares de interes',2,'[{\"changed\": {\"name\": \"Oferta tur\\u00edstica idiomas\", \"object\": \"Espa\\u00f1ol (ES)\", \"fields\": [\"descripcion_seccion_rutas_turisticas\"]}}, {\"changed\": {\"name\": \"Oferta tur\\u00edstica idiomas\", \"object\": \"English (EN)\", \"fields\": [\"descripcion_seccion_rutas_turisticas\"]}}]',57,1),(311,'2019-05-08 20:48:33.501000','1','Rutas turísticas',2,'[{\"changed\": {\"fields\": [\"titulo_seccion\", \"icono\"]}}]',57,1),(312,'2019-05-08 20:52:07.216000','1','Rutas turísticas',2,'[{\"changed\": {\"name\": \"Oferta tur\\u00edstica idiomas\", \"object\": \"Espa\\u00f1ol (ES)\", \"fields\": [\"titulo_seccion_rutas_turisticas\", \"descripcion_seccion_rutas_turisticas\", \"etiqueta_boton_continua_busqueda\", \"etiqueta_boton_busqueda\"]}}, {\"changed\": {\"name\": \"Oferta tur\\u00edstica idiomas\", \"object\": \"English (EN)\", \"fields\": [\"descripcion_seccion_rutas_turisticas\", \"etiqueta_boton_continua_busqueda\", \"etiqueta_boton_busqueda\"]}}]',57,1),(313,'2019-05-08 20:53:40.820000','2','Actividades sugeridas',2,'[{\"changed\": {\"fields\": [\"titulo_seccion\", \"imagen_mapa\"]}}]',57,1),(314,'2019-05-08 20:59:26.886000','3','Lugares de interes',2,'[{\"changed\": {\"name\": \"Oferta tur\\u00edstica idiomas\", \"object\": \"Espa\\u00f1ol (ES)\", \"fields\": [\"texto_filtro_busqueda_tipicos\"]}}, {\"changed\": {\"name\": \"Oferta tur\\u00edstica idiomas\", \"object\": \"English (EN)\", \"fields\": [\"texto_filtro_busqueda_tipicos\"]}}]',57,1),(315,'2019-05-08 21:01:43.556000','4','Turismo sustentable',1,'[{\"added\": {}}, {\"added\": {\"name\": \"Estad\\u00edstica idioma\", \"object\": \"Espa\\u00f1ol (ES)\"}}]',27,1),(316,'2019-05-08 21:04:03.874000','2','Actividades sugeridas',2,'[{\"added\": {\"name\": \"Oferta tur\\u00edstica idiomas\", \"object\": \"English (EN)\"}}, {\"changed\": {\"name\": \"Oferta tur\\u00edstica idiomas\", \"object\": \"Espa\\u00f1ol (ES)\", \"fields\": [\"descripcion_seccion_rutas_turisticas\", \"etiqueta_boton_continua_busqueda\", \"contenido_busqueda\", \"input_busqueda\", \"etiqueta_boton_busqueda\", \"titulo_recomendaciones\", \"descripcion_seccion_inferior\", \"texto_titulo_resultados\"]}}]',57,1),(317,'2019-05-08 21:05:46.608000','4','Prestadores de servicio',1,'[{\"added\": {}}]',57,1),(318,'2019-05-08 21:05:57.702000','2','Español (ES)',2,'[{\"added\": {\"name\": \"Ficha t\\u00e9cnica\", \"object\": \"None\"}}]',28,1),(319,'2019-05-08 21:08:20.734000','5','Generación de Empleo',1,'[{\"added\": {}}]',27,1),(320,'2019-05-08 21:08:57.840000','4','Prestadores de servicio',2,'[{\"added\": {\"name\": \"Oferta tur\\u00edstica idiomas\", \"object\": \"Espa\\u00f1ol (ES)\"}}, {\"added\": {\"name\": \"Oferta tur\\u00edstica idiomas\", \"object\": \"English (EN)\"}}]',57,1),(321,'2019-05-08 21:09:01.398000','6','Oferta Turistica',1,'[{\"added\": {}}]',27,1),(322,'2019-05-08 21:09:05.082000','4','Prestadores de servicio',2,'[]',57,1),(323,'2019-05-08 21:10:11.638000','5','Gastronomía',1,'[{\"added\": {}}]',57,1),(324,'2019-05-08 21:12:51.517000','5','Gastronomía',2,'[{\"added\": {\"name\": \"Oferta tur\\u00edstica idiomas\", \"object\": \"Espa\\u00f1ol (ES)\"}}, {\"added\": {\"name\": \"Oferta tur\\u00edstica idiomas\", \"object\": \"English (EN)\"}}]',57,1),(325,'2019-05-08 21:12:58.450000','5','Gastronomía',2,'[]',57,1),(326,'2019-05-08 21:13:54.911000','6','Eventos',1,'[{\"added\": {}}]',57,1),(327,'2019-05-08 21:16:27.274000','6','Eventos',2,'[{\"added\": {\"name\": \"Oferta tur\\u00edstica idiomas\", \"object\": \"Espa\\u00f1ol (ES)\"}}, {\"added\": {\"name\": \"Oferta tur\\u00edstica idiomas\", \"object\": \"English (EN)\"}}]',57,1),(328,'2019-05-08 21:18:19.991000','2','Actividades sugeridas',2,'[{\"changed\": {\"fields\": [\"icono\"]}}]',57,1),(329,'2019-05-08 21:19:47.016000','2','Actividades sugeridas',2,'[{\"changed\": {\"name\": \"Oferta tur\\u00edstica idiomas\", \"object\": \"Espa\\u00f1ol (ES)\", \"fields\": [\"contenido_busqueda\"]}}, {\"changed\": {\"name\": \"Oferta tur\\u00edstica idiomas\", \"object\": \"English (EN)\", \"fields\": [\"contenido_busqueda\"]}}]',57,1),(330,'2019-05-08 21:20:52.712000','2','Actividades sugeridas',2,'[{\"changed\": {\"name\": \"Oferta tur\\u00edstica idiomas\", \"object\": \"Espa\\u00f1ol (ES)\", \"fields\": [\"descripcion_seccion_inferior\"]}}]',57,1),(331,'2019-05-08 21:21:43.285000','2','Actividades sugeridas',2,'[{\"changed\": {\"name\": \"Oferta tur\\u00edstica idiomas\", \"object\": \"Espa\\u00f1ol (ES)\", \"fields\": [\"contenido_busqueda\"]}}, {\"changed\": {\"name\": \"Oferta tur\\u00edstica idiomas\", \"object\": \"English (EN)\", \"fields\": [\"contenido_busqueda\"]}}]',57,1),(332,'2019-05-08 21:22:13.979000','6','Eventos',2,'[{\"changed\": {\"name\": \"Oferta tur\\u00edstica idiomas\", \"object\": \"Espa\\u00f1ol (ES)\", \"fields\": [\"contenido_busqueda\"]}}, {\"changed\": {\"name\": \"Oferta tur\\u00edstica idiomas\", \"object\": \"English (EN)\", \"fields\": [\"contenido_busqueda\"]}}]',57,1),(333,'2019-05-08 21:22:34.491000','5','Gastronomía',2,'[{\"changed\": {\"name\": \"Oferta tur\\u00edstica idiomas\", \"object\": \"Espa\\u00f1ol (ES)\", \"fields\": [\"contenido_busqueda\"]}}, {\"changed\": {\"name\": \"Oferta tur\\u00edstica idiomas\", \"object\": \"English (EN)\", \"fields\": [\"contenido_busqueda\"]}}]',57,1),(334,'2019-05-08 21:22:56.135000','4','Prestadores de servicio',2,'[{\"changed\": {\"name\": \"Oferta tur\\u00edstica idiomas\", \"object\": \"Espa\\u00f1ol (ES)\", \"fields\": [\"contenido_busqueda\"]}}, {\"changed\": {\"name\": \"Oferta tur\\u00edstica idiomas\", \"object\": \"English (EN)\", \"fields\": [\"contenido_busqueda\"]}}]',57,1),(335,'2019-05-08 21:23:28.039000','3','Lugares de interes',2,'[{\"changed\": {\"name\": \"Oferta tur\\u00edstica idiomas\", \"object\": \"Espa\\u00f1ol (ES)\", \"fields\": [\"contenido_busqueda\"]}}, {\"changed\": {\"name\": \"Oferta tur\\u00edstica idiomas\", \"object\": \"English (EN)\", \"fields\": [\"contenido_busqueda\"]}}]',57,1),(336,'2019-05-08 21:24:01.375000','2','Actividades sugeridas',2,'[]',57,1),(337,'2019-05-08 21:25:30.145000','4','Prestadores de servicio',2,'[{\"changed\": {\"name\": \"Oferta tur\\u00edstica idiomas\", \"object\": \"Espa\\u00f1ol (ES)\", \"fields\": [\"contenido_busqueda\"]}}, {\"changed\": {\"name\": \"Oferta tur\\u00edstica idiomas\", \"object\": \"English (EN)\", \"fields\": [\"contenido_busqueda\"]}}]',57,1),(338,'2019-05-08 21:26:38.595000','4','Prestadores de servicio',2,'[{\"changed\": {\"name\": \"Oferta tur\\u00edstica idiomas\", \"object\": \"Espa\\u00f1ol (ES)\", \"fields\": [\"descripcion_seccion_inferior\"]}}]',57,1),(339,'2019-05-08 21:26:58.552000','3','Lugares de interes',2,'[{\"changed\": {\"name\": \"Oferta tur\\u00edstica idiomas\", \"object\": \"Espa\\u00f1ol (ES)\", \"fields\": [\"descripcion_seccion_inferior\"]}}]',57,1),(340,'2019-05-08 21:27:16.751000','2','Actividades sugeridas',2,'[{\"changed\": {\"name\": \"Oferta tur\\u00edstica idiomas\", \"object\": \"Espa\\u00f1ol (ES)\", \"fields\": [\"descripcion_seccion_inferior\"]}}]',57,1),(341,'2019-05-08 21:27:35.906000','4','Prestadores de servicio',2,'[{\"changed\": {\"name\": \"Oferta tur\\u00edstica idiomas\", \"object\": \"Espa\\u00f1ol (ES)\", \"fields\": [\"etiqueta_boton_continua_busqueda\"]}}]',57,1),(342,'2019-05-08 21:28:17.917000','5','Gastronomía',2,'[{\"changed\": {\"name\": \"Oferta tur\\u00edstica idiomas\", \"object\": \"Espa\\u00f1ol (ES)\", \"fields\": [\"contenido_busqueda\"]}}, {\"changed\": {\"name\": \"Oferta tur\\u00edstica idiomas\", \"object\": \"English (EN)\", \"fields\": [\"contenido_busqueda\"]}}]',57,1),(343,'2019-05-08 21:28:58.031000','6','Eventos',2,'[{\"changed\": {\"name\": \"Oferta tur\\u00edstica idiomas\", \"object\": \"Espa\\u00f1ol (ES)\", \"fields\": [\"contenido_busqueda\"]}}, {\"changed\": {\"name\": \"Oferta tur\\u00edstica idiomas\", \"object\": \"English (EN)\", \"fields\": [\"contenido_busqueda\"]}}]',57,1),(344,'2019-05-08 21:29:58.391000','5','Gastronomía',2,'[{\"changed\": {\"name\": \"Oferta tur\\u00edstica idiomas\", \"object\": \"Espa\\u00f1ol (ES)\", \"fields\": [\"descripcion_seccion_inferior\"]}}, {\"changed\": {\"name\": \"Oferta tur\\u00edstica idiomas\", \"object\": \"English (EN)\", \"fields\": [\"descripcion_seccion_inferior\"]}}]',57,1),(345,'2019-05-08 21:30:37.670000','5','Gastronomía',2,'[]',57,1),(346,'2019-05-08 21:31:38.298000','6','Eventos',2,'[{\"changed\": {\"name\": \"Oferta tur\\u00edstica idiomas\", \"object\": \"Espa\\u00f1ol (ES)\", \"fields\": [\"descripcion_seccion_inferior\"]}}]',57,1),(347,'2019-05-08 21:32:09.981000','6','Eventos',2,'[{\"changed\": {\"name\": \"Oferta tur\\u00edstica idiomas\", \"object\": \"Espa\\u00f1ol (ES)\", \"fields\": [\"descripcion_seccion_inferior\"]}}]',57,1),(348,'2019-05-08 21:32:45.320000','5','Gastronomía',2,'[{\"changed\": {\"name\": \"Oferta tur\\u00edstica idiomas\", \"object\": \"Espa\\u00f1ol (ES)\", \"fields\": [\"descripcion_seccion_inferior\"]}}]',57,1),(349,'2019-05-08 21:34:04.867000','1','Rutas turísticas',2,'[{\"changed\": {\"name\": \"Oferta tur\\u00edstica idiomas\", \"object\": \"English (EN)\", \"fields\": [\"titulo_seccion_rutas_turisticas\"]}}]',57,1),(350,'2019-05-08 21:46:02.609000','1','Contacto',2,'[{\"changed\": {\"name\": \"contacto idioma\", \"object\": \"Espa\\u00f1ol (ES)\", \"fields\": [\"titulo_seccion_formulario\", \"contenido_seccion_lateral\"]}}]',54,1),(351,'2019-05-08 21:46:38.093000','1','Contacto',2,'[{\"changed\": {\"name\": \"contacto idioma\", \"object\": \"Espa\\u00f1ol (ES)\", \"fields\": [\"telefono\"]}}]',54,1),(352,'2019-05-08 21:50:05.441000','3','Biblioteca digital',2,'[{\"changed\": {\"name\": \"informacion general idioma\", \"object\": \"Espa\\u00f1ol (ES)\", \"fields\": [\"descripcion_seccion\"]}}]',42,1),(353,'2019-05-08 21:52:00.671000','3','Biblioteca digital',2,'[{\"changed\": {\"name\": \"informacion general idioma\", \"object\": \"Espa\\u00f1ol (ES)\", \"fields\": [\"texto_input_busqueda\"]}}, {\"changed\": {\"name\": \"informacion general idioma\", \"object\": \"English (EN)\", \"fields\": [\"descripcion_seccion\", \"texto_input_busqueda\", \"etiqueta_boton_descargar\"]}}]',42,1),(354,'2019-05-08 21:55:18.885000','1','Gravida aliquet tempor felis elementum',2,'[{\"changed\": {\"fields\": [\"nombre_archivo\", \"imagen_portada\"]}}, {\"changed\": {\"name\": \"biblioteca idioma\", \"object\": \"Espa\\u00f1ol (ES)\", \"fields\": [\"titulo_archivo\", \"descripcion_archivo\"]}}, {\"changed\": {\"name\": \"biblioteca idioma\", \"object\": \"English (EN)\", \"fields\": [\"titulo_archivo\", \"descripcion_archivo\"]}}]',36,1),(355,'2019-05-08 21:56:38.762000','1','Gravida aliquet tempor felis elementum',2,'[]',36,1),(356,'2019-05-08 21:58:40.004000','2','Cras magnis et a tortor sodales conubia fames',1,'[{\"added\": {}}]',36,1),(357,'2019-05-08 21:59:14.867000','2','Cras magnis et a tortor sodales conubia fames',2,'[{\"added\": {\"name\": \"biblioteca idioma\", \"object\": \"Espa\\u00f1ol (ES)\"}}, {\"added\": {\"name\": \"biblioteca idioma\", \"object\": \"English (EN)\"}}]',36,1),(358,'2019-05-08 21:59:44.165000','2','Cras magnis et a tortor sodales conubia fames',2,'[]',36,1),(359,'2019-05-08 22:02:39.010000','3','Viverra vitae fames inceptos risus, imperdiet etiam torquent tempor quisque',1,'[{\"added\": {}}]',36,1),(360,'2019-05-08 22:04:36.910000','3','Viverra vitae fames inceptos risus, imperdiet etiam torquent tempor quisque',2,'[{\"added\": {\"name\": \"biblioteca idioma\", \"object\": \"Espa\\u00f1ol (ES)\"}}, {\"added\": {\"name\": \"biblioteca idioma\", \"object\": \"English (EN)\"}}]',36,1),(361,'2019-05-08 22:12:23.085000','1','Almacén / Logística / Transporte',2,'[{\"changed\": {\"fields\": [\"nombre_categoria\"]}}, {\"added\": {\"name\": \"categoria empleo idioma\", \"object\": \"English (EN)\"}}, {\"changed\": {\"name\": \"categoria empleo idioma\", \"object\": \"Espa\\u00f1ol (ES)\", \"fields\": [\"nombre_categoria\"]}}]',38,1),(362,'2019-05-08 22:12:52.747000','2','Administración / Oficina',1,'[{\"added\": {}}, {\"added\": {\"name\": \"categoria empleo idioma\", \"object\": \"Espa\\u00f1ol (ES)\"}}, {\"added\": {\"name\": \"categoria empleo idioma\", \"object\": \"English (EN)\"}}]',38,1),(363,'2019-05-08 22:13:19.032000','3','Atención al cliente',1,'[{\"added\": {}}, {\"added\": {\"name\": \"categoria empleo idioma\", \"object\": \"Espa\\u00f1ol (ES)\"}}, {\"added\": {\"name\": \"categoria empleo idioma\", \"object\": \"English (EN)\"}}]',38,1),(364,'2019-05-08 22:13:57.731000','4','Construcción y obra',1,'[{\"added\": {}}, {\"added\": {\"name\": \"categoria empleo idioma\", \"object\": \"Espa\\u00f1ol (ES)\"}}, {\"added\": {\"name\": \"categoria empleo idioma\", \"object\": \"English (EN)\"}}]',38,1),(365,'2019-05-08 22:14:32.058000','5','Contabilidad / Finanzas',1,'[{\"added\": {}}, {\"added\": {\"name\": \"categoria empleo idioma\", \"object\": \"Espa\\u00f1ol (ES)\"}}, {\"added\": {\"name\": \"categoria empleo idioma\", \"object\": \"English (EN)\"}}]',38,1),(366,'2019-05-08 22:14:59.007000','6','Ingeniería',1,'[{\"added\": {}}, {\"added\": {\"name\": \"categoria empleo idioma\", \"object\": \"Espa\\u00f1ol (ES)\"}}, {\"added\": {\"name\": \"categoria empleo idioma\", \"object\": \"English (EN)\"}}]',38,1),(367,'2019-05-08 22:15:40.500000','7','Matenimiento / Reparaciones',1,'[{\"added\": {}}, {\"added\": {\"name\": \"categoria empleo idioma\", \"object\": \"Espa\\u00f1ol (ES)\"}}, {\"added\": {\"name\": \"categoria empleo idioma\", \"object\": \"English (EN)\"}}]',38,1),(368,'2019-05-08 22:16:08.299000','8','Medicina / Salud',1,'[{\"added\": {}}, {\"added\": {\"name\": \"categoria empleo idioma\", \"object\": \"Espa\\u00f1ol (ES)\"}}, {\"added\": {\"name\": \"categoria empleo idioma\", \"object\": \"English (EN)\"}}]',38,1),(369,'2019-05-08 22:16:38.435000','9','Servicios generales y seguridad',1,'[{\"added\": {}}, {\"added\": {\"name\": \"categoria empleo idioma\", \"object\": \"Espa\\u00f1ol (ES)\"}}, {\"added\": {\"name\": \"categoria empleo idioma\", \"object\": \"English (EN)\"}}]',38,1),(370,'2019-05-08 22:17:02.817000','10','Técnicas',1,'[{\"added\": {}}, {\"added\": {\"name\": \"categoria empleo idioma\", \"object\": \"Espa\\u00f1ol (ES)\"}}, {\"added\": {\"name\": \"categoria empleo idioma\", \"object\": \"English (EN)\"}}]',38,1),(371,'2019-05-08 22:17:32.158000','11','Ventas',1,'[{\"added\": {}}, {\"added\": {\"name\": \"categoria empleo idioma\", \"object\": \"Espa\\u00f1ol (ES)\"}}, {\"added\": {\"name\": \"categoria empleo idioma\", \"object\": \"English (EN)\"}}]',38,1),(372,'2019-05-08 22:19:10.115000','4','Bolsa de empleo',2,'[{\"changed\": {\"fields\": [\"icono\"]}}]',42,1),(373,'2019-05-08 22:24:02.343000','4','Bolsa de empleo',2,'[{\"added\": {\"name\": \"informacion general idioma\", \"object\": \"English (EN)\"}}, {\"changed\": {\"name\": \"informacion general idioma\", \"object\": \"Espa\\u00f1ol (ES)\", \"fields\": [\"descripcion_seccion\", \"etiqueta_filtro_recientes\", \"etiqueta_filtro_alfabetico\", \"etiqueta_boton_descargar\", \"etiqueta_bot\\u00f3n_aplicar_oferta\", \"titulo_modal_seleccionar_municipio\", \"etiqueta_boton_seleccionar_municipio\"]}}]',42,1),(374,'2019-05-08 22:25:18.657000','1','Suspendisse orci in dapibus suscipit curae taciti porta scelerisque ligula',2,'[{\"changed\": {\"fields\": [\"nombre_cargo\", \"municipio\", \"email_contratante\"]}}]',50,1),(375,'2019-05-08 22:27:04.624000','1','Suspendisse orci in dapibus suscipit curae taciti porta scelerisque ligula',2,'[{\"added\": {\"name\": \"oportunidades empleo idioma\", \"object\": \"English (EN)\"}}, {\"changed\": {\"name\": \"oportunidades empleo idioma\", \"object\": \"Espa\\u00f1ol (ES)\", \"fields\": [\"nombre_cargo\", \"descripcion_cargo\", \"descripcion_requisitos\"]}}]',50,1),(376,'2019-05-08 22:28:17.240000','1','Suspendisse orci in dapibus suscipit curae taciti porta scelerisque ligula',2,'[]',50,1),(377,'2019-05-08 22:29:39.019000','1','Suspendisse orci in dapibus suscipit curae taciti porta scelerisque ligula',2,'[{\"changed\": {\"name\": \"oportunidades empleo idioma\", \"object\": \"English (EN)\", \"fields\": [\"descripcion_requisitos\"]}}]',50,1),(378,'2019-05-08 22:34:50.371000','6','Oferta Turistica',2,'[{\"added\": {\"name\": \"Estad\\u00edstica idioma\", \"object\": \"Espa\\u00f1ol (ES)\"}}]',27,1),(379,'2019-05-08 22:35:53.265000','1','Suspendisse orci in dapibus suscipit curae taciti porta scelerisque ligula',2,'[]',50,1),(380,'2019-05-08 22:36:23.248000','2','Natoque aliquam praesent fames himenaeos habitasse',1,'[{\"added\": {}}]',50,1),(381,'2019-05-08 22:38:37.652000','2','Natoque aliquam praesent fames himenaeos habitasse',2,'[{\"added\": {\"name\": \"oportunidades empleo idioma\", \"object\": \"Espa\\u00f1ol (ES)\"}}, {\"added\": {\"name\": \"oportunidades empleo idioma\", \"object\": \"English (EN)\"}}]',50,1),(382,'2019-05-08 22:39:15.351000','2','Natoque aliquam praesent fames himenaeos habitasse',2,'[]',50,1),(383,'2019-05-08 22:40:26.106000','5','Generación de Empleo',2,'[{\"added\": {\"name\": \"Estad\\u00edstica idioma\", \"object\": \"Espa\\u00f1ol (ES)\"}}]',27,1),(384,'2019-05-08 22:40:41.800000','3','Eget conubia netus habitasse eu mattis inceptos vestibulum',1,'[{\"added\": {}}, {\"added\": {\"name\": \"oportunidades empleo idioma\", \"object\": \"Espa\\u00f1ol (ES)\"}}, {\"added\": {\"name\": \"oportunidades empleo idioma\", \"object\": \"English (EN)\"}}]',50,1),(385,'2019-05-08 22:40:43.469000','3','Eget conubia netus habitasse eu mattis inceptos vestibulum',2,'[]',50,1),(386,'2019-05-08 22:40:55.710000','2','Natoque aliquam praesent fames himenaeos habitasse',2,'[{\"changed\": {\"name\": \"oportunidades empleo idioma\", \"object\": \"English (EN)\", \"fields\": [\"descripcion_requisitos\"]}}]',50,1),(387,'2019-05-08 22:41:52.157000','6','Oferta Turistica',2,'[{\"changed\": {\"name\": \"Estad\\u00edstica idioma\", \"object\": \"Espa\\u00f1ol (ES)\", \"fields\": [\"nombre_medicion\"]}}]',27,1),(388,'2019-05-08 22:42:17.302000','1','Comunicados',2,'[{\"added\": {\"name\": \"categoria informes idioma\", \"object\": \"English (EN)\"}}]',40,1),(389,'2019-05-08 22:43:10.230000','2','Informes Turismo',1,'[{\"added\": {}}, {\"added\": {\"name\": \"categoria informes idioma\", \"object\": \"Espa\\u00f1ol (ES)\"}}, {\"added\": {\"name\": \"categoria informes idioma\", \"object\": \"English (EN)\"}}]',40,1),(390,'2019-05-08 22:43:38.716000','3','Informes PST',1,'[{\"added\": {}}, {\"added\": {\"name\": \"categoria informes idioma\", \"object\": \"Espa\\u00f1ol (ES)\"}}, {\"added\": {\"name\": \"categoria informes idioma\", \"object\": \"English (EN)\"}}]',40,1),(391,'2019-05-08 22:44:00.826000','2','Turismo interno y emisor',2,'[{\"added\": {\"name\": \"Estad\\u00edstica idioma\", \"object\": \"Espa\\u00f1ol (ES)\"}}]',27,1),(392,'2019-05-08 22:44:19.570000','4','Informes especiales',1,'[{\"added\": {}}, {\"added\": {\"name\": \"categoria informes idioma\", \"object\": \"Espa\\u00f1ol (ES)\"}}, {\"added\": {\"name\": \"categoria informes idioma\", \"object\": \"English (EN)\"}}]',40,1),(393,'2019-05-08 22:45:39.499000','3','Verificación RNT',2,'[{\"added\": {\"name\": \"Estad\\u00edstica idioma\", \"object\": \"Espa\\u00f1ol (ES)\"}}]',27,1),(394,'2019-05-08 22:48:29.124000','2','Informes',2,'[{\"added\": {\"name\": \"informacion general idioma\", \"object\": \"English (EN)\"}}, {\"changed\": {\"name\": \"informacion general idioma\", \"object\": \"Espa\\u00f1ol (ES)\", \"fields\": [\"descripcion_seccion\", \"etiqueta_boton_busqueda\", \"titulo_modal_seleccionar_municipio\", \"etiqueta_boton_seleccionar_municipio\"]}}]',42,1),(395,'2019-05-08 22:50:48.408000','1','Interdum orci nulla volutpat accumsan egestas montes',2,'[{\"changed\": {\"fields\": [\"titulo_informe\", \"municipio\", \"slug_informe\"]}}]',45,1),(396,'2019-05-08 22:53:00.101000','1','Interdum orci nulla volutpat accumsan egestas montes',2,'[{\"added\": {\"name\": \"informe idioma\", \"object\": \"English (EN)\"}}, {\"changed\": {\"name\": \"informe idioma\", \"object\": \"Espa\\u00f1ol (ES)\", \"fields\": [\"titulo_informe\", \"resumen_informe\", \"descripcion_informe\"]}}]',45,1),(397,'2019-05-08 22:53:33.431000','1','Interdum orci nulla volutpat accumsan egestas montes',2,'[]',45,1),(398,'2019-05-08 22:54:29.315000','2','Nascetur velit ante maecenas tempus pellentesque class dapibus phasellus netus',1,'[{\"added\": {}}]',45,1),(399,'2019-05-08 22:55:09.250000','2','Nascetur velit ante maecenas tempus pellentesque class dapibus phasellus netus',2,'[{\"added\": {\"name\": \"informe idioma\", \"object\": \"Espa\\u00f1ol (ES)\"}}, {\"added\": {\"name\": \"informe idioma\", \"object\": \"English (EN)\"}}]',45,1),(400,'2019-05-08 22:55:47.040000','3','Vitae arcu dictum natoque gravida dignissim morbi torquent',1,'[{\"added\": {}}]',45,1),(401,'2019-05-08 22:56:35.048000','3','Vitae arcu dictum natoque gravida dignissim morbi torquent',2,'[{\"added\": {\"name\": \"informe idioma\", \"object\": \"Espa\\u00f1ol (ES)\"}}, {\"added\": {\"name\": \"informe idioma\", \"object\": \"English (EN)\"}}]',45,1),(402,'2019-05-08 22:56:55.710000','2','Nascetur velit ante maecenas tempus pellentesque class dapibus phasellus netus',2,'[{\"changed\": {\"name\": \"informe idioma\", \"object\": \"Espa\\u00f1ol (ES)\", \"fields\": [\"titulo_informe\"]}}, {\"changed\": {\"name\": \"informe idioma\", \"object\": \"English (EN)\", \"fields\": [\"titulo_informe\"]}}]',45,1),(403,'2019-05-08 22:57:03.291000','3','Vitae arcu dictum natoque gravida dignissim morbi torquent,',2,'[{\"changed\": {\"fields\": [\"titulo_informe\"]}}]',45,1),(404,'2019-05-08 22:57:08.176000','2','Nascetur velit ante maecenas tempus pellentesque class dapibus phasellus netus,',2,'[{\"changed\": {\"fields\": [\"titulo_informe\"]}}]',45,1),(405,'2019-05-08 22:57:11.708000','1','Interdum orci nulla volutpat accumsan egestas montes,',2,'[{\"changed\": {\"fields\": [\"titulo_informe\"]}}]',45,1),(406,'2019-05-08 22:57:20.881000','3','Viverra vitae fames inceptos risus, imperdiet etiam torquent tempor quisque,',2,'[{\"changed\": {\"fields\": [\"nombre_archivo\"]}}]',36,1),(407,'2019-05-08 22:57:24.600000','2','Cras magnis et a tortor sodales conubia fames,',2,'[{\"changed\": {\"fields\": [\"nombre_archivo\"]}}]',36,1),(408,'2019-05-08 22:57:28.453000','1','Gravida aliquet tempor felis elementum,',2,'[{\"changed\": {\"fields\": [\"nombre_archivo\"]}}]',36,1),(409,'2019-05-08 22:57:34.797000','3','Eget conubia netus habitasse eu mattis inceptos vestibulum,',2,'[{\"changed\": {\"fields\": [\"nombre_cargo\"]}}]',50,1),(410,'2019-05-08 22:57:37.872000','2','Natoque aliquam praesent fames himenaeos habitasse,',2,'[{\"changed\": {\"fields\": [\"nombre_cargo\"]}}]',50,1),(411,'2019-05-08 22:57:41.822000','1','Suspendisse orci in dapibus suscipit curae taciti porta scelerisque ligula,',2,'[{\"changed\": {\"fields\": [\"nombre_cargo\"]}}]',50,1),(412,'2019-05-08 22:59:42.700000','1','Suspendisse orci in dapibus suscipit',2,'[{\"changed\": {\"fields\": [\"titulo_noticia\", \"municipio\", \"slug_semanario\"]}}]',47,1),(413,'2019-05-08 23:00:20.320000','1','Suspendisse orci in dapibus suscipit',2,'[{\"added\": {\"name\": \"noticia semanario idioma\", \"object\": \"English (EN)\"}}, {\"changed\": {\"name\": \"noticia semanario idioma\", \"object\": \"Espa\\u00f1ol (ES)\", \"fields\": [\"titulo_noticia\", \"descripcion_semanario\"]}}]',47,1),(414,'2019-05-08 23:00:28.808000','1','Suspendisse orci in dapibus suscipit',2,'[]',47,1),(415,'2019-05-08 23:01:30.990000','2','Integer senectus potenti facilisi,',1,'[{\"added\": {}}, {\"added\": {\"name\": \"noticia semanario idioma\", \"object\": \"Espa\\u00f1ol (ES)\"}}, {\"added\": {\"name\": \"noticia semanario idioma\", \"object\": \"English (EN)\"}}]',47,1),(416,'2019-05-08 23:01:36.549000','1','Suspendisse orci in dapibus suscipit,',2,'[{\"changed\": {\"fields\": [\"titulo_noticia\"]}}]',47,1),(417,'2019-05-08 23:02:28.193000','3','Curabitur sociosqu proin congue,',1,'[{\"added\": {}}, {\"added\": {\"name\": \"noticia semanario idioma\", \"object\": \"Espa\\u00f1ol (ES)\"}}, {\"added\": {\"name\": \"noticia semanario idioma\", \"object\": \"English (EN)\"}}]',47,1),(418,'2019-05-08 23:05:02.251000','1','Noticias recientes',2,'[{\"added\": {\"name\": \"informacion general idioma\", \"object\": \"English (EN)\"}}, {\"changed\": {\"name\": \"informacion general idioma\", \"object\": \"Espa\\u00f1ol (ES)\", \"fields\": [\"titulo_seccion\", \"descripcion_seccion\", \"etiqueta_boton_busqueda\", \"titulo_modal_seleccionar_municipio\", \"etiqueta_boton_seleccionar_municipio\"]}}]',42,1),(419,'2019-05-08 23:05:46.602000','1','Últimas noticias',2,'[{\"changed\": {\"fields\": [\"titulo_seccion\"]}}]',42,1),(420,'2019-05-09 13:21:00.055000','6','Español (ES)',2,'[{\"added\": {\"name\": \"Ficha t\\u00e9cnica\", \"object\": \"None\"}}]',28,1),(421,'2019-05-09 14:17:13.013000','1','1',2,'[{\"changed\": {\"name\": \"seccion vive cundinamarca idioma\", \"object\": \"Espa\\u00f1ol (ES)\", \"fields\": [\"descripcion_departamento\"]}}, {\"changed\": {\"name\": \"seccion vive cundinamarca idioma\", \"object\": \"English (EN)\", \"fields\": [\"titulo_seccion_principal\", \"descripcion_departamento\"]}}]',59,1),(422,'2019-05-09 14:17:56.481000','2','Arqueológico',2,'[{\"added\": {\"name\": \"categoria galeria idioma\", \"object\": \"English (EN)\"}}]',52,1),(423,'2019-05-09 14:18:05.596000','1','Aventura',2,'[{\"added\": {\"name\": \"categoria galeria idioma\", \"object\": \"English (EN)\"}}]',52,1),(424,'2019-05-09 14:28:59.490000','1','1',2,'[{\"changed\": {\"name\": \"seccion vive cundinamarca idioma\", \"object\": \"Espa\\u00f1ol (ES)\", \"fields\": [\"descripcion_departamento\"]}}, {\"changed\": {\"name\": \"seccion vive cundinamarca idioma\", \"object\": \"English (EN)\", \"fields\": [\"descripcion_departamento\"]}}]',59,1),(425,'2019-05-09 14:36:05.642000','1','1',2,'[{\"changed\": {\"name\": \"seccion vive cundinamarca idioma\", \"object\": \"English (EN)\", \"fields\": [\"etiqueta_boton_municipios\", \"titulo_seccion_gastronomia\", \"etiqueta_boton_gastronomia\", \"etiqueta_boton_requisitos_viaje\", \"etiqueta_boton_lateral_inferior_municipios\"]}}]',59,1),(426,'2019-05-09 15:37:33.676000','1','1',2,'[{\"changed\": {\"name\": \"seccion vive cundinamarca idioma\", \"object\": \"Espa\\u00f1ol (ES)\", \"fields\": [\"contenido_busqueda\"]}}, {\"changed\": {\"name\": \"seccion vive cundinamarca idioma\", \"object\": \"English (EN)\", \"fields\": [\"contenido_busqueda\"]}}]',59,1),(427,'2019-05-09 15:38:20.277000','1','1',2,'[{\"changed\": {\"name\": \"seccion vive cundinamarca idioma\", \"object\": \"Espa\\u00f1ol (ES)\", \"fields\": [\"contenido_busqueda\"]}}, {\"changed\": {\"name\": \"seccion vive cundinamarca idioma\", \"object\": \"English (EN)\", \"fields\": [\"contenido_busqueda\"]}}]',59,1),(428,'2019-05-09 15:39:47.833000','1','1',2,'[{\"changed\": {\"name\": \"seccion vive cundinamarca idioma\", \"object\": \"Espa\\u00f1ol (ES)\", \"fields\": [\"contenido_busqueda\"]}}, {\"changed\": {\"name\": \"seccion vive cundinamarca idioma\", \"object\": \"English (EN)\", \"fields\": [\"contenido_busqueda\"]}}]',59,1),(429,'2019-05-09 15:40:44.784000','1','1',2,'[{\"changed\": {\"name\": \"seccion vive cundinamarca idioma\", \"object\": \"English (EN)\", \"fields\": [\"contenido_busqueda\"]}}]',59,1),(430,'2019-05-09 15:41:17.733000','6','Eventos',2,'[{\"changed\": {\"name\": \"Oferta tur\\u00edstica idiomas\", \"object\": \"English (EN)\", \"fields\": [\"contenido_busqueda\"]}}]',57,1),(431,'2019-05-09 15:41:49.865000','5','Gastronomía',2,'[{\"changed\": {\"name\": \"Oferta tur\\u00edstica idiomas\", \"object\": \"English (EN)\", \"fields\": [\"contenido_busqueda\"]}}]',57,1),(432,'2019-05-09 15:42:11.900000','4','Prestadores de servicio',2,'[{\"changed\": {\"name\": \"Oferta tur\\u00edstica idiomas\", \"object\": \"English (EN)\", \"fields\": [\"contenido_busqueda\"]}}]',57,1),(433,'2019-05-09 15:42:46.830000','3','Lugares de interés',2,'[{\"changed\": {\"fields\": [\"titulo_seccion\"]}}, {\"changed\": {\"name\": \"Oferta tur\\u00edstica idiomas\", \"object\": \"English (EN)\", \"fields\": [\"contenido_busqueda\"]}}]',57,1),(434,'2019-05-09 15:43:02.847000','2','Actividades sugeridas',2,'[{\"changed\": {\"name\": \"Oferta tur\\u00edstica idiomas\", \"object\": \"English (EN)\", \"fields\": [\"contenido_busqueda\"]}}]',57,1),(435,'2019-05-09 16:16:42.014000','5','Ya esta abierta la convocatoria para participar en el consejo departamental de cultura de Cundinamarca',2,'[{\"changed\": {\"fields\": [\"fecha_fin\"]}}]',46,1),(436,'2019-05-09 16:16:49.219000','4','Homenaje a la danza en los 116 municipios del departamento',2,'[{\"changed\": {\"fields\": [\"fecha_fin\"]}}]',46,1),(437,'2019-05-09 16:17:01.415000','3','Cundinamarca continúa capacitándose en temas turísticos',2,'[{\"changed\": {\"fields\": [\"fecha_fin\"]}}]',46,1),(438,'2019-05-09 16:17:18.649000','2','Primer puesto para Cundinamarca',2,'[{\"changed\": {\"fields\": [\"fecha_fin\"]}}]',46,1),(439,'2019-05-09 16:17:29.522000','1','Cundinamarca lista para el Global Big Day 2019',2,'[{\"changed\": {\"fields\": [\"fecha_fin\"]}}]',46,1),(440,'2019-05-09 18:00:24.021000','1','Español (ES)',2,'[{\"changed\": {\"name\": \"Ficha t\\u00e9cnica\", \"object\": \"Turistas\", \"fields\": [\"contenido_ficha_tecnica\"]}}]',28,1),(441,'2019-05-09 20:58:28.519000','5','Semanario',1,'[{\"added\": {}}, {\"added\": {\"name\": \"informacion general idioma\", \"object\": \"Espa\\u00f1ol (ES)\"}}, {\"added\": {\"name\": \"informacion general idioma\", \"object\": \"English (EN)\"}}]',42,1),(442,'2019-05-09 21:01:20.711000','5','Semanario',2,'[{\"changed\": {\"name\": \"informacion general idioma\", \"object\": \"Espa\\u00f1ol (ES)\", \"fields\": [\"titulo_seccion\"]}}, {\"changed\": {\"name\": \"informacion general idioma\", \"object\": \"English (EN)\", \"fields\": [\"titulo_seccion\"]}}]',42,1),(443,'2019-05-09 21:05:16.264000','3','Viverra vitae fames inceptos risus, imperdiet etiam torquent tempor quisque,',2,'[{\"changed\": {\"name\": \"biblioteca idioma\", \"object\": \"Espa\\u00f1ol (ES)\", \"fields\": [\"titulo_archivo\"]}}, {\"changed\": {\"name\": \"biblioteca idioma\", \"object\": \"English (EN)\", \"fields\": [\"titulo_archivo\"]}}]',36,1),(444,'2019-05-09 21:06:01.582000','3','Viverra vitae fames inceptos risus, imperdiet etiam torquent tempor quisque,',2,'[{\"changed\": {\"name\": \"biblioteca idioma\", \"object\": \"Espa\\u00f1ol (ES)\", \"fields\": [\"titulo_archivo\"]}}]',36,1),(445,'2019-05-09 21:06:31.882000','3','Viverra vitae fames inceptos risus, imperdiet etiam torquent tempor quisque,',2,'[{\"changed\": {\"name\": \"biblioteca idioma\", \"object\": \"Espa\\u00f1ol (ES)\", \"fields\": [\"titulo_archivo\"]}}]',36,1),(446,'2019-05-09 21:07:44.719000','3','Curabitur sociosqu proin congue,',2,'[{\"changed\": {\"fields\": [\"informacion_general\"]}}]',47,1),(447,'2019-05-09 21:09:25.661000','2','Integer senectus potenti facilisi,',2,'[{\"changed\": {\"fields\": [\"informacion_general\"]}}]',47,1),(448,'2019-05-09 21:09:31.634000','1','Suspendisse orci in dapibus suscipit,',2,'[{\"changed\": {\"fields\": [\"informacion_general\"]}}]',47,1),(449,'2019-05-09 21:48:13.306000','1','Contacto',2,'[{\"added\": {\"name\": \"contacto idioma\", \"object\": \"English (EN)\"}}, {\"changed\": {\"name\": \"contacto idioma\", \"object\": \"Espa\\u00f1ol (ES)\", \"fields\": [\"subtitulo_seccion_formulario\"]}}]',54,1),(450,'2019-05-09 21:56:23.810000','1','Contacto',2,'[]',54,1),(451,'2019-05-09 22:17:02.990000','6','Oferta Turistica',2,'[{\"added\": {\"name\": \"Estad\\u00edstica idioma\", \"object\": \"English (EN)\"}}, {\"changed\": {\"name\": \"Estad\\u00edstica idioma\", \"object\": \"Espa\\u00f1ol (ES)\", \"fields\": [\"descripcion_corta_medicion\", \"descripcion_medicion\"]}}]',27,1),(452,'2019-05-09 22:18:28.276000','5','Generación de Empleo',2,'[{\"added\": {\"name\": \"Estad\\u00edstica idioma\", \"object\": \"English (EN)\"}}]',27,1),(453,'2019-05-09 22:18:55.279000','5','Generación de Empleo',2,'[{\"changed\": {\"name\": \"Estad\\u00edstica idioma\", \"object\": \"Espa\\u00f1ol (ES)\", \"fields\": [\"descripcion_corta_medicion\", \"descripcion_medicion\"]}}]',27,1),(454,'2019-05-09 22:19:56.999000','4','Turismo sustentable',2,'[{\"added\": {\"name\": \"Estad\\u00edstica idioma\", \"object\": \"English (EN)\"}}, {\"changed\": {\"name\": \"Estad\\u00edstica idioma\", \"object\": \"Espa\\u00f1ol (ES)\", \"fields\": [\"descripcion_corta_medicion\", \"descripcion_medicion\"]}}]',27,1),(455,'2019-05-09 22:20:53.642000','3','Verificación RNT',2,'[{\"added\": {\"name\": \"Estad\\u00edstica idioma\", \"object\": \"English (EN)\"}}, {\"changed\": {\"name\": \"Estad\\u00edstica idioma\", \"object\": \"Espa\\u00f1ol (ES)\", \"fields\": [\"descripcion_corta_medicion\", \"descripcion_medicion\"]}}]',27,1),(456,'2019-05-09 22:21:40.791000','2','Turismo interno y emisor',2,'[{\"added\": {\"name\": \"Estad\\u00edstica idioma\", \"object\": \"English (EN)\"}}, {\"changed\": {\"name\": \"Estad\\u00edstica idioma\", \"object\": \"Espa\\u00f1ol (ES)\", \"fields\": [\"descripcion_corta_medicion\", \"descripcion_medicion\"]}}]',27,1),(457,'2019-05-09 22:22:39.584000','1','Turismo Receptor',2,'[{\"added\": {\"name\": \"Estad\\u00edstica idioma\", \"object\": \"English (EN)\"}}, {\"changed\": {\"name\": \"Estad\\u00edstica idioma\", \"object\": \"Espa\\u00f1ol (ES)\", \"fields\": [\"descripcion_corta_medicion\", \"descripcion_medicion\"]}}]',27,1),(458,'2019-05-09 22:22:46.437000','1','Turismo Receptor',2,'[]',27,1),(459,'2019-05-09 22:28:06.228000','5','Generación de Empleo',2,'[{\"changed\": {\"name\": \"Estad\\u00edstica idioma\", \"object\": \"English (EN)\", \"fields\": [\"nombre_medicion\"]}}]',27,1),(460,'2019-05-09 22:29:15.117000','2','Turismo interno y emisor',2,'[{\"changed\": {\"name\": \"Estad\\u00edstica idioma\", \"object\": \"English (EN)\", \"fields\": [\"nombre_medicion\"]}}]',27,1),(461,'2019-05-09 22:34:01.630000','1','1',2,'[{\"changed\": {\"name\": \"seccion vive cundinamarca idioma\", \"object\": \"Espa\\u00f1ol (ES)\", \"fields\": [\"resumen_demografico\"]}}]',59,1),(462,'2019-05-09 22:34:30.940000','1','1',2,'[{\"changed\": {\"name\": \"seccion vive cundinamarca idioma\", \"object\": \"Espa\\u00f1ol (ES)\", \"fields\": [\"resumen_demografico\"]}}]',59,1),(463,'2019-05-10 13:42:18.144000','1','Inicio',2,'[{\"changed\": {\"name\": \"P\\u00e1gina principal idioma\", \"object\": \"English (EN)\", \"fields\": [\"pie_pagina\"]}}]',19,1),(464,'2019-05-10 13:47:00.219000','1','1',2,'[{\"changed\": {\"name\": \"seccion vive cundinamarca idioma\", \"object\": \"Espa\\u00f1ol (ES)\", \"fields\": [\"resumen_demografico\"]}}, {\"changed\": {\"name\": \"seccion vive cundinamarca idioma\", \"object\": \"English (EN)\", \"fields\": [\"resumen_demografico\", \"resumen_geopolitico\"]}}]',59,1),(465,'2019-05-10 14:04:57.366000','1','1',2,'[{\"changed\": {\"name\": \"seccion vive cundinamarca idioma\", \"object\": \"English (EN)\", \"fields\": [\"etiqueta_boton_municipios\", \"contenido_seccion_lateral_superior\", \"contenido_busqueda\", \"input_busqueda\", \"etiqueta_boton_busqueda\", \"titulo_recomendaciones\", \"titulo_inferior_derecho_municipios\", \"etiqueta_boton_lateral_inferior_municipios\"]}}]',59,1),(466,'2019-05-10 14:06:02.819000','6','Eventos',2,'[{\"changed\": {\"name\": \"Oferta tur\\u00edstica idiomas\", \"object\": \"English (EN)\", \"fields\": [\"contenido_busqueda\", \"input_busqueda\", \"etiqueta_boton_busqueda\", \"texto_filtro_busqueda_tipicos\"]}}]',57,1),(467,'2019-05-10 14:06:52.306000','5','Gastronomía',2,'[{\"changed\": {\"name\": \"Oferta tur\\u00edstica idiomas\", \"object\": \"English (EN)\", \"fields\": [\"etiqueta_boton_continua_busqueda\", \"contenido_busqueda\", \"input_busqueda\", \"etiqueta_boton_busqueda\"]}}]',57,1),(468,'2019-05-10 14:07:12.543000','6','Eventos',2,'[{\"changed\": {\"name\": \"Oferta tur\\u00edstica idiomas\", \"object\": \"English (EN)\", \"fields\": [\"etiqueta_boton_continua_busqueda\", \"contenido_busqueda\"]}}]',57,1),(469,'2019-05-10 14:07:51.877000','1','1',2,'[{\"changed\": {\"name\": \"seccion vive cundinamarca idioma\", \"object\": \"English (EN)\", \"fields\": [\"contenido_busqueda\"]}}]',59,1),(470,'2019-05-10 14:08:35.235000','4','Prestadores de servicio',2,'[{\"changed\": {\"name\": \"Oferta tur\\u00edstica idiomas\", \"object\": \"English (EN)\", \"fields\": [\"etiqueta_boton_continua_busqueda\", \"contenido_busqueda\", \"input_busqueda\", \"etiqueta_boton_busqueda\"]}}]',57,1),(471,'2019-05-10 14:09:34.832000','3','Lugares de interés',2,'[{\"changed\": {\"name\": \"Oferta tur\\u00edstica idiomas\", \"object\": \"English (EN)\", \"fields\": [\"etiqueta_boton_continua_busqueda\", \"contenido_busqueda\", \"input_busqueda\", \"etiqueta_boton_busqueda\"]}}]',57,1),(472,'2019-05-10 14:10:09.519000','2','Actividades sugeridas',2,'[{\"changed\": {\"name\": \"Oferta tur\\u00edstica idiomas\", \"object\": \"English (EN)\", \"fields\": [\"etiqueta_boton_continua_busqueda\", \"contenido_busqueda\", \"input_busqueda\", \"etiqueta_boton_busqueda\"]}}]',57,1),(473,'2019-05-10 14:12:21.897000','4','Bolsa de empleo',2,'[{\"changed\": {\"name\": \"informacion general idioma\", \"object\": \"English (EN)\", \"fields\": [\"etiqueta_boton_busqueda\", \"titulo_modal_seleccionar_municipio\"]}}]',42,1),(474,'2019-05-10 14:13:01.628000','2','Informes',2,'[{\"changed\": {\"name\": \"informacion general idioma\", \"object\": \"English (EN)\", \"fields\": [\"etiqueta_boton_busqueda\", \"titulo_modal_seleccionar_municipio\"]}}]',42,1),(475,'2019-05-10 14:13:21.663000','1','Últimas noticias',2,'[{\"changed\": {\"name\": \"informacion general idioma\", \"object\": \"English (EN)\", \"fields\": [\"etiqueta_boton_busqueda\", \"titulo_modal_seleccionar_municipio\"]}}]',42,1),(476,'2019-05-10 15:44:40.339000','1','Rutas turísticas',2,'[{\"changed\": {\"name\": \"Oferta tur\\u00edstica idiomas\", \"object\": \"Espa\\u00f1ol (ES)\", \"fields\": [\"descripcion_seccion_rutas_turisticas\"]}}]',57,1),(477,'2019-05-10 16:57:45.928000','1','Noticias',2,'[{\"changed\": {\"fields\": [\"titulo_seccion\"]}}, {\"changed\": {\"name\": \"informacion general idioma\", \"object\": \"Espa\\u00f1ol (ES)\", \"fields\": [\"titulo_seccion\"]}}]',42,1),(478,'2019-05-10 20:02:32.903000','1','Inicio',2,'[{\"added\": {\"name\": \"Redes sociales\", \"object\": \"Facebook\"}}]',19,1),(479,'2019-05-10 20:08:08.193000','1','Colibrí de los altos',2,'[{\"added\": {\"name\": \"galeria principal idioma\", \"object\": \"English (EN)\"}}]',17,1),(480,'2019-05-13 20:51:13.387000','2','idecut',1,'[{\"added\": {}}]',4,1),(481,'2019-05-13 20:57:25.697000','2','idecut',2,'[{\"changed\": {\"fields\": [\"first_name\", \"last_name\", \"email\", \"is_staff\", \"user_permissions\"]}}]',4,1),(482,'2019-05-28 19:23:14.672000','1','Turismo Receptor',2,'[{\"changed\": {\"fields\": [\"icono_estadistica\"]}}]',27,1),(483,'2019-05-28 19:26:44.527000','1','Turismo Receptor',2,'[{\"changed\": {\"name\": \"Estad\\u00edstica idioma\", \"object\": \"Espa\\u00f1ol (ES)\", \"fields\": [\"titulo_seccion_estadistica\", \"texto_infografia\", \"titulo_ficha_tecnica\", \"etiqueta_boton_infografia\"]}}]',27,1),(484,'2019-05-29 20:58:18.657000','1','Inicio',2,'[{\"changed\": {\"name\": \"Enlaces institucionales\", \"object\": \"16\", \"fields\": [\"imagen\"]}}, {\"deleted\": {\"name\": \"Enlaces institucionales\", \"object\": \"None\"}}]',19,1),(485,'2019-06-05 20:49:20.953000','1','1',2,'[{\"changed\": {\"fields\": [\"imagen_portada_conoce_cundinamarca\"]}}]',59,1),(486,'2019-06-05 20:49:50.702000','1','1',2,'[{\"changed\": {\"fields\": [\"imagen_portada_requisito_viaje\", \"imagen_portada_planifica_viaje\"]}}]',59,1),(487,'2019-06-05 20:50:25.716000','6','Eventos',2,'[{\"changed\": {\"fields\": [\"icono\"]}}]',57,1),(488,'2019-06-05 20:50:55.231000','5','Gastronomía',2,'[{\"changed\": {\"fields\": [\"icono\"]}}]',57,1),(489,'2019-06-05 20:51:30.412000','4','Prestadores de servicio',2,'[{\"changed\": {\"fields\": [\"icono\"]}}]',57,1),(490,'2019-06-05 20:52:06.618000','3','Lugares de interés',2,'[{\"changed\": {\"fields\": [\"icono\"]}}]',57,1),(491,'2019-06-05 20:53:12.889000','2','Actividades sugeridas',2,'[{\"changed\": {\"fields\": [\"icono\"]}}]',57,1),(492,'2019-06-05 20:53:41.621000','1','Rutas turísticas',2,'[{\"changed\": {\"fields\": [\"icono\"]}}]',57,1),(493,'2019-06-06 13:45:50.486000','1','1',2,'[{\"changed\": {\"name\": \"Galer\\u00eda conoce Cundinamarca\", \"object\": \"1\", \"fields\": [\"imagen\"]}}, {\"changed\": {\"name\": \"Galer\\u00eda conoce Cundinamarca\", \"object\": \"5\", \"fields\": [\"imagen\"]}}, {\"changed\": {\"name\": \"Galer\\u00eda conoce Cundinamarca\", \"object\": \"6\", \"fields\": [\"imagen\"]}}, {\"changed\": {\"name\": \"Galer\\u00eda conoce Cundinamarca\", \"object\": \"7\", \"fields\": [\"imagen\"]}}, {\"changed\": {\"name\": \"Galer\\u00eda conoce Cundinamarca\", \"object\": \"8\", \"fields\": [\"imagen\"]}}, {\"changed\": {\"name\": \"Galer\\u00eda conoce Cundinamarca\", \"object\": \"9\", \"fields\": [\"imagen\"]}}, {\"changed\": {\"name\": \"Galer\\u00eda conoce Cundinamarca\", \"object\": \"10\", \"fields\": [\"imagen\"]}}, {\"changed\": {\"name\": \"Galer\\u00eda conoce Cundinamarca\", \"object\": \"11\", \"fields\": [\"imagen\"]}}, {\"changed\": {\"name\": \"Galer\\u00eda conoce Cundinamarca\", \"object\": \"12\", \"fields\": [\"imagen\"]}}, {\"changed\": {\"name\": \"Galer\\u00eda conoce Cundinamarca\", \"object\": \"13\", \"fields\": [\"imagen\"]}}, {\"changed\": {\"name\": \"Galer\\u00eda conoce Cundinamarca\", \"object\": \"14\", \"fields\": [\"imagen\"]}}]',59,1),(494,'2019-06-06 13:51:04.422000','1','1',2,'[{\"changed\": {\"name\": \"Galer\\u00eda conoce Cundinamarca\", \"object\": \"15\", \"fields\": [\"imagen\"]}}, {\"changed\": {\"name\": \"Galer\\u00eda conoce Cundinamarca\", \"object\": \"16\", \"fields\": [\"imagen\"]}}, {\"changed\": {\"name\": \"Galer\\u00eda conoce Cundinamarca\", \"object\": \"17\", \"fields\": [\"imagen\"]}}, {\"changed\": {\"name\": \"Galer\\u00eda conoce Cundinamarca\", \"object\": \"18\", \"fields\": [\"imagen\"]}}, {\"changed\": {\"name\": \"Galer\\u00eda conoce Cundinamarca\", \"object\": \"19\", \"fields\": [\"imagen\"]}}, {\"changed\": {\"name\": \"Galer\\u00eda conoce Cundinamarca\", \"object\": \"20\", \"fields\": [\"imagen\"]}}, {\"changed\": {\"name\": \"Galer\\u00eda conoce Cundinamarca\", \"object\": \"21\", \"fields\": [\"imagen\"]}}, {\"changed\": {\"name\": \"Galer\\u00eda conoce Cundinamarca\", \"object\": \"22\", \"fields\": [\"imagen\"]}}, {\"changed\": {\"name\": \"Galer\\u00eda conoce Cundinamarca\", \"object\": \"23\", \"fields\": [\"imagen\"]}}, {\"changed\": {\"name\": \"Galer\\u00eda conoce Cundinamarca\", \"object\": \"24\", \"fields\": [\"imagen\"]}}, {\"changed\": {\"name\": \"Galer\\u00eda conoce Cundinamarca\", \"object\": \"25\", \"fields\": [\"imagen\"]}}, {\"changed\": {\"name\": \"Galer\\u00eda conoce Cundinamarca\", \"object\": \"26\", \"fields\": [\"imagen\"]}}]',59,1),(495,'2019-06-06 19:14:31.445000','1','1',2,'[]',59,1),(496,'2019-06-06 19:17:28.618000','1','1',2,'[{\"changed\": {\"name\": \"Galer\\u00eda conoce Cundinamarca\", \"object\": \"27\", \"fields\": [\"imagen\"]}}, {\"changed\": {\"name\": \"Galer\\u00eda conoce Cundinamarca\", \"object\": \"28\", \"fields\": [\"imagen\"]}}, {\"changed\": {\"name\": \"Galer\\u00eda conoce Cundinamarca\", \"object\": \"29\", \"fields\": [\"imagen\"]}}, {\"changed\": {\"name\": \"Galer\\u00eda conoce Cundinamarca\", \"object\": \"30\", \"fields\": [\"imagen\"]}}, {\"changed\": {\"name\": \"Galer\\u00eda conoce Cundinamarca\", \"object\": \"31\", \"fields\": [\"imagen\"]}}, {\"changed\": {\"name\": \"Galer\\u00eda conoce Cundinamarca\", \"object\": \"32\", \"fields\": [\"imagen\"]}}, {\"changed\": {\"name\": \"Galer\\u00eda conoce Cundinamarca\", \"object\": \"33\", \"fields\": [\"imagen\"]}}, {\"changed\": {\"name\": \"Galer\\u00eda conoce Cundinamarca\", \"object\": \"34\", \"fields\": [\"imagen\"]}}, {\"changed\": {\"name\": \"Galer\\u00eda conoce Cundinamarca\", \"object\": \"35\", \"fields\": [\"imagen\"]}}, {\"changed\": {\"name\": \"Galer\\u00eda conoce Cundinamarca\", \"object\": \"36\", \"fields\": [\"imagen\"]}}, {\"changed\": {\"name\": \"Galer\\u00eda conoce Cundinamarca\", \"object\": \"37\", \"fields\": [\"imagen\"]}}, {\"changed\": {\"name\": \"Galer\\u00eda conoce Cundinamarca\", \"object\": \"38\", \"fields\": [\"imagen\"]}}, {\"changed\": {\"name\": \"Galer\\u00eda conoce Cundinamarca\", \"object\": \"39\", \"fields\": [\"imagen\"]}}, {\"changed\": {\"name\": \"Galer\\u00eda conoce Cundinamarca\", \"object\": \"40\", \"fields\": [\"imagen\"]}}, {\"changed\": {\"name\": \"Galer\\u00eda conoce Cundinamarca\", \"object\": \"41\", \"fields\": [\"imagen\"]}}, {\"changed\": {\"name\": \"Galer\\u00eda conoce Cundinamarca\", \"object\": \"42\", \"fields\": [\"imagen\"]}}, {\"changed\": {\"name\": \"Galer\\u00eda conoce Cundinamarca\", \"object\": \"43\", \"fields\": [\"imagen\"]}}]',59,1),(497,'2019-06-06 19:17:51.906000','1','1',2,'[{\"changed\": {\"name\": \"Galer\\u00eda conoce Cundinamarca\", \"object\": \"30\", \"fields\": [\"imagen\"]}}, {\"deleted\": {\"name\": \"Galer\\u00eda conoce Cundinamarca\", \"object\": \"None\"}}]',59,1),(498,'2019-06-06 22:11:14.171000','9','nljkl',1,'[{\"added\": {}}]',24,1),(499,'2019-06-06 22:13:40.482000','6','klñkñl',1,'[{\"added\": {}}]',42,1),(500,'2019-06-06 22:13:49.476000','6','klñkñl',3,'',42,1),(501,'2019-06-07 14:25:48.052000','2','hdfhd',1,'[{\"added\": {}}]',19,1),(502,'2019-06-07 14:25:59.461000','2','hdfhd',3,'',19,1),(503,'2019-06-11 15:28:26.722000','5','Ya esta abierta la convocatoria para participar en el consejo departamental de cultura de Cundinamarca',2,'[{\"changed\": {\"fields\": [\"fecha_inicio\", \"fecha_fin\"]}}]',46,1),(504,'2019-06-11 16:24:15.536000','9','nljkl',3,'',24,1),(505,'2019-06-11 21:27:51.796000','5','Ya esta abierta la convocatoria para participar en el consejo departamental de cultura de Cundinamarca',2,'[{\"changed\": {\"fields\": [\"fecha_fin\"]}}]',46,1),(506,'2019-06-12 13:32:21.251000','1','Suspendisse orci in dapibus suscipit,',2,'[{\"changed\": {\"fields\": [\"fecha_inicio\", \"fecha_fin\"]}}]',47,1),(507,'2019-06-13 16:40:37.933000','25843000','Ubaté | Cundinamarca | Andina | Colombia',2,'[]',10,1),(508,'2019-06-13 17:49:15.061000','4','Prestadores de servicio',2,'[]',57,1),(509,'2019-06-13 17:49:30.753000','5','Gastronomía',2,'[]',57,1),(510,'2019-06-13 17:49:38.744000','3','Lugares de interés',2,'[]',57,1),(511,'2019-06-13 17:49:48.951000','2','Actividades sugeridas',2,'[]',57,1),(512,'2019-06-13 17:50:00.183000','1','Rutas turísticas',2,'[]',57,1),(513,'2019-06-14 20:57:14.470000','25740000','Sibaté | Cundinamarca | Andina | Colombia',2,'[]',10,1),(514,'2019-06-14 20:57:38.429000','25530000','Paratebueno | Cundinamarca | Andina | Colombia',2,'[]',10,1),(515,'2019-06-14 20:58:26.951000','25489000','Nimaima | Cundinamarca | Andina | Colombia',2,'[]',10,1),(516,'2019-06-14 20:58:34.064000','25322000','Guasca | Cundinamarca | Andina | Colombia',2,'[]',10,1),(517,'2019-06-14 20:58:42.821000','25320000','Guaduas | Cundinamarca | Andina | Colombia',2,'[]',10,1),(518,'2019-06-14 20:59:05.709000','25224000','Cucunubá | Cundinamarca | Andina | Colombia',2,'[]',10,1),(519,'2019-06-14 20:59:13.155000','25154000','Carmen de Carupa | Cundinamarca | Andina | Colombia',2,'[]',10,1),(520,'2019-06-14 20:59:19.549000','500001','Villavicencio | Meta | Orinoquia | Colombia',2,'[]',10,1),(521,'2019-06-14 20:59:26.774000','50001','Acacias | Meta | Orinoquia | Colombia',2,'[]',10,1),(522,'2019-06-17 16:05:37.385000','1','Español (ES)',2,'[{\"changed\": {\"name\": \"P\\u00e1gina principal Banners DE TOUR\", \"object\": \"DESCUBRE LUGARES INCRE\\u00cdBLES\", \"fields\": [\"enlace\"]}}, {\"changed\": {\"name\": \"P\\u00e1gina principal Banners DE TOUR\", \"object\": \"RECIBE ACTUALIZACIONES PERSONALIZADAS\", \"fields\": [\"enlace\"]}}, {\"changed\": {\"name\": \"P\\u00e1gina principal Banners DE TOUR\", \"object\": \"ENT\\u00c9RATE QU\\u00c9 EST\\u00c1N OPINANDO\", \"fields\": [\"enlace\"]}}]',20,1),(523,'2019-06-20 17:04:04.599000','1','Inicio',2,'[{\"changed\": {\"name\": \"P\\u00e1gina principal idioma\", \"object\": \"Espa\\u00f1ol (ES)\", \"fields\": [\"pie_pagina\"]}}]',19,1),(524,'2019-06-20 17:06:13.239000','1','Inicio',2,'[{\"changed\": {\"name\": \"P\\u00e1gina principal idioma\", \"object\": \"Espa\\u00f1ol (ES)\", \"fields\": [\"pie_pagina\"]}}]',19,1),(525,'2019-06-20 17:07:40.870000','1','Inicio',2,'[{\"changed\": {\"name\": \"P\\u00e1gina principal idioma\", \"object\": \"Espa\\u00f1ol (ES)\", \"fields\": [\"pie_pagina\"]}}]',19,1),(526,'2019-06-20 17:11:50.723000','1','Inicio',2,'[{\"changed\": {\"name\": \"P\\u00e1gina principal idioma\", \"object\": \"Espa\\u00f1ol (ES)\", \"fields\": [\"pie_pagina\"]}}]',19,1),(527,'2019-06-20 17:16:20.887000','1','Inicio',2,'[{\"changed\": {\"name\": \"P\\u00e1gina principal idioma\", \"object\": \"Espa\\u00f1ol (ES)\", \"fields\": [\"pie_pagina\"]}}]',19,1),(528,'2019-06-20 17:17:30.578000','1','Inicio',2,'[{\"changed\": {\"name\": \"P\\u00e1gina principal idioma\", \"object\": \"Espa\\u00f1ol (ES)\", \"fields\": [\"pie_pagina\"]}}]',19,1),(529,'2019-06-20 20:05:11.418000','1','Inicio',2,'[{\"changed\": {\"name\": \"Redes sociales\", \"object\": \"Facebook\", \"fields\": [\"icono_css\"]}}]',19,1),(530,'2019-06-20 20:08:07.633000','1','Inicio',2,'[{\"changed\": {\"name\": \"P\\u00e1gina principal idioma\", \"object\": \"Espa\\u00f1ol (ES)\", \"fields\": [\"pie_pagina\"]}}]',19,1),(531,'2019-06-20 20:11:01.319000','1','Inicio',2,'[]',19,1),(532,'2019-06-20 20:11:34.705000','1','Inicio',2,'[{\"changed\": {\"name\": \"P\\u00e1gina principal idioma\", \"object\": \"Espa\\u00f1ol (ES)\", \"fields\": [\"pie_pagina\"]}}]',19,1),(533,'2019-06-20 20:19:17.030000','1','Inicio',2,'[{\"changed\": {\"name\": \"P\\u00e1gina principal idioma\", \"object\": \"Espa\\u00f1ol (ES)\", \"fields\": [\"pie_pagina\"]}}, {\"added\": {\"name\": \"Redes sociales\", \"object\": \"instagram\"}}]',19,1),(534,'2019-06-20 20:23:49.451000','1','Inicio',2,'[{\"changed\": {\"name\": \"Redes sociales\", \"object\": \"Facebook\", \"fields\": [\"icono\"]}}]',19,1),(535,'2019-06-20 20:27:38.543000','1','Inicio',2,'[{\"changed\": {\"name\": \"Redes sociales\", \"object\": \"Facebook\", \"fields\": [\"icono_css\"]}}]',19,1),(536,'2019-06-20 20:31:06.388000','1','Inicio',2,'[{\"changed\": {\"name\": \"Redes sociales\", \"object\": \"Facebook\", \"fields\": [\"icono_css\"]}}]',19,1),(537,'2019-06-20 20:32:13.974000','1','Inicio',2,'[{\"changed\": {\"name\": \"Redes sociales\", \"object\": \"Facebook\", \"fields\": [\"icono_css\"]}}]',19,1),(538,'2019-06-20 20:35:30.257000','1','Inicio',2,'[{\"changed\": {\"name\": \"Redes sociales\", \"object\": \"instagram\", \"fields\": [\"icono\", \"icono_css\"]}}]',19,1),(539,'2019-06-20 20:38:01.802000','1','Inicio',2,'[{\"changed\": {\"name\": \"Redes sociales\", \"object\": \"Facebook\", \"fields\": [\"icono_css\"]}}, {\"changed\": {\"name\": \"Redes sociales\", \"object\": \"instagram\", \"fields\": [\"icono_css\"]}}]',19,1),(540,'2019-06-20 20:57:19.381000','1','1',2,'[{\"changed\": {\"name\": \"seccion vive cundinamarca idioma\", \"object\": \"Espa\\u00f1ol (ES)\", \"fields\": [\"link_boton_municipios\", \"link_boton_gastronomia\", \"link_boton_requisitos\", \"link_boton_lateral_inferior_municipios\", \"texto_continuar_buscando\", \"etiqueta_boton_continuar_buscando\"]}}, {\"changed\": {\"name\": \"seccion vive cundinamarca idioma\", \"object\": \"English (EN)\", \"fields\": [\"link_boton_municipios\", \"link_boton_gastronomia\", \"link_boton_requisitos\", \"link_boton_lateral_inferior_municipios\", \"texto_continuar_buscando\", \"etiqueta_boton_continuar_buscando\"]}}]',59,1),(541,'2019-06-20 22:18:46.269000','1','Inicio',2,'[{\"changed\": {\"name\": \"P\\u00e1gina principal idioma\", \"object\": \"Espa\\u00f1ol (ES)\", \"fields\": [\"descripcion_proyecto\"]}}]',19,1),(542,'2019-06-20 22:19:49.184000','1','Inicio',2,'[{\"changed\": {\"name\": \"P\\u00e1gina principal idioma\", \"object\": \"Espa\\u00f1ol (ES)\", \"fields\": [\"descripcion_proyecto\"]}}]',19,1),(543,'2019-06-21 12:57:41.188000','500001','Villavicencio | Meta | Orinoquia | Colombia',3,'',10,1),(544,'2019-06-21 13:44:43.718000','1','1',2,'[{\"changed\": {\"name\": \"seccion vive cundinamarca idioma\", \"object\": \"Espa\\u00f1ol (ES)\", \"fields\": [\"contenido_seccion_lateral_superior\"]}}]',59,1),(545,'2019-06-21 13:46:50.716000','1','1',2,'[{\"changed\": {\"name\": \"seccion vive cundinamarca idioma\", \"object\": \"Espa\\u00f1ol (ES)\", \"fields\": [\"contenido_seccion_lateral_superior\"]}}]',59,1),(546,'2019-06-21 13:48:17.351000','1','1',2,'[{\"changed\": {\"name\": \"seccion vive cundinamarca idioma\", \"object\": \"Espa\\u00f1ol (ES)\", \"fields\": [\"contenido_seccion_lateral_superior\"]}}]',59,1),(547,'2019-06-21 13:49:37.934000','1','1',2,'[{\"changed\": {\"name\": \"seccion vive cundinamarca idioma\", \"object\": \"Espa\\u00f1ol (ES)\", \"fields\": [\"contenido_seccion_lateral_superior\"]}}]',59,1),(548,'2019-06-21 13:49:56.497000','1','1',2,'[{\"changed\": {\"name\": \"seccion vive cundinamarca idioma\", \"object\": \"Espa\\u00f1ol (ES)\", \"fields\": [\"contenido_seccion_lateral_superior\"]}}]',59,1),(549,'2019-06-21 13:53:04.113000','1','1',2,'[{\"changed\": {\"name\": \"seccion vive cundinamarca idioma\", \"object\": \"Espa\\u00f1ol (ES)\", \"fields\": [\"contenido_seccion_lateral_superior\"]}}]',59,1),(550,'2019-06-21 14:23:06.670000','6','Emprendimientos locales de cundinamarca',1,'[{\"added\": {}}]',46,1),(551,'2019-06-21 14:24:03.326000','6','Emprendimientos locales de cundinamarca',3,'',46,1),(552,'2019-06-21 14:46:41.469000','2','Primer puesto para Cundinamarca',2,'[{\"changed\": {\"fields\": [\"fecha_fin\"]}}]',46,1),(553,'2019-06-21 16:25:20.069000','1','1',2,'[{\"changed\": {\"name\": \"seccion vive cundinamarca idioma\", \"object\": \"Espa\\u00f1ol (ES)\", \"fields\": [\"texto_continuar_buscando\"]}}]',59,1),(554,'2019-06-21 16:49:46.908000','1','1',2,'[{\"changed\": {\"name\": \"seccion vive cundinamarca idioma\", \"object\": \"Espa\\u00f1ol (ES)\", \"fields\": [\"imagen_seccion_principal\"]}}]',59,1),(555,'2019-06-21 21:20:53.791000','7','PRIMER COMITÉ DEPARTAMENTAL DE SEGURIDAD TURÍSTICA 2019',1,'[{\"added\": {}}]',46,1),(556,'2019-06-21 21:21:31.159000','7','PRIMER COMITÉ DEPARTAMENTAL DE SEGURIDAD TURÍSTICA 2019',2,'[{\"added\": {\"name\": \"noticias idioma\", \"object\": \"Espa\\u00f1ol (ES)\"}}]',46,1),(557,'2019-06-21 21:22:27.752000','7','Primer comité departamental de seguridad turística 2019',2,'[{\"changed\": {\"fields\": [\"titulo_noticia\"]}}, {\"changed\": {\"name\": \"noticias idioma\", \"object\": \"Espa\\u00f1ol (ES)\", \"fields\": [\"titulo_noticia\"]}}]',46,1),(558,'2019-06-21 21:24:03.007000','7','Primer comité departamental de seguridad turística 2019',2,'[{\"added\": {\"name\": \"noticias idioma\", \"object\": \"English (EN)\"}}]',46,1),(559,'2019-06-22 17:34:07.627000','2','Español (ES)',2,'[{\"added\": {\"name\": \"Ficha t\\u00e9cnica\", \"object\": \"None\"}}, {\"changed\": {\"name\": \"Ficha t\\u00e9cnica\", \"object\": \"Turistas\", \"fields\": [\"segmento\"]}}]',28,1),(560,'2019-06-22 17:34:59.180000','2','diversión',1,'[{\"added\": {}}, {\"added\": {\"name\": \"segmentos ficha tecnica idioma\", \"object\": \"Espa\\u00f1ol (ES)\"}}]',33,1),(561,'2019-06-22 17:35:30.182000','2','Español (ES)',2,'[{\"changed\": {\"name\": \"Ficha t\\u00e9cnica\", \"object\": \"diversi\\u00f3n\", \"fields\": [\"segmento\"]}}]',28,1),(562,'2019-06-25 14:09:42.939000','7','Primer comité departamental de seguridad turística 2019',2,'[{\"changed\": {\"name\": \"noticias idioma\", \"object\": \"Espa\\u00f1ol (ES)\", \"fields\": [\"imagen\"]}}]',46,1),(563,'2019-06-25 14:10:07.611000','7','Primer comité departamental de seguridad turística 2019',2,'[{\"changed\": {\"name\": \"noticias idioma\", \"object\": \"Espa\\u00f1ol (ES)\", \"fields\": [\"imagen\"]}}]',46,1),(564,'2019-06-25 15:31:16.493000','1','Turistas',2,'[{\"added\": {\"name\": \"segmentos ficha tecnica idioma\", \"object\": \"English (EN)\"}}]',33,1),(565,'2019-06-25 15:38:16.851000','2','diversión',2,'[{\"added\": {\"name\": \"segmentos ficha tecnica idioma\", \"object\": \"English (EN)\"}}, {\"changed\": {\"name\": \"segmentos ficha tecnica idioma\", \"object\": \"Espa\\u00f1ol (ES)\", \"fields\": [\"segmento_titulo\"]}}]',33,1),(566,'2019-06-25 15:38:58.223000','2','diversión',2,'[{\"changed\": {\"name\": \"segmentos ficha tecnica idioma\", \"object\": \"English (EN)\", \"fields\": [\"segmento_titulo\"]}}]',33,1),(567,'2019-06-25 19:31:01.602000','1','1',2,'[{\"changed\": {\"fields\": [\"link_boton_municipios\", \"link_boton_gastronomia\", \"link_boton_requisitos\", \"link_boton_lateral_inferior_municipios\"]}}, {\"changed\": {\"name\": \"seccion vive cundinamarca idioma\", \"object\": \"Espa\\u00f1ol (ES)\", \"fields\": [\"descripcion_seccion_gastronomia\", \"contenido_busqueda\"]}}, {\"changed\": {\"name\": \"seccion vive cundinamarca idioma\", \"object\": \"English (EN)\", \"fields\": [\"contenido_busqueda\"]}}]',59,1),(568,'2019-06-25 19:50:31.849000','1','1',2,'[{\"changed\": {\"name\": \"seccion vive cundinamarca idioma\", \"object\": \"Espa\\u00f1ol (ES)\", \"fields\": [\"texto_continuar_buscando\"]}}, {\"changed\": {\"name\": \"seccion vive cundinamarca idioma\", \"object\": \"English (EN)\", \"fields\": [\"texto_continuar_buscando\"]}}]',59,1),(569,'2019-06-25 20:13:15.948000','6','Eventos',2,'[{\"changed\": {\"name\": \"Oferta tur\\u00edstica idiomas\", \"object\": \"Espa\\u00f1ol (ES)\", \"fields\": [\"link\", \"contenido_busqueda\"]}}, {\"changed\": {\"name\": \"Oferta tur\\u00edstica idiomas\", \"object\": \"English (EN)\", \"fields\": [\"link\", \"contenido_busqueda\"]}}]',57,1),(570,'2019-06-25 20:14:02.318000','5','Gastronomía',2,'[{\"changed\": {\"name\": \"Oferta tur\\u00edstica idiomas\", \"object\": \"Espa\\u00f1ol (ES)\", \"fields\": [\"link\", \"contenido_busqueda\"]}}, {\"changed\": {\"name\": \"Oferta tur\\u00edstica idiomas\", \"object\": \"English (EN)\", \"fields\": [\"link\", \"contenido_busqueda\"]}}]',57,1),(571,'2019-06-25 20:15:51.306000','1','1',2,'[{\"changed\": {\"name\": \"seccion vive cundinamarca idioma\", \"object\": \"Espa\\u00f1ol (ES)\", \"fields\": [\"texto_continuar_buscando\"]}}, {\"changed\": {\"name\": \"seccion vive cundinamarca idioma\", \"object\": \"English (EN)\", \"fields\": [\"texto_continuar_buscando\"]}}]',59,1),(572,'2019-06-25 20:18:32.548000','3','Lugares de interés',2,'[{\"changed\": {\"name\": \"Oferta tur\\u00edstica idiomas\", \"object\": \"Espa\\u00f1ol (ES)\", \"fields\": [\"link\", \"contenido_busqueda\"]}}, {\"changed\": {\"name\": \"Oferta tur\\u00edstica idiomas\", \"object\": \"English (EN)\", \"fields\": [\"link\", \"contenido_busqueda\"]}}]',57,1),(573,'2019-06-25 20:20:45.714000','1','1',2,'[{\"changed\": {\"fields\": [\"enlace_video\", \"link_boton_municipios\", \"link_boton_gastronomia\", \"link_boton_requisitos\", \"link_boton_lateral_inferior_municipios\"]}}]',59,1),(574,'2019-06-25 20:29:02.041000','3','Lugares de interés',2,'[{\"changed\": {\"name\": \"Oferta tur\\u00edstica idiomas\", \"object\": \"Espa\\u00f1ol (ES)\", \"fields\": [\"texto_titulo_resultados\"]}}]',57,1),(575,'2019-06-25 20:30:27.584000','3','Lugares de interés',2,'[{\"changed\": {\"name\": \"Oferta tur\\u00edstica idiomas\", \"object\": \"Espa\\u00f1ol (ES)\", \"fields\": [\"descripcion_seccion_inferior\"]}}]',57,1),(576,'2019-06-25 22:23:02.001000','1','1',2,'[{\"changed\": {\"name\": \"seccion vive cundinamarca idioma\", \"object\": \"English (EN)\", \"fields\": [\"contenido_seccion_principal\", \"contenido_busqueda\"]}}]',59,1),(577,'2019-06-25 22:23:31.008000','6','Eventos',2,'[{\"changed\": {\"name\": \"Oferta tur\\u00edstica idiomas\", \"object\": \"English (EN)\", \"fields\": [\"contenido_busqueda\"]}}]',57,1),(578,'2019-06-25 22:23:50.628000','5','Gastronomía',2,'[{\"changed\": {\"name\": \"Oferta tur\\u00edstica idiomas\", \"object\": \"English (EN)\", \"fields\": [\"contenido_busqueda\"]}}]',57,1),(579,'2019-06-25 22:24:26.484000','4','Prestadores de servicio',2,'[{\"changed\": {\"name\": \"Oferta tur\\u00edstica idiomas\", \"object\": \"Espa\\u00f1ol (ES)\", \"fields\": [\"contenido_busqueda\"]}}, {\"changed\": {\"name\": \"Oferta tur\\u00edstica idiomas\", \"object\": \"English (EN)\", \"fields\": [\"contenido_busqueda\"]}}]',57,1),(580,'2019-06-25 22:24:48.153000','3','Lugares de interés',2,'[{\"changed\": {\"name\": \"Oferta tur\\u00edstica idiomas\", \"object\": \"English (EN)\", \"fields\": [\"contenido_busqueda\"]}}]',57,1),(581,'2019-06-25 22:26:57.101000','2','Actividades sugeridas',2,'[{\"changed\": {\"name\": \"Oferta tur\\u00edstica idiomas\", \"object\": \"Espa\\u00f1ol (ES)\", \"fields\": [\"contenido_busqueda\"]}}, {\"changed\": {\"name\": \"Oferta tur\\u00edstica idiomas\", \"object\": \"English (EN)\", \"fields\": [\"contenido_busqueda\"]}}]',57,1),(582,'2019-06-25 22:33:13.134000','2','Informes',2,'[{\"changed\": {\"name\": \"informacion general idioma\", \"object\": \"Espa\\u00f1ol (ES)\", \"fields\": [\"titulo_seccion_lateral_izquierda\"]}}]',42,1),(583,'2019-06-26 14:13:07.114000','1','Turismo Receptor',2,'[{\"changed\": {\"name\": \"Estad\\u00edstica idioma\", \"object\": \"Espa\\u00f1ol (ES)\", \"fields\": [\"titulo_seccion_estadistica\"]}}]',27,1),(584,'2019-06-26 14:15:19.366000','6','Oferta Turistica',2,'[{\"changed\": {\"fields\": [\"icono_estadistica\"]}}]',27,1),(585,'2019-06-26 14:15:34.632000','6','Oferta Turistica',2,'[{\"changed\": {\"fields\": [\"icono_estadistica\"]}}]',27,1),(586,'2019-06-26 14:15:55.136000','5','Generación de Empleo',2,'[{\"changed\": {\"fields\": [\"icono_estadistica\"]}}]',27,1),(587,'2019-06-26 14:16:08.790000','4','Turismo sustentable',2,'[{\"changed\": {\"fields\": [\"icono_estadistica\"]}}]',27,1),(588,'2019-06-26 14:16:28.208000','3','Verificación RNT',2,'[{\"changed\": {\"fields\": [\"icono_estadistica\"]}}]',27,1),(589,'2019-06-26 14:16:37.627000','2','Turismo interno y emisor',2,'[{\"changed\": {\"fields\": [\"icono_estadistica\"]}}]',27,1),(590,'2019-06-26 14:32:05.994000','9','English (EN)',2,'[{\"added\": {\"name\": \"Ficha t\\u00e9cnica\", \"object\": \"Turistas\"}}]',28,1),(591,'2019-06-26 14:52:25.480000','1','Inicio',2,'[{\"changed\": {\"fields\": [\"icono_clima\"]}}]',19,1),(592,'2019-06-26 14:53:35.084000','1','Inicio',2,'[{\"added\": {\"name\": \"Enlaces DETOUR\", \"object\": \"Links\"}}]',19,1),(593,'2019-06-26 16:25:37.301000','1','1',2,'[{\"changed\": {\"fields\": [\"enlace_video\"]}}]',59,1),(594,'2019-06-26 16:27:59.104000','1','1',2,'[{\"changed\": {\"name\": \"seccion vive cundinamarca idioma\", \"object\": \"Espa\\u00f1ol (ES)\", \"fields\": [\"titulo_seccion_municipios\"]}}, {\"changed\": {\"name\": \"seccion vive cundinamarca idioma\", \"object\": \"English (EN)\", \"fields\": [\"titulo_seccion_municipios\"]}}]',59,1),(595,'2019-06-26 16:38:23.609000','1','Inicio',2,'[{\"changed\": {\"name\": \"Enlaces DETOUR\", \"object\": \"Links\", \"fields\": [\"url_municipios\"]}}]',19,1),(596,'2019-06-26 16:49:20.548000','1','Inicio',2,'[{\"changed\": {\"name\": \"Enlaces DETOUR\", \"object\": \"Links\", \"fields\": [\"link_busqueda\"]}}]',19,1),(597,'2019-06-26 16:52:42.216000','1','Inicio',2,'[{\"changed\": {\"name\": \"Enlaces DETOUR\", \"object\": \"Links\", \"fields\": [\"link_prestadores_servicios\"]}}]',19,1),(598,'2019-06-26 16:54:19.572000','1','Inicio',2,'[{\"changed\": {\"name\": \"Enlaces DETOUR\", \"object\": \"Links\", \"fields\": [\"link_actividades_sugeridas\"]}}]',19,1),(599,'2019-06-26 16:55:05.025000','1','Inicio',2,'[{\"changed\": {\"name\": \"Enlaces DETOUR\", \"object\": \"Links\", \"fields\": [\"link_lugares_interes\", \"link_gastronomia\", \"link_eventos\"]}}]',19,1),(600,'2019-06-26 16:58:49.576000','1','Inicio',2,'[{\"changed\": {\"name\": \"Enlaces DETOUR\", \"object\": \"Links\", \"fields\": [\"link_lugares_interes\", \"link_actividades_sugeridas\", \"link_prestadores_servicios\", \"link_gastronomia\", \"link_eventos\"]}}]',19,1),(601,'2019-06-27 14:05:53.790000','2','Español (ES)',2,'[{\"changed\": {\"name\": \"Ficha t\\u00e9cnica\", \"object\": \"Turistas\", \"fields\": [\"nivel_confiabilidad_descripcion\", \"error_porcentual_descripcion\"]}}, {\"changed\": {\"name\": \"Ficha t\\u00e9cnica\", \"object\": \"diversi\\u00f3n\", \"fields\": [\"nivel_confiabilidad_descripcion\", \"error_porcentual_descripcion\"]}}]',28,1),(602,'2019-07-08 20:55:24.443298','2','Escalera',3,'',16,1),(603,'2019-07-18 17:24:05.970391','https://forms.cloud-data.site/#/forms/a8Gd2PoxLfNU6JDjZYbLq8/','https://forms.cloud-data.site/#/forms/a8Gd2PoxLfNU6JDjZYbLq8/',1,'[{\"added\": {}}]',33,1),(604,'2019-07-18 17:30:41.461593','a8Gd2PoxLfNU6JDjZYbLq8','https://forms.cloud-data.site/#/forms/a8Gd2PoxLfNU6JDjZYbLq8/',1,'[{\"added\": {}}]',37,1),(605,'2019-07-19 15:55:10.380453','677788','Zipaquirá | Cundinamarca | Andina | Colombia',1,'[{\"added\": {}}]',14,1),(606,'2019-07-23 15:11:47.641813','1','Inicio',2,'[{\"changed\": {\"name\": \"P\\u00e1gina principal idioma\", \"object\": \"Espa\\u00f1ol (ES)\", \"fields\": [\"descripcion_proyecto\"]}}, {\"changed\": {\"name\": \"P\\u00e1gina principal idioma\", \"object\": \"English (EN)\", \"fields\": [\"descripcion_proyecto\"]}}]',18,1),(607,'2019-07-23 16:02:05.844224','1','1',2,'[{\"changed\": {\"fields\": [\"enlace_video\"]}}, {\"changed\": {\"name\": \"seccion vive cundinamarca idioma\", \"object\": \"Espa\\u00f1ol (ES)\", \"fields\": [\"descripcion_departamento\", \"resumen_demografico\", \"resumen_geopolitico\", \"contenido_seccion_principal\", \"contenido_seccion_principal_inferior\"]}}]',56,1),(608,'2019-07-23 16:03:53.154745','6','Eventos',2,'[{\"changed\": {\"name\": \"Oferta tur\\u00edstica idiomas\", \"object\": \"Espa\\u00f1ol (ES)\", \"fields\": [\"descripcion_seccion_rutas_turisticas\"]}}, {\"changed\": {\"name\": \"Oferta tur\\u00edstica idiomas\", \"object\": \"English (EN)\", \"fields\": [\"descripcion_seccion_rutas_turisticas\"]}}]',59,1),(609,'2019-07-23 16:30:14.315915','1','Inicio',2,'[{\"changed\": {\"name\": \"P\\u00e1gina principal idioma\", \"object\": \"Espa\\u00f1ol (ES)\", \"fields\": [\"pie_pagina\"]}}]',18,1),(610,'2019-07-23 16:35:43.020468','1','Contacto',2,'[{\"changed\": {\"name\": \"contacto idioma\", \"object\": \"Espa\\u00f1ol (ES)\", \"fields\": [\"contenido_seccion_lateral\", \"telefono\"]}}]',61,1),(611,'2019-07-23 16:36:09.436928','1','Contacto',2,'[{\"changed\": {\"name\": \"contacto idioma\", \"object\": \"Espa\\u00f1ol (ES)\", \"fields\": [\"contenido_seccion_lateral\"]}}]',61,1),(612,'2019-07-23 20:33:50.955688','1','1',2,'[{\"changed\": {\"fields\": [\"enlace_video\"]}}]',56,1),(613,'2019-07-23 20:36:41.698822','1','1',2,'[{\"changed\": {\"fields\": [\"enlace_video\"]}}]',56,1),(614,'2019-07-23 20:39:03.605683','1','Turismo Receptor',2,'[{\"changed\": {\"name\": \"Estad\\u00edstica idioma\", \"object\": \"Espa\\u00f1ol (ES)\", \"fields\": [\"nombre_medicion\", \"descripcion_corta_medicion\", \"descripcion_medicion\"]}}, {\"changed\": {\"name\": \"Estad\\u00edstica idioma\", \"object\": \"English (EN)\", \"fields\": [\"descripcion_corta_medicion\", \"descripcion_medicion\"]}}]',29,1),(615,'2019-07-23 20:42:07.225456','1','Español (ES)',2,'[{\"changed\": {\"name\": \"Ficha t\\u00e9cnica\", \"object\": \"Turistas\", \"fields\": [\"contenido_ficha_tecnica\", \"tamano_muestra_descripcion\", \"periodicidad_descripcion\", \"nivel_confiabilidad_descripcion\", \"error_porcentual_descripcion\"]}}]',30,1),(616,'2019-07-23 20:44:11.567501','12','English (EN)',2,'[{\"added\": {\"name\": \"Ficha t\\u00e9cnica\", \"object\": \"Turistas\"}}]',30,1),(617,'2019-07-23 20:44:19.968779','1','Turismo Receptor',2,'[]',29,1),(618,'2019-07-23 20:46:06.563874','2','Turismo interno y emisor',2,'[{\"changed\": {\"name\": \"Estad\\u00edstica idioma\", \"object\": \"Espa\\u00f1ol (ES)\", \"fields\": [\"descripcion_corta_medicion\", \"descripcion_medicion\"]}}, {\"changed\": {\"name\": \"Estad\\u00edstica idioma\", \"object\": \"English (EN)\", \"fields\": [\"descripcion_corta_medicion\", \"descripcion_medicion\"]}}]',29,1),(619,'2019-07-23 20:49:12.265656','5','Español (ES)',2,'[{\"added\": {\"name\": \"Ficha t\\u00e9cnica\", \"object\": \"Turistas\"}}]',30,1),(620,'2019-07-23 20:51:40.195318','11','English (EN)',2,'[{\"added\": {\"name\": \"Ficha t\\u00e9cnica\", \"object\": \"Turistas\"}}]',30,1),(621,'2019-07-23 20:52:17.323366','2','Hogares',2,'[{\"changed\": {\"fields\": [\"segmento_titulo\"]}}]',27,1),(622,'2019-07-23 20:52:40.529359','3','Prestadores',1,'[{\"added\": {}}, {\"added\": {\"name\": \"segmentos ficha tecnica idioma\", \"object\": \"Espa\\u00f1ol (ES)\"}}, {\"added\": {\"name\": \"segmentos ficha tecnica idioma\", \"object\": \"English (EN)\"}}]',27,1),(623,'2019-07-23 20:55:36.885265','4','Turismo sustentable',2,'[{\"changed\": {\"name\": \"Estad\\u00edstica idioma\", \"object\": \"Espa\\u00f1ol (ES)\", \"fields\": [\"descripcion_corta_medicion\", \"descripcion_medicion\"]}}, {\"changed\": {\"name\": \"Estad\\u00edstica idioma\", \"object\": \"English (EN)\", \"fields\": [\"descripcion_corta_medicion\", \"descripcion_medicion\"]}}]',29,1),(624,'2019-07-23 21:02:04.167123','2','Español (ES)',2,'[{\"added\": {\"name\": \"Ficha t\\u00e9cnica\", \"object\": \"Prestadores\"}}, {\"changed\": {\"name\": \"Ficha t\\u00e9cnica\", \"object\": \"Turistas\", \"fields\": [\"contenido_ficha_tecnica\", \"tamano_muestra_descripcion\", \"periodicidad_descripcion\", \"nivel_confiabilidad_descripcion\", \"error_porcentual_descripcion\"]}}, {\"changed\": {\"name\": \"Ficha t\\u00e9cnica\", \"object\": \"Hogares\", \"fields\": [\"contenido_ficha_tecnica\", \"tamano_muestra_descripcion\", \"periodicidad_descripcion\", \"nivel_confiabilidad_descripcion\", \"error_porcentual_descripcion\"]}}]',30,1),(625,'2019-07-23 21:10:26.740187','9','English (EN)',2,'[{\"added\": {\"name\": \"Ficha t\\u00e9cnica\", \"object\": \"Hogares\"}}, {\"added\": {\"name\": \"Ficha t\\u00e9cnica\", \"object\": \"Prestadores\"}}, {\"changed\": {\"name\": \"Ficha t\\u00e9cnica\", \"object\": \"Turistas\", \"fields\": [\"contenido_ficha_tecnica\", \"tamano_muestra_descripcion\", \"periodicidad_descripcion\", \"nivel_confiabilidad_descripcion\", \"error_porcentual_descripcion\"]}}]',30,1),(626,'2019-07-23 21:13:04.492802','6','Oferta Turistica',2,'[{\"changed\": {\"name\": \"Estad\\u00edstica idioma\", \"object\": \"Espa\\u00f1ol (ES)\", \"fields\": [\"descripcion_corta_medicion\", \"descripcion_medicion\"]}}, {\"changed\": {\"name\": \"Estad\\u00edstica idioma\", \"object\": \"English (EN)\", \"fields\": [\"descripcion_corta_medicion\", \"descripcion_medicion\"]}}]',29,1),(627,'2019-07-23 21:14:52.379966','3','Español (ES)',2,'[{\"added\": {\"name\": \"Ficha t\\u00e9cnica\", \"object\": \"Prestadores\"}}]',30,1),(628,'2019-07-23 21:17:03.049988','7','English (EN)',2,'[{\"added\": {\"name\": \"Ficha t\\u00e9cnica\", \"object\": \"Prestadores\"}}]',30,1),(629,'2019-07-23 21:20:13.030688','5','Generación de Empleo',2,'[{\"changed\": {\"name\": \"Estad\\u00edstica idioma\", \"object\": \"Espa\\u00f1ol (ES)\", \"fields\": [\"descripcion_corta_medicion\", \"descripcion_medicion\"]}}, {\"changed\": {\"name\": \"Estad\\u00edstica idioma\", \"object\": \"English (EN)\", \"fields\": [\"descripcion_corta_medicion\", \"descripcion_medicion\"]}}]',29,1),(630,'2019-07-23 21:22:25.166886','4','Español (ES)',2,'[{\"added\": {\"name\": \"Ficha t\\u00e9cnica\", \"object\": \"Prestadores\"}}]',30,1),(631,'2019-07-23 21:24:31.101291','8','English (EN)',2,'[{\"added\": {\"name\": \"Ficha t\\u00e9cnica\", \"object\": \"Prestadores\"}}]',30,1),(632,'2019-07-23 21:26:11.196251','3','Verificación RNT',2,'[{\"changed\": {\"name\": \"Estad\\u00edstica idioma\", \"object\": \"Espa\\u00f1ol (ES)\", \"fields\": [\"descripcion_corta_medicion\", \"descripcion_medicion\"]}}, {\"changed\": {\"name\": \"Estad\\u00edstica idioma\", \"object\": \"English (EN)\", \"fields\": [\"descripcion_corta_medicion\", \"descripcion_medicion\"]}}]',29,1),(633,'2019-07-23 21:28:16.061033','6','Español (ES)',2,'[{\"changed\": {\"name\": \"Ficha t\\u00e9cnica\", \"object\": \"Prestadores\", \"fields\": [\"segmento\", \"contenido_ficha_tecnica\", \"tamano_muestra_descripcion\", \"periodicidad_descripcion\", \"nivel_confiabilidad_descripcion\", \"error_porcentual_descripcion\"]}}]',30,1),(634,'2019-07-23 21:29:03.895154','6','Español (ES)',2,'[{\"changed\": {\"name\": \"Ficha t\\u00e9cnica\", \"object\": \"Prestadores\", \"fields\": [\"contenido_ficha_tecnica\"]}}]',30,1),(635,'2019-07-23 21:30:25.503079','10','English (EN)',2,'[{\"added\": {\"name\": \"Ficha t\\u00e9cnica\", \"object\": \"Prestadores\"}}]',30,1),(636,'2019-07-23 21:39:40.656312','1','Turismo Receptor',2,'[{\"changed\": {\"name\": \"Estad\\u00edstica idioma\", \"object\": \"Espa\\u00f1ol (ES)\", \"fields\": [\"nombre_medicion\"]}}]',29,1),(637,'2019-07-23 21:41:11.447929','5','Español (ES)',2,'[{\"changed\": {\"name\": \"Ficha t\\u00e9cnica\", \"object\": \"Turistas\", \"fields\": [\"periodicidad_descripcion\"]}}]',30,1),(638,'2019-07-23 21:43:49.482658','5','Español (ES)',2,'[{\"changed\": {\"name\": \"Ficha t\\u00e9cnica\", \"object\": \"Turistas\", \"fields\": [\"periodicidad_descripcion\"]}}]',30,1),(639,'2019-07-23 21:44:46.204554','11','English (EN)',2,'[{\"changed\": {\"name\": \"Ficha t\\u00e9cnica\", \"object\": \"Turistas\", \"fields\": [\"periodicidad_descripcion\"]}}]',30,1),(640,'2019-07-23 21:45:11.457450','6','Español (ES)',2,'[{\"changed\": {\"name\": \"Ficha t\\u00e9cnica\", \"object\": \"Prestadores\", \"fields\": [\"periodicidad_descripcion\"]}}]',30,1),(641,'2019-07-23 21:45:33.379261','10','English (EN)',2,'[{\"changed\": {\"name\": \"Ficha t\\u00e9cnica\", \"object\": \"Prestadores\", \"fields\": [\"periodicidad_descripcion\"]}}]',30,1),(642,'2019-07-23 21:47:16.895446','2','Español (ES)',2,'[{\"changed\": {\"name\": \"Ficha t\\u00e9cnica\", \"object\": \"Prestadores\", \"fields\": [\"contenido_ficha_tecnica\"]}}]',30,1),(643,'2019-07-23 21:48:13.119882','2','Español (ES)',2,'[{\"changed\": {\"name\": \"Ficha t\\u00e9cnica\", \"object\": \"Prestadores\", \"fields\": [\"contenido_ficha_tecnica\"]}}]',30,1),(644,'2019-07-23 21:49:29.477992','4','Español (ES)',2,'[{\"changed\": {\"name\": \"Ficha t\\u00e9cnica\", \"object\": \"Prestadores\", \"fields\": [\"periodicidad_descripcion\"]}}]',30,1),(645,'2019-07-23 21:49:49.477625','8','English (EN)',2,'[{\"changed\": {\"name\": \"Ficha t\\u00e9cnica\", \"object\": \"Prestadores\", \"fields\": [\"periodicidad_descripcion\"]}}]',30,1),(646,'2019-08-12 13:08:47.483824','3','CUNDI DURA VIAJE AGRUPADO',1,'[{\"added\": {}}]',64,1),(647,'2019-08-14 21:48:10.026247','25489001','Facatativá | Cundinamarca | Andina | Colombia',1,'[{\"added\": {}}, {\"added\": {\"name\": \"municipio idioma\", \"object\": \"Espa\\u00f1ol (ES)\"}}, {\"added\": {\"name\": \"municipio idioma\", \"object\": \"English (EN)\"}}]',14,1),(648,'2019-08-14 22:06:54.231137','3','PIEDRAS DEL TUNJO - FACATATIVA',2,'[{\"changed\": {\"fields\": [\"titulo_informe\", \"categoria_informes\", \"municipio\", \"archivo_semanario\", \"fecha_fin\"]}}, {\"changed\": {\"name\": \"informe idioma\", \"object\": \"Espa\\u00f1ol (ES)\", \"fields\": [\"titulo_informe\", \"resumen_informe\", \"descripcion_informe\"]}}, {\"changed\": {\"name\": \"informe idioma\", \"object\": \"English (EN)\", \"fields\": [\"titulo_informe\", \"resumen_informe\", \"descripcion_informe\"]}}]',52,1),(649,'2019-08-14 22:07:58.149445','3','PIEDRAS DEL TUNJO - FACATATIVA',2,'[{\"changed\": {\"name\": \"informe idioma\", \"object\": \"Espa\\u00f1ol (ES)\", \"fields\": [\"titulo_informe\"]}}, {\"changed\": {\"name\": \"informe idioma\", \"object\": \"English (EN)\", \"fields\": [\"titulo_informe\"]}}]',52,1),(650,'2019-08-14 22:08:02.063360','3','PIEDRAS DEL TUNJO - FACATATIVA',2,'[]',52,1),(651,'2019-08-14 22:14:35.129781','25489002','Soacha | Cundinamarca | Andina | Colombia',1,'[{\"added\": {}}, {\"added\": {\"name\": \"municipio idioma\", \"object\": \"Espa\\u00f1ol (ES)\"}}, {\"added\": {\"name\": \"municipio idioma\", \"object\": \"English (EN)\"}}]',14,1),(652,'2019-08-14 22:14:53.165371','2','SALTO DEL TEQUENDAMA',2,'[{\"changed\": {\"fields\": [\"titulo_informe\", \"municipio\", \"archivo_semanario\", \"fecha_fin\"]}}]',52,1),(653,'2019-08-14 22:16:57.959616','2','SALTO DEL TEQUENDAMA',2,'[{\"changed\": {\"name\": \"informe idioma\", \"object\": \"Espa\\u00f1ol (ES)\", \"fields\": [\"titulo_informe\", \"resumen_informe\", \"descripcion_informe\"]}}, {\"changed\": {\"name\": \"informe idioma\", \"object\": \"English (EN)\", \"fields\": [\"titulo_informe\", \"resumen_informe\", \"descripcion_informe\"]}}]',52,1),(654,'2019-08-14 22:17:29.697528','3','PIEDRAS DEL TUNJO - FACATATIVA',2,'[]',52,1),(655,'2019-08-14 22:21:10.360999','25224003','Tocancipá | Cundinamarca | Andina | Colombia',1,'[{\"added\": {}}, {\"added\": {\"name\": \"municipio idioma\", \"object\": \"Espa\\u00f1ol (ES)\"}}, {\"added\": {\"name\": \"municipio idioma\", \"object\": \"English (EN)\"}}]',14,1),(656,'2019-08-14 22:23:42.073566','1','PARQUE JAIME DUQUE',2,'[{\"changed\": {\"fields\": [\"titulo_informe\", \"categoria_informes\", \"municipio\", \"fecha_fin\"]}}, {\"changed\": {\"name\": \"informe idioma\", \"object\": \"Espa\\u00f1ol (ES)\", \"fields\": [\"titulo_informe\", \"resumen_informe\", \"descripcion_informe\"]}}, {\"changed\": {\"name\": \"informe idioma\", \"object\": \"English (EN)\", \"fields\": [\"titulo_informe\", \"resumen_informe\", \"descripcion_informe\"]}}]',52,1),(657,'2019-08-14 22:24:08.712594','2','SALTO DEL TEQUENDAMA',2,'[{\"changed\": {\"name\": \"informe idioma\", \"object\": \"Espa\\u00f1ol (ES)\", \"fields\": [\"titulo_informe\"]}}, {\"changed\": {\"name\": \"informe idioma\", \"object\": \"English (EN)\", \"fields\": [\"titulo_informe\"]}}]',52,1),(658,'2019-08-14 22:24:30.478632','1','PARQUE JAIME DUQUE',2,'[{\"changed\": {\"fields\": [\"archivo_semanario\", \"fecha_inicio\"]}}]',52,1),(659,'2019-08-14 22:24:43.795022','2','SALTO DEL TEQUENDAMA',2,'[{\"changed\": {\"fields\": [\"fecha_inicio\"]}}]',52,1),(660,'2019-08-14 22:24:53.621895','2','SALTO DEL TEQUENDAMA',2,'[{\"changed\": {\"fields\": [\"fecha_inicio\"]}}]',52,1),(661,'2019-08-14 22:25:05.466603','1','PARQUE JAIME DUQUE',2,'[{\"changed\": {\"fields\": [\"fecha_inicio\"]}}]',52,1),(662,'2019-08-14 22:28:11.757906','3','PIEDRAS DEL TUNJO - FACATATIVA',2,'[{\"changed\": {\"fields\": [\"categoria_informes\"]}}]',52,1),(663,'2019-08-14 22:28:49.694447','3','PIEDRAS DEL TUNJO - FACATATIVA',2,'[{\"changed\": {\"fields\": [\"categoria_informes\"]}}]',52,1),(664,'2019-08-14 22:29:16.720794','1','PARQUE JAIME DUQUE',2,'[{\"changed\": {\"fields\": [\"categoria_informes\"]}}]',52,1),(665,'2019-08-14 22:30:50.886449','3','PIEDRAS DEL TUNJO - FACATATIVA',2,'[{\"changed\": {\"fields\": [\"categoria_informes\"]}}]',52,1),(666,'2019-08-14 22:31:15.782331','2','SALTO DEL TEQUENDAMA',2,'[]',52,1),(667,'2019-08-14 22:32:41.542207','1','PARQUE JAIME DUQUE2',2,'[{\"changed\": {\"fields\": [\"titulo_informe\"]}}]',52,1),(668,'2019-08-14 22:32:46.940653','4','PARQUE JAIME DUQUE',1,'[{\"added\": {}}, {\"added\": {\"name\": \"informe idioma\", \"object\": \"Espa\\u00f1ol (ES)\"}}, {\"added\": {\"name\": \"informe idioma\", \"object\": \"English (EN)\"}}]',52,1),(669,'2019-08-14 22:34:46.339139','1','PARQUE JAIME DUQUE2',3,'',52,1),(670,'2019-08-14 22:42:56.371711','5','BALSA MUISCA - PASCA',1,'[{\"added\": {}}, {\"added\": {\"name\": \"informe idioma\", \"object\": \"Espa\\u00f1ol (ES)\"}}, {\"added\": {\"name\": \"informe idioma\", \"object\": \"English (EN)\"}}]',52,1),(671,'2019-08-14 22:47:33.876555','25489004','Girardot | Cundinamarca | Andina | Colombia',1,'[{\"added\": {}}]',14,1),(672,'2019-08-14 22:48:39.030290','25489004','Girardot | Cundinamarca | Andina | Colombia',2,'[{\"added\": {\"name\": \"municipio idioma\", \"object\": \"Espa\\u00f1ol (ES)\"}}, {\"added\": {\"name\": \"municipio idioma\", \"object\": \"English (EN)\"}}]',14,1),(673,'2019-08-14 22:51:27.172609','6','GIRARDOT CUNDINAMARCA',1,'[{\"added\": {}}, {\"added\": {\"name\": \"informe idioma\", \"object\": \"Espa\\u00f1ol (ES)\"}}, {\"added\": {\"name\": \"informe idioma\", \"object\": \"English (EN)\"}}]',52,1),(674,'2019-08-14 22:57:38.074079','5','BALSA MUISCA - PASCA',2,'[{\"changed\": {\"name\": \"informe idioma\", \"object\": \"Espa\\u00f1ol (ES)\", \"fields\": [\"titulo_informe\"]}}, {\"changed\": {\"name\": \"informe idioma\", \"object\": \"English (EN)\", \"fields\": [\"titulo_informe\"]}}]',52,1),(675,'2019-08-14 23:03:20.113971','7','IGLESIA NUESTRA SEÑORA DE FATIMA',1,'[{\"added\": {}}, {\"added\": {\"name\": \"informe idioma\", \"object\": \"Espa\\u00f1ol (ES)\"}}, {\"added\": {\"name\": \"informe idioma\", \"object\": \"English (EN)\"}}]',52,1),(676,'2019-08-14 23:04:28.080621','4','PARQUE JAIME DUQUE',2,'[{\"changed\": {\"name\": \"informe idioma\", \"object\": \"Espa\\u00f1ol (ES)\", \"fields\": [\"titulo_informe\"]}}]',52,1),(677,'2019-08-14 23:06:59.187867','25489005','Villeta | Cundinamarca | Andina | Colombia',1,'[{\"added\": {}}, {\"added\": {\"name\": \"municipio idioma\", \"object\": \"Espa\\u00f1ol (ES)\"}}, {\"added\": {\"name\": \"municipio idioma\", \"object\": \"English (EN)\"}}]',14,1),(678,'2019-08-14 23:09:32.327062','8','SALTO DE LOS MICOS - VILLETA',1,'[{\"added\": {}}, {\"added\": {\"name\": \"informe idioma\", \"object\": \"Espa\\u00f1ol (ES)\"}}, {\"added\": {\"name\": \"informe idioma\", \"object\": \"English (EN)\"}}]',52,1),(679,'2019-08-15 15:22:35.618256','3','cundi_dura_viaje_agrupado',2,'[{\"changed\": {\"fields\": [\"tipo\"]}}]',64,1),(680,'2019-08-15 17:35:31.970951','7','Primer comité departamental de seguridad turística 2019',2,'[{\"changed\": {\"fields\": [\"fecha_fin\"]}}]',42,1),(681,'2019-08-15 17:35:43.321307','2','Primer puesto para Cundinamarca',2,'[{\"changed\": {\"fields\": [\"fecha_fin\"]}}]',42,1),(682,'2019-08-15 17:36:56.677060','1','Bicirrutas de cundinamarca',2,'[{\"changed\": {\"fields\": [\"imagen_portada\"]}}]',42,1),(683,'2019-08-15 17:37:07.616328','1','Bicirrutas de cundinamarca',2,'[{\"changed\": {\"fields\": [\"fecha_fin\"]}}]',42,1),(684,'2019-08-15 20:06:57.831491','1','Bicirrutas de cundinamarca',2,'[{\"changed\": {\"fields\": [\"municipio\"]}}]',42,1),(685,'2019-08-15 20:40:35.543762','3','receptor | cundi_dura_viaje_agrupado',2,'[{\"changed\": {\"fields\": [\"medicion\"]}}, {\"added\": {\"name\": \"Archivo\", \"object\": \"2019-08-15\"}}]',64,1),(686,'2019-08-15 20:42:07.598896','3','receptor | cundi_dura_viaje_agrupado',2,'[{\"changed\": {\"name\": \"Archivo\", \"object\": \"2019-08-15\", \"fields\": [\"archivo\"]}}]',64,1),(687,'2019-08-15 20:42:56.613444','3','receptor | cundi_dura_viaje_agrupado',2,'[{\"changed\": {\"name\": \"Archivo\", \"object\": \"2019-08-15\", \"fields\": [\"archivo\"]}}]',64,1),(688,'2019-08-15 20:44:42.798432','3','receptor | cundi_tipo_de_alojamiento',2,'[{\"changed\": {\"fields\": [\"indicador\"]}}, {\"changed\": {\"name\": \"Archivo\", \"object\": \"2019-08-15\", \"fields\": [\"archivo\"]}}]',64,1),(689,'2019-08-15 20:45:17.867530','3','receptor | cundi_dura_viaje_agrupado',2,'[{\"changed\": {\"fields\": [\"indicador\"]}}, {\"changed\": {\"name\": \"Archivo\", \"object\": \"2019-08-15\", \"fields\": [\"archivo\"]}}]',64,1),(690,'2019-08-15 20:45:49.177900','4','receptor | cundi_tipo_de_alojamiento',1,'[{\"added\": {}}, {\"added\": {\"name\": \"Archivo\", \"object\": \"2019-08-15\"}}]',64,1),(691,'2019-08-15 21:20:22.138508','4','receptor | cundi_tipo_de_alojamiento',2,'[{\"changed\": {\"name\": \"Archivo\", \"object\": \"2019-08-15\", \"fields\": [\"archivo\"]}}]',64,1),(692,'2019-08-15 22:15:17.395977','8','SALTO DE LOS MICOS - VILLETA',2,'[{\"changed\": {\"fields\": [\"archivo_semanario\"]}}]',52,1),(693,'2019-08-15 22:15:58.020714','7','IGLESIA NUESTRA SEÑORA DE FATIMA',2,'[{\"changed\": {\"fields\": [\"archivo_semanario\"]}}]',52,1),(694,'2019-08-15 22:16:05.380024','6','GIRARDOT CUNDINAMARCA',2,'[{\"changed\": {\"fields\": [\"archivo_semanario\"]}}]',52,1),(695,'2019-08-15 22:16:13.662574','5','BALSA MUISCA - PASCA',2,'[{\"changed\": {\"fields\": [\"archivo_semanario\"]}}]',52,1),(696,'2019-08-15 22:16:22.566052','4','PARQUE JAIME DUQUE',2,'[{\"changed\": {\"fields\": [\"archivo_semanario\"]}}]',52,1),(697,'2019-08-15 22:16:36.001113','3','PIEDRAS DEL TUNJO - FACATATIVA',2,'[{\"changed\": {\"fields\": [\"archivo_semanario\"]}}]',52,1),(698,'2019-08-15 22:16:42.730857','2','SALTO DEL TEQUENDAMA',2,'[{\"changed\": {\"fields\": [\"archivo_semanario\"]}}]',52,1),(699,'2019-08-16 13:46:44.571313','1','SITUR Cundinamarca',2,'[{\"changed\": {\"fields\": [\"nombre_sitio\"]}}]',18,1),(700,'2019-08-16 13:49:11.757133','1','Bicirrutas de cundinamarca',2,'[{\"changed\": {\"fields\": [\"imagen_portada\"]}}]',42,1),(701,'2019-08-16 14:09:12.176950','1','SITUR Cundinamarca',2,'[{\"changed\": {\"name\": \"Enlaces institucionales\", \"object\": \"1\", \"fields\": [\"activo\"]}}]',18,1),(702,'2019-08-16 14:09:38.146866','1','SITUR Cundinamarca',2,'[{\"changed\": {\"name\": \"Enlaces institucionales\", \"object\": \"1\", \"fields\": [\"activo\"]}}]',18,1),(703,'2019-08-16 14:20:30.102961','1','1',2,'[{\"changed\": {\"name\": \"seccion vive cundinamarca idioma\", \"object\": \"Espa\\u00f1ol (ES)\", \"fields\": [\"descripcion_departamento\"]}}, {\"changed\": {\"name\": \"seccion vive cundinamarca idioma\", \"object\": \"English (EN)\", \"fields\": [\"descripcion_departamento\"]}}]',56,1),(704,'2019-08-16 14:24:28.472977','1','1',2,'[{\"changed\": {\"name\": \"seccion vive cundinamarca idioma\", \"object\": \"Espa\\u00f1ol (ES)\", \"fields\": [\"descripcion_seccion\"]}}]',56,1),(705,'2019-08-16 14:24:50.199801','1','1',2,'[{\"changed\": {\"name\": \"seccion vive cundinamarca idioma\", \"object\": \"Espa\\u00f1ol (ES)\", \"fields\": [\"descripcion_seccion\"]}}]',56,1),(706,'2019-08-16 14:32:45.777026','1','1',2,'[{\"changed\": {\"name\": \"seccion vive cundinamarca idioma\", \"object\": \"English (EN)\", \"fields\": [\"etiqueta_boton_continuar_buscando\"]}}]',56,1),(707,'2019-08-16 15:10:26.658520','1','Rutas turísticas',2,'[{\"changed\": {\"name\": \"Oferta tur\\u00edstica idiomas\", \"object\": \"Espa\\u00f1ol (ES)\", \"fields\": [\"descripcion_seccion_rutas_turisticas\"]}}, {\"changed\": {\"name\": \"Oferta tur\\u00edstica idiomas\", \"object\": \"English (EN)\", \"fields\": [\"descripcion_seccion_rutas_turisticas\"]}}]',59,1),(708,'2019-08-16 15:10:54.471599','1','Rutas turísticas',2,'[{\"changed\": {\"name\": \"Oferta tur\\u00edstica idiomas\", \"object\": \"Espa\\u00f1ol (ES)\", \"fields\": [\"descripcion_seccion_rutas_turisticas\"]}}]',59,1),(709,'2019-08-16 15:19:24.537044','6','Eventos',2,'[{\"changed\": {\"name\": \"Oferta tur\\u00edstica idiomas\", \"object\": \"Espa\\u00f1ol (ES)\", \"fields\": [\"descripcion_seccion_rutas_turisticas\"]}}, {\"changed\": {\"name\": \"Oferta tur\\u00edstica idiomas\", \"object\": \"English (EN)\", \"fields\": [\"descripcion_seccion_rutas_turisticas\"]}}]',59,1),(710,'2019-08-16 15:20:08.794740','5','Gastronomía',2,'[{\"changed\": {\"name\": \"Oferta tur\\u00edstica idiomas\", \"object\": \"Espa\\u00f1ol (ES)\", \"fields\": [\"descripcion_seccion_rutas_turisticas\"]}}, {\"changed\": {\"name\": \"Oferta tur\\u00edstica idiomas\", \"object\": \"English (EN)\", \"fields\": [\"descripcion_seccion_rutas_turisticas\"]}}]',59,1),(711,'2019-08-16 15:21:00.472998','4','Prestadores de servicio',2,'[{\"changed\": {\"name\": \"Oferta tur\\u00edstica idiomas\", \"object\": \"Espa\\u00f1ol (ES)\", \"fields\": [\"descripcion_seccion_rutas_turisticas\"]}}, {\"changed\": {\"name\": \"Oferta tur\\u00edstica idiomas\", \"object\": \"English (EN)\", \"fields\": [\"descripcion_seccion_rutas_turisticas\"]}}]',59,1),(712,'2019-08-16 15:21:45.117242','3','Lugares de interés',2,'[{\"changed\": {\"name\": \"Oferta tur\\u00edstica idiomas\", \"object\": \"Espa\\u00f1ol (ES)\", \"fields\": [\"descripcion_seccion_rutas_turisticas\"]}}, {\"changed\": {\"name\": \"Oferta tur\\u00edstica idiomas\", \"object\": \"English (EN)\", \"fields\": [\"descripcion_seccion_rutas_turisticas\"]}}]',59,1),(713,'2019-08-16 15:22:37.728959','2','Actividades sugeridas',2,'[{\"changed\": {\"name\": \"Oferta tur\\u00edstica idiomas\", \"object\": \"Espa\\u00f1ol (ES)\", \"fields\": [\"descripcion_seccion_rutas_turisticas\"]}}, {\"changed\": {\"name\": \"Oferta tur\\u00edstica idiomas\", \"object\": \"English (EN)\", \"fields\": [\"descripcion_seccion_rutas_turisticas\"]}}]',59,1),(714,'2019-08-16 15:35:10.866494','6','Eventos',2,'[{\"changed\": {\"name\": \"Oferta tur\\u00edstica idiomas\", \"object\": \"Espa\\u00f1ol (ES)\", \"fields\": [\"etiqueta_boton_busqueda\"]}}]',59,1),(715,'2019-08-16 15:35:30.968136','6','Eventos',2,'[{\"changed\": {\"name\": \"Oferta tur\\u00edstica idiomas\", \"object\": \"Espa\\u00f1ol (ES)\", \"fields\": [\"etiqueta_boton_busqueda\"]}}]',59,1),(716,'2019-08-16 16:13:10.064380','3','Biblioteca digital',2,'[{\"changed\": {\"name\": \"informacion general idioma\", \"object\": \"Espa\\u00f1ol (ES)\", \"fields\": [\"descripcion_seccion\"]}}, {\"changed\": {\"name\": \"informacion general idioma\", \"object\": \"English (EN)\", \"fields\": [\"descripcion_seccion\"]}}]',38,1),(717,'2019-08-16 16:13:59.346354','4','Bolsa de empleo',2,'[{\"changed\": {\"name\": \"informacion general idioma\", \"object\": \"Espa\\u00f1ol (ES)\", \"fields\": [\"descripcion_seccion\"]}}, {\"changed\": {\"name\": \"informacion general idioma\", \"object\": \"English (EN)\", \"fields\": [\"descripcion_seccion\"]}}]',38,1),(718,'2019-08-16 16:23:32.133303','3','Biblioteca digital',2,'[{\"changed\": {\"name\": \"informacion general idioma\", \"object\": \"Espa\\u00f1ol (ES)\", \"fields\": [\"descripcion_seccion\"]}}, {\"changed\": {\"name\": \"informacion general idioma\", \"object\": \"English (EN)\", \"fields\": [\"descripcion_seccion\"]}}]',38,1),(719,'2019-08-16 16:28:34.940159','2','Informes',2,'[{\"changed\": {\"name\": \"informacion general idioma\", \"object\": \"Espa\\u00f1ol (ES)\", \"fields\": [\"descripcion_seccion\"]}}, {\"changed\": {\"name\": \"informacion general idioma\", \"object\": \"English (EN)\", \"fields\": [\"descripcion_seccion\"]}}]',38,1),(720,'2019-08-16 16:32:49.155178','1','Noticias',2,'[{\"changed\": {\"name\": \"informacion general idioma\", \"object\": \"Espa\\u00f1ol (ES)\", \"fields\": [\"descripcion_seccion\"]}}, {\"changed\": {\"name\": \"informacion general idioma\", \"object\": \"English (EN)\", \"fields\": [\"descripcion_seccion\"]}}]',38,1),(721,'2019-08-16 16:33:36.614063','4','dadasdas',3,'',40,1),(722,'2019-08-16 16:36:24.111642','7','Primer comité departamental de seguridad turística 2019',2,'[{\"changed\": {\"name\": \"noticias idioma\", \"object\": \"English (EN)\", \"fields\": [\"contenido_noticia\"]}}]',42,1),(723,'2019-08-16 16:37:12.514880','2','Primer puesto para Cundinamarca',2,'[{\"changed\": {\"name\": \"noticias idioma\", \"object\": \"Espa\\u00f1ol (ES)\", \"fields\": [\"contenido_noticia\"]}}, {\"changed\": {\"name\": \"noticias idioma\", \"object\": \"English (EN)\", \"fields\": [\"contenido_noticia\"]}}]',42,1),(724,'2019-08-16 16:45:32.589015','1','Bicirrutas de cundinamarca',2,'[{\"added\": {\"name\": \"noticias idioma\", \"object\": \"English (EN)\"}}, {\"changed\": {\"name\": \"noticias idioma\", \"object\": \"Espa\\u00f1ol (ES)\", \"fields\": [\"titulo_noticia\", \"resumen_noticia\", \"contenido_noticia\"]}}]',42,1),(725,'2019-08-16 17:11:15.438293','6','Oferta Turistica',2,'[{\"changed\": {\"name\": \"Estad\\u00edstica idioma\", \"object\": \"Espa\\u00f1ol (ES)\", \"fields\": [\"etiqueta_boton_infografia\"]}}]',29,1),(726,'2019-08-16 20:37:07.629818','3','Cundinamarca se consolida como referente cultural',2,'[{\"changed\": {\"fields\": [\"titulo_noticia\", \"archivo_semanario\", \"municipio\"]}}]',40,1),(727,'2019-08-16 20:37:17.362161','1','1',2,'[{\"changed\": {\"name\": \"seccion vive cundinamarca idioma\", \"object\": \"Espa\\u00f1ol (ES)\", \"fields\": [\"descripcion_seccion\"]}}]',56,1),(728,'2019-08-16 20:37:46.923823','1','1',2,'[{\"changed\": {\"name\": \"seccion vive cundinamarca idioma\", \"object\": \"Espa\\u00f1ol (ES)\", \"fields\": [\"descripcion_seccion\"]}}]',56,1),(729,'2019-08-16 20:43:50.865353','3','Cundinamarca se consolida como referente cultural',2,'[{\"changed\": {\"name\": \"noticia semanario idioma\", \"object\": \"Espa\\u00f1ol (ES)\", \"fields\": [\"titulo_noticia\", \"descripcion_semanario\"]}}, {\"changed\": {\"name\": \"noticia semanario idioma\", \"object\": \"English (EN)\", \"fields\": [\"titulo_noticia\", \"descripcion_semanario\"]}}]',40,1),(730,'2019-08-16 20:46:07.037216','2','Integer senectus potenti facilisi,',3,'',40,1),(731,'2019-08-16 20:46:07.096289','1','Suspendisse orci in dapibus suscipit,',3,'',40,1),(732,'2019-08-16 20:47:33.869497','3','Cundinamarca se consolida como referente cultural',2,'[{\"changed\": {\"fields\": [\"fecha_inicio\", \"fecha_fin\"]}}]',40,1),(733,'2019-08-16 20:56:23.439235','3','Administrador Agencia de Turismo',2,'[{\"changed\": {\"fields\": [\"nombre_cargo\", \"categoria_empleo\", \"email_contratante\"]}}, {\"changed\": {\"name\": \"oportunidades empleo idioma\", \"object\": \"Espa\\u00f1ol (ES)\", \"fields\": [\"nombre_cargo\", \"descripcion_cargo\", \"descripcion_requisitos\"]}}, {\"changed\": {\"name\": \"oportunidades empleo idioma\", \"object\": \"English (EN)\", \"fields\": [\"nombre_cargo\", \"descripcion_cargo\", \"descripcion_requisitos\"]}}]',48,1),(734,'2019-08-16 20:56:52.727356','3','Administrador Agencia de Turismo',2,'[{\"changed\": {\"name\": \"oportunidades empleo idioma\", \"object\": \"Espa\\u00f1ol (ES)\", \"fields\": [\"descripcion_requisitos\"]}}, {\"changed\": {\"name\": \"oportunidades empleo idioma\", \"object\": \"English (EN)\", \"fields\": [\"descripcion_requisitos\"]}}]',48,1),(735,'2019-08-16 20:59:43.149495','11000000','Bogotá D.C. | Cundinamarca | Andina | Colombia',1,'[{\"added\": {}}, {\"added\": {\"name\": \"municipio idioma\", \"object\": \"Espa\\u00f1ol (ES)\"}}, {\"added\": {\"name\": \"municipio idioma\", \"object\": \"English (EN)\"}}]',14,1),(736,'2019-08-16 21:06:08.370951','2','Asesor turístico',2,'[{\"changed\": {\"fields\": [\"nombre_cargo\", \"categoria_empleo\", \"municipio\", \"email_contratante\", \"fecha_fin\"]}}, {\"changed\": {\"name\": \"oportunidades empleo idioma\", \"object\": \"Espa\\u00f1ol (ES)\", \"fields\": [\"nombre_cargo\", \"descripcion_cargo\", \"descripcion_requisitos\"]}}, {\"changed\": {\"name\": \"oportunidades empleo idioma\", \"object\": \"English (EN)\", \"fields\": [\"nombre_cargo\", \"descripcion_cargo\", \"descripcion_requisitos\"]}}]',48,1),(737,'2019-08-16 21:07:29.729569','25743000','Silvania | Cundinamarca | Andina | Colombia',1,'[{\"added\": {}}, {\"added\": {\"name\": \"municipio idioma\", \"object\": \"Espa\\u00f1ol (ES)\"}}, {\"added\": {\"name\": \"municipio idioma\", \"object\": \"English (EN)\"}}]',14,1),(738,'2019-08-16 21:07:33.225546','3','Administrador Agencia de Turismo',2,'[{\"changed\": {\"fields\": [\"municipio\"]}}]',48,1),(739,'2019-08-16 21:11:49.993040','1','Chef Administrativo - Hotelero',2,'[{\"changed\": {\"fields\": [\"nombre_cargo\", \"categoria_empleo\", \"municipio\", \"email_contratante\", \"fecha_fin\"]}}, {\"changed\": {\"name\": \"oportunidades empleo idioma\", \"object\": \"Espa\\u00f1ol (ES)\", \"fields\": [\"nombre_cargo\", \"descripcion_cargo\", \"descripcion_requisitos\"]}}, {\"changed\": {\"name\": \"oportunidades empleo idioma\", \"object\": \"English (EN)\", \"fields\": [\"nombre_cargo\", \"descripcion_cargo\", \"descripcion_requisitos\"]}}]',48,1),(740,'2019-08-16 21:14:05.528225','25736000','Sesquilé | Cundinamarca | Andina | Colombia',1,'[{\"added\": {}}, {\"added\": {\"name\": \"municipio idioma\", \"object\": \"Espa\\u00f1ol (ES)\"}}, {\"added\": {\"name\": \"municipio idioma\", \"object\": \"English (EN)\"}}]',14,1),(741,'2019-08-16 21:46:56.920149','4','Auxiliares de Cocina',1,'[{\"added\": {}}]',48,1),(742,'2019-08-16 21:50:47.259029','4','Auxiliares de Cocina',2,'[{\"added\": {\"name\": \"oportunidades empleo idioma\", \"object\": \"Espa\\u00f1ol (ES)\"}}, {\"added\": {\"name\": \"oportunidades empleo idioma\", \"object\": \"English (EN)\"}}]',48,1),(743,'2019-08-16 21:52:09.842973','25175000','Chía | Cundinamarca | Andina | Colombia',1,'[{\"added\": {}}, {\"added\": {\"name\": \"municipio idioma\", \"object\": \"Espa\\u00f1ol (ES)\"}}, {\"added\": {\"name\": \"municipio idioma\", \"object\": \"English (EN)\"}}]',14,1),(744,'2019-08-16 22:52:14.861246','5','Cocineros',1,'[{\"added\": {}}]',48,1),(745,'2019-08-16 22:55:22.650076','5','Cocineros',2,'[{\"added\": {\"name\": \"oportunidades empleo idioma\", \"object\": \"Espa\\u00f1ol (ES)\"}}, {\"added\": {\"name\": \"oportunidades empleo idioma\", \"object\": \"English (EN)\"}}]',48,1),(746,'2019-08-20 18:05:50.116584','3','receptor | cundi_dura_viaje_agrupado',2,'[{\"changed\": {\"name\": \"Archivo\", \"object\": \"2019-08-15\", \"fields\": [\"archivo\"]}}]',64,1),(747,'2019-08-20 19:23:31.054596','3','receptor | cundi_dura_viaje_agrupado',2,'[{\"changed\": {\"name\": \"Archivo\", \"object\": \"2019-08-15\", \"fields\": [\"archivo\"]}}]',64,1),(748,'2019-08-20 19:36:26.429106','4','receptor | cundi_tipo_de_alojamiento',2,'[{\"changed\": {\"name\": \"Archivo\", \"object\": \"2019-08-15\", \"fields\": [\"archivo\"]}}]',64,1),(749,'2019-08-20 19:53:53.808195','3','receptor | cundi_dura_viaje_agrupado',2,'[{\"changed\": {\"name\": \"Archivo\", \"object\": \"2019-08-15\", \"fields\": [\"archivo\"]}}]',64,1),(750,'2019-08-20 20:12:23.954039','3','receptor | cundi_dura_viaje_agrupado',2,'[{\"changed\": {\"name\": \"Archivo\", \"object\": \"2019-08-15\", \"fields\": [\"archivo\"]}}]',64,1),(751,'2019-08-21 15:23:08.345937','5','Cocineros',2,'[]',48,1),(752,'2019-09-12 17:50:41.359064','1','Turismo Receptor',2,'[{\"changed\": {\"fields\": [\"url_tableau\"]}}]',29,1),(753,'2019-09-12 17:55:20.821838','6','Oferta Turistica',2,'[{\"changed\": {\"fields\": [\"url_tableau\"]}}]',29,1),(754,'2019-09-12 17:56:28.710372','2','Turismo interno y emisor',2,'[{\"changed\": {\"fields\": [\"url_tableau\"]}}]',29,1),(755,'2019-09-12 17:58:05.480286','5','Generación de Empleo',2,'[{\"changed\": {\"fields\": [\"url_tableau\"]}}]',29,1),(756,'2019-09-23 13:36:56.137766','5','receptor | ie_tot_viajes_turis',1,'[{\"added\": {}}]',64,1),(757,'2019-09-23 13:38:48.422511','5','receptor | ie_tot_viajes_turis',3,'',64,1),(758,'2019-09-24 13:27:13.457686','3','receptor | cundi_dura_viaje_agrupado',2,'[{\"changed\": {\"name\": \"Archivo\", \"object\": \"2019\", \"fields\": [\"archivo\"]}}]',64,1),(759,'2019-09-24 13:53:27.585554','3','receptor | cundi_dura_viaje_agrupado',2,'[]',64,1),(760,'2019-09-24 14:51:20.765974','3','receptor | cundi_dura_viaje_agrupado',2,'[{\"changed\": {\"name\": \"Archivo\", \"object\": \"2019\", \"fields\": [\"archivo\"]}}]',64,1),(761,'2019-09-24 14:53:23.480078','3','receptor | cundi_dura_viaje_agrupado',2,'[]',64,1),(762,'2019-09-24 14:54:01.379542','3','receptor | cundi_dura_viaje_agrupado',2,'[{\"changed\": {\"name\": \"Archivo\", \"object\": \"2019\", \"fields\": [\"archivo\"]}}]',64,1),(763,'2019-09-24 14:56:49.156825','3','receptor | cundi_dura_viaje_agrupado',2,'[{\"changed\": {\"name\": \"Archivo\", \"object\": \"2019\", \"fields\": [\"archivo\"]}}]',64,1),(764,'2019-09-24 14:57:18.510254','3','receptor | cundi_dura_viaje_agrupado',2,'[]',64,1),(765,'2019-09-26 13:42:39.361053','3','receptor | cundi_dura_viaje_agrupado',2,'[{\"changed\": {\"name\": \"Archivo\", \"object\": \"2019\", \"fields\": [\"archivo\"]}}]',64,1),(766,'2019-09-26 13:55:06.218725','3','receptor | cundi_dura_viaje_agrupado',2,'[{\"changed\": {\"name\": \"Archivo\", \"object\": \"2019\", \"fields\": [\"archivo\"]}}]',64,1),(767,'2019-09-26 13:57:59.814236','4','receptor | cundi_tipo_de_alojamiento',2,'[{\"changed\": {\"name\": \"Archivo\", \"object\": \"2019\", \"fields\": [\"archivo\"]}}]',64,1),(768,'2019-09-26 14:00:32.205650','6','receptor | cundi_dura_estancia',1,'[{\"added\": {}}, {\"added\": {\"name\": \"Archivo\", \"object\": \"2019\"}}]',64,1),(769,'2019-09-26 14:01:23.858317','6','receptor | cundi_dura_estancia',2,'[{\"changed\": {\"name\": \"Archivo\", \"object\": \"2019\", \"fields\": [\"archivo\"]}}]',64,1),(770,'2019-09-26 14:06:37.505279','7','receptor | cundi_gasto_medio_dia',1,'[{\"added\": {}}, {\"added\": {\"name\": \"Archivo\", \"object\": \"2019\"}}]',64,1),(771,'2019-09-26 14:06:58.014646','7','receptor | cundi_gasto_medio_dia',2,'[{\"changed\": {\"name\": \"Archivo\", \"object\": \"2019\", \"fields\": [\"archivo\"]}}]',64,1),(772,'2019-09-26 14:08:17.282609','7','receptor | cundi_gasto_medio_dia',2,'[{\"changed\": {\"name\": \"Archivo\", \"object\": \"2019\", \"fields\": [\"archivo\"]}}]',64,1),(773,'2019-09-26 14:13:02.521293','2','idecut',2,'[{\"changed\": {\"fields\": [\"password\"]}}]',4,1),(774,'2019-09-26 14:16:17.998095','2','idecut',2,'[{\"changed\": {\"fields\": [\"is_superuser\"]}}]',4,1),(775,'2019-09-26 14:25:19.946963','8','receptor | cundi_medio_transporte',1,'[{\"added\": {}}, {\"added\": {\"name\": \"Archivo\", \"object\": \"2019\"}}]',64,1),(776,'2019-09-26 14:33:18.073145','9','receptor | cundi_motivos_viaje',1,'[{\"added\": {}}, {\"added\": {\"name\": \"Archivo\", \"object\": \"2019\"}}]',64,1),(777,'2019-09-26 14:35:49.520055','9','receptor | cundi_motivos_viaje',2,'[{\"changed\": {\"name\": \"Archivo\", \"object\": \"2019\", \"fields\": [\"archivo\"]}}]',64,1),(778,'2019-09-26 14:50:45.589088','10','receptor | cundi_tama_medio_viaje',1,'[{\"added\": {}}, {\"added\": {\"name\": \"Archivo\", \"object\": \"2019\"}}]',64,1),(779,'2019-09-26 14:51:23.159407','10','receptor | cundi_tama_medio_viaje',2,'[{\"changed\": {\"name\": \"Archivo\", \"object\": \"2019\", \"fields\": [\"archivo\"]}}]',64,1),(780,'2019-09-26 14:51:41.050128','10','receptor | cundi_tama_medio_viaje',2,'[{\"changed\": {\"name\": \"Archivo\", \"object\": \"2019\", \"fields\": [\"archivo\"]}}]',64,1),(781,'2019-09-26 14:53:52.104503','11','oferta | ofr_capa_restaurantes',1,'[{\"added\": {}}, {\"added\": {\"name\": \"Archivo\", \"object\": \"2019\"}}]',64,1),(782,'2019-09-26 14:54:29.764552','11','oferta | ofr_capa_restaurantes',2,'[{\"changed\": {\"name\": \"Archivo\", \"object\": \"2019\", \"fields\": [\"archivo\"]}}]',64,1),(783,'2019-09-26 14:59:57.586877','12','oferta | ofr_dura_media_estancia',1,'[{\"added\": {}}, {\"added\": {\"name\": \"Archivo\", \"object\": \"2019\"}}]',64,1),(784,'2019-09-26 15:00:14.045277','12','oferta | ofr_dura_media_estancia',2,'[{\"changed\": {\"name\": \"Archivo\", \"object\": \"2019\", \"fields\": [\"archivo\"]}}]',64,1),(785,'2019-09-26 15:00:44.616235','12','oferta | ofr_dura_media_estancia',2,'[{\"changed\": {\"name\": \"Archivo\", \"object\": \"2019\", \"fields\": [\"archivo\"]}}]',64,1),(786,'2019-09-26 15:06:52.350051','14','empleo | empleos',1,'[{\"added\": {}}, {\"added\": {\"name\": \"Archivo\", \"object\": \"2019\"}}]',64,1),(787,'2019-09-26 15:08:04.596409','14','empleo | empleos',2,'[{\"changed\": {\"name\": \"Archivo\", \"object\": \"2019\", \"fields\": [\"archivo\"]}}]',64,1),(788,'2019-09-26 15:11:16.170197','15','oferta | ofr_ocupa_hotelera_hab',1,'[{\"added\": {}}, {\"added\": {\"name\": \"Archivo\", \"object\": \"2019\"}}]',64,1),(789,'2019-09-26 15:11:50.897336','15','oferta | ofr_ocupa_hotelera_hab',2,'[{\"changed\": {\"name\": \"Archivo\", \"object\": \"2019\", \"fields\": [\"archivo\"]}}]',64,1),(790,'2019-09-26 15:12:09.465162','15','oferta | ofr_ocupa_hotelera_hab',2,'[{\"changed\": {\"name\": \"Archivo\", \"object\": \"2019\", \"fields\": [\"archivo\"]}}]',64,1),(791,'2019-09-26 15:12:47.043750','12','oferta | ofr_dura_media_estancia',2,'[{\"changed\": {\"name\": \"Archivo\", \"object\": \"2019\", \"fields\": [\"archivo\"]}}]',64,1),(792,'2019-09-26 15:23:06.539860','16','oferta | ofr_presta_tipo_viajero',1,'[{\"added\": {}}, {\"added\": {\"name\": \"Archivo\", \"object\": \"2019\"}}]',64,1),(793,'2019-09-26 15:23:56.017709','16','oferta | ofr_presta_tipo_viajero',2,'[{\"changed\": {\"name\": \"Archivo\", \"object\": \"2019\", \"fields\": [\"archivo\"]}}]',64,1),(794,'2019-09-26 15:25:02.459483','16','oferta | ofr_presta_tipo_viajero',2,'[{\"changed\": {\"name\": \"Archivo\", \"object\": \"2019\", \"fields\": [\"archivo\"]}}]',64,1),(795,'2019-09-26 15:26:46.798455','17','oferta | ofr_viajes_plan',1,'[{\"added\": {}}, {\"added\": {\"name\": \"Archivo\", \"object\": \"2019\"}}]',64,1),(796,'2019-09-26 15:27:35.788320','17','oferta | ofr_viajes_plan',2,'[{\"changed\": {\"name\": \"Archivo\", \"object\": \"2019\", \"fields\": [\"archivo\"]}}]',64,1),(797,'2019-09-26 15:28:19.533191','17','oferta | ofr_viajes_plan',2,'[{\"changed\": {\"name\": \"Archivo\", \"object\": \"2019\", \"fields\": [\"archivo\"]}}]',64,1),(798,'2019-09-26 15:31:07.050885','18','empleo | empleo_vinculacion',1,'[{\"added\": {}}, {\"added\": {\"name\": \"Archivo\", \"object\": \"2019\"}}]',64,1),(799,'2019-09-26 15:31:44.705845','18','empleo | empleo_vinculacion',2,'[{\"changed\": {\"name\": \"Archivo\", \"object\": \"2019\", \"fields\": [\"archivo\"]}}]',64,1),(800,'2019-09-26 15:32:03.558560','18','empleo | empleo_vinculacion',2,'[{\"changed\": {\"name\": \"Archivo\", \"object\": \"2019\", \"fields\": [\"archivo\"]}}]',64,1),(801,'2019-09-26 15:35:20.626597','19','empleo | tipo_grupo',1,'[{\"added\": {}}, {\"added\": {\"name\": \"Archivo\", \"object\": \"2019\"}}]',64,1),(802,'2019-09-26 15:36:18.249869','19','empleo | tipo_grupo',2,'[{\"changed\": {\"name\": \"Archivo\", \"object\": \"2019\", \"fields\": [\"archivo\"]}}]',64,1),(803,'2019-09-26 15:36:59.192940','18','empleo | empleo_vinculacion',2,'[{\"changed\": {\"name\": \"Archivo\", \"object\": \"2019\", \"fields\": [\"archivo\"]}}]',64,1),(804,'2019-09-26 15:40:05.202231','20','empleo | vacantes_grupo',1,'[{\"added\": {}}, {\"added\": {\"name\": \"Archivo\", \"object\": \"2019\"}}]',64,1),(805,'2019-09-26 15:40:38.079025','19','empleo | tipo_grupo',2,'[{\"changed\": {\"name\": \"Archivo\", \"object\": \"2019\", \"fields\": [\"archivo\"]}}]',64,1),(806,'2019-09-26 15:41:14.834979','20','empleo | vacantes_grupo',2,'[{\"changed\": {\"name\": \"Archivo\", \"object\": \"2019\", \"fields\": [\"archivo\"]}}]',64,1),(807,'2019-09-26 15:42:19.037462','20','empleo | vacantes_grupo',2,'[{\"changed\": {\"name\": \"Archivo\", \"object\": \"2019\", \"fields\": [\"archivo\"]}}]',64,1),(808,'2019-09-26 15:43:55.649390','14','empleo | empleos',2,'[{\"changed\": {\"name\": \"Archivo\", \"object\": \"2019\", \"fields\": [\"archivo\"]}}]',64,1),(809,'2019-09-26 15:50:03.919428','21','emisor | ie_dura_media_estancia',1,'[{\"added\": {}}, {\"added\": {\"name\": \"Archivo\", \"object\": \"2019\"}}]',64,1),(810,'2019-09-26 15:52:03.584961','21','emisor | ie_dura_media_estancia',2,'[{\"changed\": {\"name\": \"Archivo\", \"object\": \"2019\", \"fields\": [\"archivo\"]}}]',64,1),(811,'2019-09-26 15:53:21.860642','21','emisor | ie_dura_media_estancia',2,'[{\"changed\": {\"name\": \"Archivo\", \"object\": \"2019\", \"fields\": [\"archivo\"]}}]',64,1),(812,'2019-09-26 15:58:39.234175','22','emisor | ie_gasto_medio_dia',1,'[{\"added\": {}}, {\"added\": {\"name\": \"Archivo\", \"object\": \"2019\"}}]',64,1),(813,'2019-09-26 15:59:53.368577','22','emisor | ie_gasto_medio_dia',2,'[{\"changed\": {\"name\": \"Archivo\", \"object\": \"2019\", \"fields\": [\"archivo\"]}}]',64,1),(814,'2019-09-26 16:00:53.305974','22','emisor | ie_gasto_medio_dia',2,'[{\"changed\": {\"name\": \"Archivo\", \"object\": \"2019\", \"fields\": [\"archivo\"]}}]',64,1),(815,'2019-09-26 16:07:18.620941','23','emisor | ie_tama_medio_viaje',1,'[{\"added\": {}}, {\"added\": {\"name\": \"Archivo\", \"object\": \"2019\"}}]',64,1),(816,'2019-09-26 16:08:27.684935','23','emisor | ie_tama_medio_viaje',2,'[{\"changed\": {\"name\": \"Archivo\", \"object\": \"2019\", \"fields\": [\"archivo\"]}}]',64,1),(817,'2019-09-26 16:08:48.311868','23','emisor | ie_tama_medio_viaje',2,'[{\"changed\": {\"name\": \"Archivo\", \"object\": \"2019\", \"fields\": [\"archivo\"]}}]',64,1),(818,'2019-09-26 16:09:29.990608','23','emisor | ie_tama_medio_viaje',2,'[{\"changed\": {\"name\": \"Archivo\", \"object\": \"2019\", \"fields\": [\"archivo\"]}}]',64,1),(819,'2019-09-26 16:12:28.618360','23','emisor | ie_tama_medio_viaje',2,'[{\"changed\": {\"name\": \"Archivo\", \"object\": \"2019\", \"fields\": [\"archivo\"]}}]',64,1),(820,'2019-09-26 16:13:38.175351','24','emisor | ie_motivo_viajes',1,'[{\"added\": {}}, {\"added\": {\"name\": \"Archivo\", \"object\": \"2019\"}}]',64,1),(821,'2019-09-26 16:14:41.850648','24','emisor | ie_motivo_viajes',2,'[{\"changed\": {\"name\": \"Archivo\", \"object\": \"2019\", \"fields\": [\"archivo\"]}}]',64,1),(822,'2019-09-26 16:15:36.517144','24','emisor | ie_motivo_viajes',2,'[{\"changed\": {\"name\": \"Archivo\", \"object\": \"2019\", \"fields\": [\"archivo\"]}}]',64,1),(823,'2019-09-26 16:17:39.332269','25','emisor | ie_tipo_alojamiento',1,'[{\"added\": {}}, {\"added\": {\"name\": \"Archivo\", \"object\": \"2019\"}}]',64,1),(824,'2019-09-26 16:18:02.722409','25','emisor | ie_tipo_alojamiento',2,'[{\"changed\": {\"name\": \"Archivo\", \"object\": \"2019\", \"fields\": [\"archivo\"]}}]',64,1),(825,'2019-09-26 16:20:44.263016','10','receptor | cundi_tama_medio_viaje',2,'[{\"changed\": {\"name\": \"Archivo\", \"object\": \"2019\", \"fields\": [\"fecha\", \"fecha_fin\"]}}]',64,1),(826,'2019-09-26 16:21:17.042329','25','emisor | ie_tipo_alojamiento',2,'[{\"changed\": {\"name\": \"Archivo\", \"object\": \"2019\", \"fields\": [\"archivo\"]}}]',64,1),(827,'2019-09-26 16:21:58.434317','10','receptor | cundi_tama_medio_viaje',2,'[{\"changed\": {\"name\": \"Archivo\", \"object\": \"2019\", \"fields\": [\"fecha\", \"fecha_fin\"]}}]',64,1),(828,'2019-09-26 16:24:53.783564','25','emisor | ie_viaje_agrupado',2,'[{\"changed\": {\"fields\": [\"indicador\"]}}]',64,1),(829,'2019-09-26 16:24:59.108323','25','emisor | ie_viaje_agrupado',2,'[{\"changed\": {\"name\": \"Archivo\", \"object\": \"2019\", \"fields\": [\"archivo\"]}}]',64,1),(830,'2019-09-26 16:25:36.299461','25','emisor | ie_viaje_agrupado',2,'[{\"changed\": {\"name\": \"Archivo\", \"object\": \"2019\", \"fields\": [\"archivo\"]}}]',64,1),(831,'2019-09-26 16:27:21.078206','27','emisor | ie_tipo_alojamiento',1,'[{\"added\": {}}, {\"added\": {\"name\": \"Archivo\", \"object\": \"2019\"}}]',64,1),(832,'2019-09-26 16:28:06.268706','27','emisor | ie_tipo_alojamiento',2,'[{\"changed\": {\"name\": \"Archivo\", \"object\": \"2019\", \"fields\": [\"archivo\"]}}]',64,1),(833,'2019-09-26 16:28:58.801090','27','emisor | ie_tipo_alojamiento',2,'[{\"changed\": {\"name\": \"Archivo\", \"object\": \"2019\", \"fields\": [\"archivo\"]}}]',64,1),(834,'2019-09-26 16:29:31.205369','10','receptor | cundi_tama_medio_viaje',2,'[{\"changed\": {\"name\": \"Archivo\", \"object\": \"2019\", \"fields\": [\"archivo\"]}}]',64,1),(835,'2019-09-26 16:35:09.943890','23','emisor | ie_tipo_transpo',2,'[{\"changed\": {\"fields\": [\"indicador\"]}}]',64,1),(836,'2019-09-26 16:38:28.647866','28','emisor | ie_tama_medio_viaje',1,'[{\"added\": {}}, {\"added\": {\"name\": \"Archivo\", \"object\": \"2019\"}}]',64,1),(837,'2019-09-26 16:40:52.157634','29','emisor | ie_tot_viajes_turis',1,'[{\"added\": {}}, {\"added\": {\"name\": \"Archivo\", \"object\": \"2019\"}}]',64,1),(838,'2019-09-26 16:41:03.216685','29','emisor | ie_tot_viajes_turis',2,'[{\"changed\": {\"name\": \"Archivo\", \"object\": \"2019\", \"fields\": [\"archivo\"]}}]',64,1),(839,'2019-09-30 17:04:04.498747','2','Turismo Receptor',2,'[{\"changed\": {\"fields\": [\"nombre_categoria\"]}}, {\"changed\": {\"name\": \"categoria informes idioma\", \"object\": \"Espa\\u00f1ol (ES)\", \"fields\": [\"nombre_categoria\"]}}, {\"changed\": {\"name\": \"categoria informes idioma\", \"object\": \"English (EN)\", \"fields\": [\"nombre_categoria\"]}}]',50,1),(840,'2019-09-30 17:04:59.821190','5','Turismo Emisor',1,'[{\"added\": {}}, {\"added\": {\"name\": \"categoria informes idioma\", \"object\": \"Espa\\u00f1ol (ES)\"}}, {\"added\": {\"name\": \"categoria informes idioma\", \"object\": \"English (EN)\"}}]',50,1),(841,'2019-09-30 17:05:27.272230','3','PIEDRAS DEL TUNJO - FACATATIVA',2,'[{\"changed\": {\"fields\": [\"categoria_informes\"]}}]',52,1),(842,'2019-09-30 17:05:52.444316','5','Turismo Emisor',2,'[{\"changed\": {\"name\": \"categoria informes idioma\", \"object\": \"Espa\\u00f1ol (ES)\", \"fields\": [\"nombre_categoria\"]}}, {\"changed\": {\"name\": \"categoria informes idioma\", \"object\": \"English (EN)\", \"fields\": [\"nombre_categoria\"]}}]',50,1),(843,'2019-09-30 17:06:56.249735','6','Verificación RNT',1,'[{\"added\": {}}, {\"added\": {\"name\": \"categoria informes idioma\", \"object\": \"Espa\\u00f1ol (ES)\"}}, {\"added\": {\"name\": \"categoria informes idioma\", \"object\": \"English (EN)\"}}]',50,1),(844,'2019-09-30 17:07:28.469416','7','Turismo Sostenible',1,'[{\"added\": {}}, {\"added\": {\"name\": \"categoria informes idioma\", \"object\": \"Espa\\u00f1ol (ES)\"}}, {\"added\": {\"name\": \"categoria informes idioma\", \"object\": \"English (EN)\"}}]',50,1),(845,'2019-09-30 17:07:56.855863','8','Generación de empleo',1,'[{\"added\": {}}, {\"added\": {\"name\": \"categoria informes idioma\", \"object\": \"Espa\\u00f1ol (ES)\"}}, {\"added\": {\"name\": \"categoria informes idioma\", \"object\": \"English (EN)\"}}]',50,1),(846,'2019-09-30 17:08:27.353329','9','Oferta Turística',1,'[{\"added\": {}}, {\"added\": {\"name\": \"categoria informes idioma\", \"object\": \"Espa\\u00f1ol (ES)\"}}, {\"added\": {\"name\": \"categoria informes idioma\", \"object\": \"English (EN)\"}}]',50,1),(847,'2019-10-21 15:08:49.340503','7','prueba',1,'[{\"added\": {}}, {\"added\": {\"name\": \"Oferta tur\\u00edstica idiomas\", \"object\": \"Espa\\u00f1ol (ES)\"}}]',59,1),(848,'2019-10-21 15:10:11.746230','7','prueba',3,'',59,1),(849,'2019-10-30 14:02:22.762982','1','Turismo Receptor',2,'[{\"changed\": {\"fields\": [\"url_tableau\"]}}]',29,1),(850,'2019-10-30 15:19:42.416787','6','Oferta Turistica',2,'[{\"changed\": {\"fields\": [\"url_tableau\"]}}]',29,1),(851,'2019-10-30 16:49:22.009429','2','Turismo interno y emisor',2,'[{\"changed\": {\"fields\": [\"url_tableau\"]}}]',29,1),(852,'2019-10-30 19:15:43.852342','5','Generación de Empleo',2,'[{\"changed\": {\"fields\": [\"url_tableau\"]}}]',29,1),(853,'2019-10-31 22:37:56.115890','1','Turismo Receptor',2,'[{\"changed\": {\"fields\": [\"url_alterna\"]}}]',29,1),(854,'2019-11-01 14:48:38.678567','1','Turismo Receptor',2,'[{\"changed\": {\"fields\": [\"url_alterna\"]}}]',29,1),(855,'2019-11-01 15:27:48.947706','1','Turismo Receptor',2,'[{\"changed\": {\"fields\": [\"url_alterna\"]}}]',29,1),(856,'2019-11-01 15:30:13.865560','1','Turismo Receptor',2,'[{\"changed\": {\"fields\": [\"url_alterna\"]}}]',29,1),(857,'2019-11-01 22:28:23.436149','3','Verificación RNT',2,'[{\"changed\": {\"fields\": [\"url_tableau\"]}}]',29,1),(858,'2019-11-01 22:29:29.436925','3','Verificación RNT',2,'[{\"changed\": {\"fields\": [\"url_tableau\"]}}]',29,1),(859,'2019-11-01 22:30:07.434902','3','Verificación RNT',2,'[{\"changed\": {\"fields\": [\"url_tableau\"]}}]',29,1),(860,'2019-11-05 13:12:37.673670','1','Turismo Receptor',2,'[{\"changed\": {\"fields\": [\"infografia\"]}}]',29,1),(861,'2019-11-05 13:13:44.535315','1','Turismo Receptor',2,'[]',29,1),(862,'2019-11-05 13:13:51.475157','1','Turismo Receptor',2,'[{\"changed\": {\"fields\": [\"infografia\"]}}]',29,1),(863,'2019-11-05 13:14:57.408262','1','Turismo Receptor',2,'[{\"changed\": {\"fields\": [\"infografia\"]}}]',29,1),(864,'2019-11-05 15:54:24.923132','3','receptor | cundi_dura_viaje_agrupado',2,'[{\"changed\": {\"name\": \"Archivo\", \"object\": \"2019\", \"fields\": [\"archivo\"]}}]',64,1),(865,'2019-11-05 20:22:47.817493','4','receptor | cundi_tipo_de_alojamiento',2,'[{\"changed\": {\"name\": \"Archivo\", \"object\": \"2019\", \"fields\": [\"archivo\"]}}]',64,1),(866,'2019-11-05 23:00:20.064440','27','emisor | ie_tipo_alojamiento',2,'[{\"changed\": {\"name\": \"Archivo\", \"object\": \"2019\", \"fields\": [\"archivo\"]}}]',64,1),(867,'2019-11-06 19:13:35.130891','5','Generación de Empleo',2,'[{\"changed\": {\"fields\": [\"url_alterna\"]}}]',29,1),(868,'2019-11-07 18:01:28.160532','1','Basilica menor',2,'[{\"changed\": {\"fields\": [\"imagen\"]}}]',16,1),(869,'2019-11-07 19:04:47.977951','4','Rafting',2,'[{\"changed\": {\"fields\": [\"imagen\"]}}]',16,1),(870,'2019-11-07 19:04:53.564979','5','Arepas de maiz',2,'[{\"changed\": {\"fields\": [\"imagen\"]}}]',16,1),(871,'2019-11-07 19:04:58.933905','6','Paisaje',2,'[{\"changed\": {\"fields\": [\"imagen\"]}}]',16,1),(872,'2019-11-07 19:14:22.169926','25','emisor | ie_viaje_agrupado',2,'[{\"changed\": {\"name\": \"Archivo\", \"object\": \"2019\", \"fields\": [\"archivo\"]}}]',64,1),(873,'2019-11-07 19:14:51.615812','1','Colibrí de los altos',2,'[{\"changed\": {\"fields\": [\"imagen\"]}}]',24,1),(874,'2019-11-07 19:14:56.571744','2','Orquídeas',2,'[{\"changed\": {\"fields\": [\"imagen\"]}}]',24,1),(875,'2019-11-07 19:15:02.598661','3','Monumento',2,'[{\"changed\": {\"fields\": [\"imagen\"]}}]',24,1),(876,'2019-11-07 19:15:08.009977','4','Oso de anteojos',2,'[{\"changed\": {\"fields\": [\"imagen\"]}}]',24,1),(877,'2019-11-07 19:15:13.364631','5','Bromelias',2,'[{\"changed\": {\"fields\": [\"imagen\"]}}]',24,1),(878,'2019-11-07 19:15:20.638934','6','Frailejones',2,'[{\"changed\": {\"fields\": [\"imagen\"]}}]',24,1),(879,'2019-11-07 19:15:25.190341','7','La pola',2,'[{\"changed\": {\"fields\": [\"imagen\"]}}]',24,1),(880,'2019-11-25 16:43:31.066214','1','SITUR Cundinamarca',2,'[{\"changed\": {\"name\": \"Enlaces DETOUR\", \"object\": \"Links\", \"fields\": [\"link_lugares_interes\", \"link_actividades_sugeridas\", \"link_prestadores_servicios\", \"link_gastronomia\", \"link_eventos\", \"link_busqueda\", \"url_municipios\"]}}]',18,1),(881,'2019-11-25 16:50:25.589617','8','LA VILLA DE GUADUAS CELEBRARÁ SU TRADICIONAL BAILE DE CINTURERAS',1,'[{\"added\": {}}, {\"added\": {\"name\": \"noticias idioma\", \"object\": \"Espa\\u00f1ol (ES)\"}}]',42,1),(882,'2019-11-25 16:50:29.766197','8','LA VILLA DE GUADUAS CELEBRARÁ SU TRADICIONAL BAILE DE CINTURERAS',2,'[]',42,1),(883,'2019-11-25 16:52:26.599133','9','EL DEPARTAMENTO DEL MAGDALENA RECIBIRÁ A CUNDINAMARCA COMO LA FAVORITA EN SU REINADO NACIONAL DEL MAR 2019',1,'[{\"added\": {}}, {\"added\": {\"name\": \"noticias idioma\", \"object\": \"Espa\\u00f1ol (ES)\"}}]',42,1),(884,'2019-11-25 16:54:44.118145','10','GOBERNADOR EN CASA TV LE DA UN GIRO A LA TELEVISIÓN PÚBLICA: INFORMA, EDUCA, DIVIERTE Y ACERCA LA COMUNIDAD AL ESTADO',1,'[{\"added\": {}}, {\"added\": {\"name\": \"noticias idioma\", \"object\": \"Espa\\u00f1ol (ES)\"}}]',42,1),(885,'2019-11-25 16:56:46.656056','11','CUNDINAMARCA SERÁ EL ÚNICO DEPARTAMENTO QUE ENTREGARÁ UNA ESTRUCTURA CULTURAL Y TURÍSTICA EN EL MARCO DE LA CONMEMORACIÓN DEL BICENTENARIO DE LA CAMPAÑA LIBERTADORA',1,'[{\"added\": {}}, {\"added\": {\"name\": \"noticias idioma\", \"object\": \"Espa\\u00f1ol (ES)\"}}]',42,1),(886,'2019-11-25 16:58:25.388492','12','CUNDINAMARCA HACE PRESENCIA EN ADESCO',1,'[{\"added\": {}}, {\"added\": {\"name\": \"noticias idioma\", \"object\": \"Espa\\u00f1ol (ES)\"}}]',42,1),(887,'2019-11-25 16:59:31.124985','7','Primer comité departamental de seguridad turística 2019',2,'[{\"changed\": {\"name\": \"noticias idioma\", \"object\": \"Espa\\u00f1ol (ES)\", \"fields\": [\"titulo_noticia\"]}}, {\"changed\": {\"name\": \"noticias idioma\", \"object\": \"English (EN)\", \"fields\": [\"titulo_noticia\"]}}]',42,1),(888,'2019-11-25 17:00:05.113058','7','FIRST DEPARTMENTAL COMMITTEE FOR TOURISM SECURITY 2019',2,'[{\"changed\": {\"fields\": [\"titulo_noticia\"]}}]',42,1),(889,'2019-11-25 17:00:49.583049','2','PRIMER PUESTO PARA CUNDINAMARCA',2,'[{\"changed\": {\"fields\": [\"titulo_noticia\"]}}, {\"changed\": {\"name\": \"noticias idioma\", \"object\": \"Espa\\u00f1ol (ES)\", \"fields\": [\"titulo_noticia\"]}}, {\"changed\": {\"name\": \"noticias idioma\", \"object\": \"English (EN)\", \"fields\": [\"titulo_noticia\"]}}]',42,1),(890,'2019-11-25 17:01:57.472041','1','BICIRRUTAS DE CUNDINAMARCA',2,'[{\"changed\": {\"fields\": [\"titulo_noticia\"]}}, {\"changed\": {\"name\": \"noticias idioma\", \"object\": \"Espa\\u00f1ol (ES)\", \"fields\": [\"titulo_noticia\"]}}, {\"changed\": {\"name\": \"noticias idioma\", \"object\": \"English (EN)\", \"fields\": [\"titulo_noticia\"]}}]',42,1),(891,'2019-11-25 17:03:08.927545','7','PRIMER COMITÉ DEPARTAMENTAL DE SEGURIDAD TURÍSTICA 2019',2,'[{\"changed\": {\"fields\": [\"titulo_noticia\"]}}]',42,1),(892,'2019-11-25 17:04:26.635341','8','LA VILLA DE GUADUAS CELEBRARÁ SU TRADICIONAL BAILE DE CINTURERAS',2,'[{\"added\": {\"name\": \"noticias idioma\", \"object\": \"English (EN)\"}}]',42,1),(893,'2019-11-25 17:06:19.008103','9','EL DEPARTAMENTO DEL MAGDALENA RECIBIRÁ A CUNDINAMARCA COMO LA FAVORITA EN SU REINADO NACIONAL DEL MAR 2019',2,'[{\"added\": {\"name\": \"noticias idioma\", \"object\": \"English (EN)\"}}, {\"changed\": {\"name\": \"noticias idioma\", \"object\": \"Espa\\u00f1ol (ES)\", \"fields\": [\"contenido_noticia\"]}}]',42,1),(894,'2019-11-25 17:10:08.119920','10','GOBERNADOR EN CASA TV LE DA UN GIRO A LA TELEVISIÓN PÚBLICA: INFORMA, EDUCA, DIVIERTE Y ACERCA LA COMUNIDAD AL ESTADO',2,'[{\"added\": {\"name\": \"noticias idioma\", \"object\": \"English (EN)\"}}]',42,1),(895,'2019-11-25 17:13:18.903642','11','CUNDINAMARCA SERÁ EL ÚNICO DEPARTAMENTO QUE ENTREGARÁ UNA ESTRUCTURA CULTURAL Y TURÍSTICA EN EL MARCO DE LA CONMEMORACIÓN DEL BICENTENARIO DE LA CAMPAÑA LIBERTADORA',2,'[{\"added\": {\"name\": \"noticias idioma\", \"object\": \"English (EN)\"}}]',42,1),(896,'2019-11-25 17:14:18.552544','12','CUNDINAMARCA HACE PRESENCIA EN ADESCO',2,'[{\"added\": {\"name\": \"noticias idioma\", \"object\": \"English (EN)\"}}]',42,1),(897,'2019-11-25 17:16:38.839054','1','BICIRRUTAS DE CUNDINAMARCA',2,'[{\"changed\": {\"fields\": [\"imagen_portada\"]}}]',42,1),(898,'2019-11-25 17:28:29.858306','1','Español (ES)',2,'[{\"changed\": {\"name\": \"P\\u00e1gina principal Banners DE TOUR\", \"object\": \"DESCUBRE LUGARES INCRE\\u00cdBLES\", \"fields\": [\"enlace\"]}}, {\"changed\": {\"name\": \"P\\u00e1gina principal Banners DE TOUR\", \"object\": \"RECIBE ACTUALIZACIONES PERSONALIZADAS\", \"fields\": [\"enlace\"]}}, {\"changed\": {\"name\": \"P\\u00e1gina principal Banners DE TOUR\", \"object\": \"ENT\\u00c9RATE QU\\u00c9 EST\\u00c1N OPINANDO\", \"fields\": [\"enlace\"]}}]',19,1),(899,'2019-11-25 17:28:47.181203','2','English (EN)',2,'[{\"changed\": {\"name\": \"P\\u00e1gina principal Banners DE TOUR\", \"object\": \"DISCOVER INCREDIBLE PLACES\", \"fields\": [\"enlace\"]}}, {\"changed\": {\"name\": \"P\\u00e1gina principal Banners DE TOUR\", \"object\": \"RECEIVE PERSONALIZED UPDATES\", \"fields\": [\"enlace\"]}}, {\"changed\": {\"name\": \"P\\u00e1gina principal Banners DE TOUR\", \"object\": \"FIND OUT WHAT YOU ARE OPINIONING\", \"fields\": [\"enlace\"]}}]',19,1),(900,'2019-11-25 17:32:46.708414','1','1',2,'[{\"changed\": {\"name\": \"Galer\\u00eda conoce Cundinamarca\", \"object\": \"2\", \"fields\": [\"imagen\"]}}]',56,1),(901,'2019-11-25 19:47:30.888467','25489001','Facatativá-n | Cundinamarca | Andina | Colombia',2,'[{\"changed\": {\"fields\": [\"nombre\"]}}]',14,1),(902,'2019-11-25 19:47:43.372924','25489004','Girardot-n | Cundinamarca | Andina | Colombia',2,'[{\"changed\": {\"fields\": [\"nombre\"]}}]',14,1),(903,'2019-11-25 19:47:53.484181','25489002','Soacha-n | Cundinamarca | Andina | Colombia',2,'[{\"changed\": {\"fields\": [\"nombre\"]}}]',14,1),(904,'2019-11-25 19:48:04.614839','25224003','Tocancipá-n | Cundinamarca | Andina | Colombia',2,'[{\"changed\": {\"fields\": [\"nombre\"]}}]',14,1),(905,'2019-11-25 19:48:19.516152','25489005','Villeta-n | Cundinamarca | Andina | Colombia',2,'[{\"changed\": {\"fields\": [\"nombre\"]}}]',14,1),(906,'2019-11-25 19:48:37.694013','677788','Zipaquirá-n | Cundinamarca | Andina | Colombia',2,'[{\"changed\": {\"fields\": [\"nombre\"]}}]',14,1),(907,'2019-11-25 19:48:58.233067','50001','Acacias | Meta | Orinoquia | Colombia',2,'update through import_export',14,1),(908,'2019-11-25 19:48:58.238425','25001000','Agua de Dios | Cundinamarca | Andina | Colombia',1,'new through import_export',14,1),(909,'2019-11-25 19:48:58.243111','52019000','Albán | Cundinamarca | Andina | Colombia',1,'new through import_export',14,1),(910,'2019-11-25 19:48:58.248016','25035000','Anapoima | Cundinamarca | Andina | Colombia',1,'new through import_export',14,1),(911,'2019-11-25 19:48:58.253431','25040000','Anolaima | Cundinamarca | Andina | Colombia',1,'new through import_export',14,1),(912,'2019-11-25 19:48:58.258228','25599000','Apulo | Cundinamarca | Andina | Colombia',1,'new through import_export',14,1),(913,'2019-11-25 19:48:58.262824','25053000','Arbeláez | Cundinamarca | Andina | Colombia',1,'new through import_export',14,1),(914,'2019-11-25 19:48:58.267921','25086000','Beltrán | Cundinamarca | Andina | Colombia',1,'new through import_export',14,1),(915,'2019-11-25 19:48:58.272897','25095000','Bituima | Cundinamarca | Andina | Colombia',1,'new through import_export',14,1),(916,'2019-11-25 19:48:58.278432','25099000','Bojacá | Cundinamarca | Andina | Colombia',1,'new through import_export',14,1),(917,'2019-11-25 19:48:58.283261','25120000','Cabrera | Cundinamarca | Andina | Colombia',1,'new through import_export',14,1),(918,'2019-11-25 19:48:58.287995','25123000','Cachipay | Cundinamarca | Andina | Colombia',1,'new through import_export',14,1),(919,'2019-11-25 19:48:58.292996','25126000','Cajicá | Cundinamarca | Andina | Colombia',1,'new through import_export',14,1),(920,'2019-11-25 19:48:58.298092','25148000','Caparrapí | Cundinamarca | Andina | Colombia',1,'new through import_export',14,1),(921,'2019-11-25 19:48:58.303054','25151000','Cáqueza | Cundinamarca | Andina | Colombia',1,'new through import_export',14,1),(922,'2019-11-25 19:48:58.312374','25154000','Carmen de Carupa | Cundinamarca | Andina | Colombia',2,'update through import_export',14,1),(923,'2019-11-25 19:48:58.317949','25168000','Chaguaní | Cundinamarca | Andina | Colombia',1,'new through import_export',14,1),(924,'2019-11-25 19:48:58.322946','25175000','Chía | Cundinamarca | Andina | Colombia',2,'update through import_export',14,1),(925,'2019-11-25 19:48:58.327993','25178000','Chipaque | Cundinamarca | Andina | Colombia',1,'new through import_export',14,1),(926,'2019-11-25 19:48:58.332551','25181000','Choachí | Cundinamarca | Andina | Colombia',1,'new through import_export',14,1),(927,'2019-11-25 19:48:58.337340','25183000','Chocontá | Cundinamarca | Andina | Colombia',1,'new through import_export',14,1),(928,'2019-11-25 19:48:58.342299','25200000','Cogua | Cundinamarca | Andina | Colombia',1,'new through import_export',14,1),(929,'2019-11-25 19:48:58.347039','25214000','Cota | Cundinamarca | Andina | Colombia',1,'new through import_export',14,1),(930,'2019-11-25 19:48:58.351943','25224000','Cucunubá | Cundinamarca | Andina | Colombia',2,'update through import_export',14,1),(931,'2019-11-25 19:48:58.356560','25245000','El colegio | Cundinamarca | Andina | Colombia',1,'new through import_export',14,1),(932,'2019-11-25 19:48:58.362004','13268000','El Peñón | Cundinamarca | Andina | Colombia',1,'new through import_export',14,1),(933,'2019-11-25 19:48:58.367542','25260000','El Rosal | Cundinamarca | Andina | Colombia',1,'new through import_export',14,1),(934,'2019-11-25 19:48:58.372675','25269000','Facatativá | Cundinamarca | Andina | Colombia',1,'new through import_export',14,1),(935,'2019-11-25 19:48:58.377202','25279000','Fómeque | Cundinamarca | Andina | Colombia',1,'new through import_export',14,1),(936,'2019-11-25 19:48:58.382206','25281000','Fosca | Cundinamarca | Andina | Colombia',1,'new through import_export',14,1),(937,'2019-11-25 19:48:58.387398','25286000','Funza | Cundinamarca | Andina | Colombia',1,'new through import_export',14,1),(938,'2019-11-25 19:48:58.392321','25288000','Fúquene | Cundinamarca | Andina | Colombia',1,'new through import_export',14,1),(939,'2019-11-25 19:48:58.398519','25290000','Fusagasugá | Cundinamarca | Andina | Colombia',1,'new through import_export',14,1),(940,'2019-11-25 19:48:58.403423','25293000','Gachalá | Cundinamarca | Andina | Colombia',1,'new through import_export',14,1),(941,'2019-11-25 19:48:58.408142','25295000','Gachancipá | Cundinamarca | Andina | Colombia',1,'new through import_export',14,1),(942,'2019-11-25 19:48:58.412922','25297000','Gachetá | Cundinamarca | Andina | Colombia',1,'new through import_export',14,1),(943,'2019-11-25 19:48:58.417509','25299000','Gama | Cundinamarca | Andina | Colombia',1,'new through import_export',14,1),(944,'2019-11-25 19:48:58.422036','25307000','Girardot | Cundinamarca | Andina | Colombia',1,'new through import_export',14,1),(945,'2019-11-25 19:48:58.426956','5313000','Granada | Cundinamarca | Andina | Colombia',1,'new through import_export',14,1),(946,'2019-11-25 19:48:58.431918','25317000','Guachetá | Cundinamarca | Andina | Colombia',1,'new through import_export',14,1),(947,'2019-11-25 19:48:58.436511','25320000','Guaduas | Cundinamarca | Andina | Colombia',2,'update through import_export',14,1),(948,'2019-11-25 19:48:58.441170','25322000','Guasca | Cundinamarca | Andina | Colombia',2,'update through import_export',14,1),(949,'2019-11-25 19:48:58.445823','25324000','Guataquí | Cundinamarca | Andina | Colombia',1,'new through import_export',14,1),(950,'2019-11-25 19:48:58.450447','25326000','Guatavita | Cundinamarca | Andina | Colombia',1,'new through import_export',14,1),(951,'2019-11-25 19:48:58.455026','25328000','Guayabal de Síquima | Cundinamarca | Andina | Colombia',1,'new through import_export',14,1),(952,'2019-11-25 19:48:58.459536','25335000','Guayabetal | Cundinamarca | Andina | Colombia',1,'new through import_export',14,1),(953,'2019-11-25 19:48:58.463949','25339000','Gutiérrez | Cundinamarca | Andina | Colombia',1,'new through import_export',14,1),(954,'2019-11-25 19:48:58.468505','25368000','Jerusalén | Cundinamarca | Andina | Colombia',1,'new through import_export',14,1),(955,'2019-11-25 19:48:58.472975','25372000','Junín | Cundinamarca | Andina | Colombia',1,'new through import_export',14,1),(956,'2019-11-25 19:48:58.477696','25377000','La Calera | Cundinamarca | Andina | Colombia',1,'new through import_export',14,1),(957,'2019-11-25 19:48:58.481988','25386000','La Mesa | Cundinamarca | Andina | Colombia',1,'new through import_export',14,1),(958,'2019-11-25 19:48:58.486550','25394000','La Palma | Cundinamarca | Andina | Colombia',1,'new through import_export',14,1),(959,'2019-11-25 19:48:58.491411','25398000','La Peña | Cundinamarca | Andina | Colombia',1,'new through import_export',14,1),(960,'2019-11-25 19:48:58.495835','19397000','La Vega | Cundinamarca | Andina | Colombia',1,'new through import_export',14,1),(961,'2019-11-25 19:48:58.501346','25407000','Lenguazaque | Cundinamarca | Andina | Colombia',1,'new through import_export',14,1),(962,'2019-11-25 19:48:58.514645','25426000','Machetá | Cundinamarca | Andina | Colombia',1,'new through import_export',14,1),(963,'2019-11-25 19:48:58.519704','25430000','Madrid | Cundinamarca | Andina | Colombia',1,'new through import_export',14,1),(964,'2019-11-25 19:48:58.524442','25436000','Manta | Cundinamarca | Andina | Colombia',1,'new through import_export',14,1),(965,'2019-11-25 19:48:58.528936','25438000','Medina | Cundinamarca | Andina | Colombia',1,'new through import_export',14,1),(966,'2019-11-25 19:48:58.533475','25473000','Mosquera | Cundinamarca | Andina | Colombia',1,'new through import_export',14,1),(967,'2019-11-25 19:48:58.538028','5483000','Nariño | Cundinamarca | Andina | Colombia',1,'new through import_export',14,1),(968,'2019-11-25 19:48:58.542681','25486000','Nemocón | Cundinamarca | Andina | Colombia',1,'new through import_export',14,1),(969,'2019-11-25 19:48:58.547578','25488000','Nilo | Cundinamarca | Andina | Colombia',1,'new through import_export',14,1),(970,'2019-11-25 19:48:58.552470','25489000','Nimaima | Cundinamarca | Andina | Colombia',2,'update through import_export',14,1),(971,'2019-11-25 19:48:58.557053','25489000','Nocaima | Cundinamarca | Andina | Colombia',2,'update through import_export',14,1),(972,'2019-11-25 19:48:58.561996','25513000','Pacho | Cundinamarca | Andina | Colombia',1,'new through import_export',14,1),(973,'2019-11-25 19:48:58.566567','25518000','Paime | Cundinamarca | Andina | Colombia',1,'new through import_export',14,1),(974,'2019-11-25 19:48:58.571041','25524000','Pandi | Cundinamarca | Andina | Colombia',1,'new through import_export',14,1),(975,'2019-11-25 19:48:58.575452','25530000','Paratebueno | Cundinamarca | Andina | Colombia',2,'update through import_export',14,1),(976,'2019-11-25 19:48:58.580366','25535000','Pasca | Cundinamarca | Andina | Colombia',1,'new through import_export',14,1),(977,'2019-11-25 19:48:58.584877','25572000','Puerto Salgar | Cundinamarca | Andina | Colombia',1,'new through import_export',14,1),(978,'2019-11-25 19:48:58.589528','25580000','Pulí | Cundinamarca | Andina | Colombia',1,'new through import_export',14,1),(979,'2019-11-25 19:48:58.594243','25592000','Quebradanegra | Cundinamarca | Andina | Colombia',1,'new through import_export',14,1),(980,'2019-11-25 19:48:58.598887','25594000','Quetame | Cundinamarca | Andina | Colombia',1,'new through import_export',14,1),(981,'2019-11-25 19:48:58.603928','25596000','Quipile | Cundinamarca | Andina | Colombia',1,'new through import_export',14,1),(982,'2019-11-25 19:48:58.608551','25612000','Ricaurte | Cundinamarca | Andina | Colombia',1,'new through import_export',14,1),(983,'2019-11-25 19:48:58.612986','25645000','San Antonio del Tequendama | Cundinamarca | Andina | Colombia',1,'new through import_export',14,1),(984,'2019-11-25 19:48:58.617743','25649000','San Bernardo | Cundinamarca | Andina | Colombia',1,'new through import_export',14,1),(985,'2019-11-25 19:48:58.622623','25653000','San Cayetano | Cundinamarca | Andina | Colombia',1,'new through import_export',14,1),(986,'2019-11-25 19:48:58.627541','5652000','San Francisco | Cundinamarca | Andina | Colombia',1,'new through import_export',14,1),(987,'2019-11-25 19:48:58.632404','25662000','San Juan de Rioseco | Cundinamarca | Andina | Colombia',1,'new through import_export',14,1),(988,'2019-11-25 19:48:58.637656','25718000','Sasaima | Cundinamarca | Andina | Colombia',1,'new through import_export',14,1),(989,'2019-11-25 19:48:58.643135','25736000','Sesquilé | Cundinamarca | Andina | Colombia',2,'update through import_export',14,1),(990,'2019-11-25 19:48:58.648048','25740000','Sibaté | Cundinamarca | Andina | Colombia',2,'update through import_export',14,1),(991,'2019-11-25 19:48:58.652944','25743000','Silvania | Cundinamarca | Andina | Colombia',2,'update through import_export',14,1),(992,'2019-11-25 19:48:58.657995','25745000','Simijaca | Cundinamarca | Andina | Colombia',1,'new through import_export',14,1),(993,'2019-11-25 19:48:58.662894','25754000','Soacha | Cundinamarca | Andina | Colombia',1,'new through import_export',14,1),(994,'2019-11-25 19:48:58.668027','25758000','Sopó | Cundinamarca | Andina | Colombia',1,'new through import_export',14,1),(995,'2019-11-25 19:48:58.672894','25769000','Subachoque | Cundinamarca | Andina | Colombia',1,'new through import_export',14,1),(996,'2019-11-25 19:48:58.678081','25772000','Suesca | Cundinamarca | Andina | Colombia',1,'new through import_export',14,1),(997,'2019-11-25 19:48:58.683067','25777000','Supatá | Cundinamarca | Andina | Colombia',1,'new through import_export',14,1),(998,'2019-11-25 19:48:58.687847','25779000','Susa | Cundinamarca | Andina | Colombia',1,'new through import_export',14,1),(999,'2019-11-25 19:48:58.692373','25781000','Sutatausa | Cundinamarca | Andina | Colombia',1,'new through import_export',14,1),(1000,'2019-11-25 19:48:58.696981','25785000','Tabio | Cundinamarca | Andina | Colombia',1,'new through import_export',14,1),(1001,'2019-11-25 19:48:58.701591','25793000','Tausa | Cundinamarca | Andina | Colombia',1,'new through import_export',14,1),(1002,'2019-11-25 19:48:58.706070','25797000','Tena | Cundinamarca | Andina | Colombia',1,'new through import_export',14,1),(1003,'2019-11-25 19:48:58.710477','25799000','Tenjo | Cundinamarca | Andina | Colombia',1,'new through import_export',14,1),(1004,'2019-11-25 19:48:58.714647','25805000','Tibacuy | Cundinamarca | Andina | Colombia',1,'new through import_export',14,1),(1005,'2019-11-25 19:48:58.719134','25807000','Tibirita | Cundinamarca | Andina | Colombia',1,'new through import_export',14,1),(1006,'2019-11-25 19:48:58.724002','25815000','Tocaima | Cundinamarca | Andina | Colombia',1,'new through import_export',14,1),(1007,'2019-11-25 19:48:58.728539','25817000','Tocancipá | Cundinamarca | Andina | Colombia',1,'new through import_export',14,1),(1008,'2019-11-25 19:48:58.733004','25823000','Topaipí | Cundinamarca | Andina | Colombia',1,'new through import_export',14,1),(1009,'2019-11-25 19:48:58.737944','25839000','Ubalá | Cundinamarca | Andina | Colombia',1,'new through import_export',14,1),(1010,'2019-11-25 19:48:58.742672','25841000','Ubaque | Cundinamarca | Andina | Colombia',1,'new through import_export',14,1),(1011,'2019-11-25 19:48:58.747445','25843000','Ubaté | Cundinamarca | Andina | Colombia',2,'update through import_export',14,1),(1012,'2019-11-25 19:48:58.752457','25845000','Une | Cundinamarca | Andina | Colombia',1,'new through import_export',14,1),(1013,'2019-11-25 19:48:58.757208','25851000','Útica | Cundinamarca | Andina | Colombia',1,'new through import_export',14,1),(1014,'2019-11-25 19:48:58.761773','5861000','Venecia | Cundinamarca | Andina | Colombia',1,'new through import_export',14,1),(1015,'2019-11-25 19:48:58.766752','25862000','Vergara | Cundinamarca | Andina | Colombia',1,'new through import_export',14,1),(1016,'2019-11-25 19:48:58.774330','25867000','Vianí | Cundinamarca | Andina | Colombia',1,'new through import_export',14,1),(1017,'2019-11-25 19:48:58.779321','25871000','Villagómez | Cundinamarca | Andina | Colombia',1,'new through import_export',14,1),(1018,'2019-11-25 19:48:58.784023','25873000','Villapinzón | Cundinamarca | Andina | Colombia',1,'new through import_export',14,1),(1019,'2019-11-25 19:48:58.789060','500001','Villavicencio | Meta | Orinoquia | Colombia',2,'update through import_export',14,1),(1020,'2019-11-25 19:48:58.794099','25875000','Villeta | Cundinamarca | Andina | Colombia',1,'new through import_export',14,1),(1021,'2019-11-25 19:48:58.798587','25878000','Viotá | Cundinamarca | Andina | Colombia',1,'new through import_export',14,1),(1022,'2019-11-25 19:48:58.803040','25885000','Yacopí | Cundinamarca | Andina | Colombia',1,'new through import_export',14,1),(1023,'2019-11-25 19:48:58.809745','25898000','Zipacón | Cundinamarca | Andina | Colombia',1,'new through import_export',14,1),(1024,'2019-11-25 19:48:58.814566','25899000','Zipaquirá | Cundinamarca | Andina | Colombia',1,'new through import_export',14,1),(1025,'2019-11-25 19:50:22.025014','677788','Zipaquirá-n | Cundinamarca | Andina | Colombia',3,'',14,1),(1026,'2019-11-25 19:50:50.750610','7','IGLESIA NUESTRA SEÑORA DE FATIMA',2,'[{\"changed\": {\"fields\": [\"municipio\"]}}]',52,1),(1027,'2019-11-25 19:51:11.174228','4','PARQUE JAIME DUQUE',2,'[{\"changed\": {\"fields\": [\"municipio\"]}}]',52,1),(1028,'2019-11-25 19:51:28.580207','1','Chef Administrativo - Hotelero',2,'[{\"changed\": {\"fields\": [\"municipio\"]}}]',48,1),(1029,'2019-11-25 19:52:18.045005','25817000','Tocancipá | Cundinamarca | Andina | Colombia',2,'[{\"added\": {\"name\": \"municipio idioma\", \"object\": \"Espa\\u00f1ol (ES)\"}}, {\"added\": {\"name\": \"municipio idioma\", \"object\": \"English (EN)\"}}]',14,1),(1030,'2019-11-25 19:52:29.620214','25224003','Tocancipá-n | Cundinamarca | Andina | Colombia',3,'',14,1),(1031,'2019-11-25 19:53:35.387008','3','PIEDRAS DEL TUNJO - FACATATIVA',2,'[{\"changed\": {\"fields\": [\"municipio\"]}}]',52,1),(1032,'2019-11-25 19:54:08.140462','25269000','Facatativá | Cundinamarca | Andina | Colombia',2,'[{\"added\": {\"name\": \"municipio idioma\", \"object\": \"Espa\\u00f1ol (ES)\"}}, {\"added\": {\"name\": \"municipio idioma\", \"object\": \"English (EN)\"}}]',14,1),(1033,'2019-11-25 19:54:17.340388','25489001','Facatativá-n | Cundinamarca | Andina | Colombia',3,'',14,1),(1034,'2019-11-25 19:55:09.537638','8','SALTO DE LOS MICOS - VILLETA',2,'[{\"changed\": {\"fields\": [\"municipio\"]}}]',52,1),(1035,'2019-11-25 19:55:38.638391','25875000','Villeta | Cundinamarca | Andina | Colombia',2,'[{\"added\": {\"name\": \"municipio idioma\", \"object\": \"Espa\\u00f1ol (ES)\"}}, {\"added\": {\"name\": \"municipio idioma\", \"object\": \"English (EN)\"}}]',14,1),(1036,'2019-11-25 19:55:44.796531','25489005','Villeta-n | Cundinamarca | Andina | Colombia',3,'',14,1),(1037,'2019-11-25 19:56:11.235036','6','GIRARDOT CUNDINAMARCA',2,'[{\"changed\": {\"fields\": [\"municipio\"]}}]',52,1),(1038,'2019-11-25 19:56:39.455663','25307000','Girardot | Cundinamarca | Andina | Colombia',2,'[{\"added\": {\"name\": \"municipio idioma\", \"object\": \"Espa\\u00f1ol (ES)\"}}, {\"added\": {\"name\": \"municipio idioma\", \"object\": \"English (EN)\"}}]',14,1),(1039,'2019-11-25 19:56:57.692242','25489004','Girardot-n | Cundinamarca | Andina | Colombia',3,'',14,1),(1040,'2019-11-25 19:57:17.450882','2','SALTO DEL TEQUENDAMA',2,'[{\"changed\": {\"fields\": [\"municipio\"]}}]',52,1),(1041,'2019-11-25 19:57:45.973027','25754000','Soacha | Cundinamarca | Andina | Colombia',2,'[{\"added\": {\"name\": \"municipio idioma\", \"object\": \"Espa\\u00f1ol (ES)\"}}, {\"added\": {\"name\": \"municipio idioma\", \"object\": \"English (EN)\"}}]',14,1),(1042,'2019-11-25 19:57:49.814133','25489002','Soacha-n | Cundinamarca | Andina | Colombia',3,'',14,1),(1043,'2019-12-02 14:43:49.063345','1','http://35.225.71.210:3306',1,'[{\"added\": {}}]',66,1),(1044,'2019-12-04 22:06:44.264986','29','emisor | ie_tot_viajes_turis',2,'[{\"changed\": {\"name\": \"Archivo\", \"object\": \"2019-09-26 a 2019-09-26\", \"fields\": [\"archivo\"]}}]',64,1),(1045,'2019-12-05 13:13:27.699834','29','emisor | ie_tot_viajes_turis',2,'[{\"changed\": {\"name\": \"Archivo\", \"object\": \"2019-09-26 a 2019-09-26\", \"fields\": [\"archivo\"]}}]',64,1),(1046,'2019-12-05 13:18:00.053951','28','emisor | ie_tama_medio_viaje',2,'[{\"changed\": {\"name\": \"Archivo\", \"object\": \"2019-09-26 a 2019-09-26\", \"fields\": [\"archivo\"]}}]',64,1),(1047,'2019-12-05 13:58:47.766619','29','emisor | ie_tot_viajes_turis',2,'[{\"changed\": {\"name\": \"Archivo\", \"object\": \"2019-09-26 a 2019-09-26\", \"fields\": [\"archivo\"]}}]',64,1),(1048,'2019-12-05 14:07:36.524877','29','emisor | ie_tot_viajes_turis',2,'[{\"changed\": {\"name\": \"Archivo\", \"object\": \"2019-09-26 a 2019-09-26\", \"fields\": [\"archivo\"]}}]',64,1),(1049,'2019-12-05 14:08:08.884276','28','emisor | ie_tama_medio_viaje',2,'[{\"changed\": {\"name\": \"Archivo\", \"object\": \"2019-09-26 a 2019-09-26\", \"fields\": [\"archivo\"]}}]',64,1),(1050,'2019-12-05 15:20:00.503815','29','emisor | ie_tot_viajes_turis',2,'[{\"changed\": {\"name\": \"Archivo\", \"object\": \"2019-09-26 a 2019-09-26\", \"fields\": [\"archivo\"]}}]',64,1),(1051,'2019-12-05 15:27:23.286806','27','emisor | ie_tipo_alojamiento',2,'[{\"changed\": {\"name\": \"Archivo\", \"object\": \"2019-09-26 a 2019-09-26\", \"fields\": [\"archivo\"]}}]',64,1),(1052,'2019-12-05 15:28:10.086054','23','emisor | ie_tipo_transpo',2,'[{\"changed\": {\"name\": \"Archivo\", \"object\": \"2019-09-26 a 2019-09-26\", \"fields\": [\"archivo\"]}}]',64,1),(1053,'2019-12-05 15:29:00.411066','28','emisor | ie_tama_medio_viaje',2,'[{\"changed\": {\"name\": \"Archivo\", \"object\": \"2019-09-26 a 2019-09-26\", \"fields\": [\"archivo\"]}}]',64,1),(1054,'2019-12-05 16:06:56.262387','21','emisor | ie_dura_media_estancia',2,'[{\"changed\": {\"name\": \"Archivo\", \"object\": \"2019-09-26 a 2019-09-26\", \"fields\": [\"archivo\"]}}]',64,1),(1055,'2019-12-05 16:07:16.658694','22','emisor | ie_gasto_medio_dia',2,'[{\"changed\": {\"name\": \"Archivo\", \"object\": \"2019-09-26 a 2019-09-26\", \"fields\": [\"archivo\"]}}]',64,1),(1056,'2019-12-05 16:07:38.478844','24','emisor | ie_motivo_viajes',2,'[{\"changed\": {\"name\": \"Archivo\", \"object\": \"2019-09-26 a 2019-09-26\", \"fields\": [\"archivo\"]}}]',64,1),(1057,'2019-12-05 16:08:06.441964','25','emisor | ie_viaje_agrupado',2,'[{\"changed\": {\"name\": \"Archivo\", \"object\": \"2019-09-26 a 2019-09-26\", \"fields\": [\"archivo\"]}}]',64,1),(1058,'2019-12-05 16:22:53.917771','20','empleo | vacantes_grupo',2,'[{\"changed\": {\"name\": \"Archivo\", \"object\": \"2019-09-26 a 2019-09-26\", \"fields\": [\"archivo\"]}}]',64,1),(1059,'2019-12-05 16:23:20.976882','19','empleo | tipo_grupo',2,'[{\"changed\": {\"name\": \"Archivo\", \"object\": \"2019-09-26 a 2019-09-26\", \"fields\": [\"archivo\"]}}]',64,1),(1060,'2019-12-05 16:23:39.724938','18','empleo | empleo_vinculacion',2,'[{\"changed\": {\"name\": \"Archivo\", \"object\": \"2019-09-26 a 2019-09-26\", \"fields\": [\"archivo\"]}}]',64,1),(1061,'2019-12-05 16:43:26.061091','14','empleo | empleos',2,'[{\"changed\": {\"name\": \"Archivo\", \"object\": \"2019-09-26 a 2019-09-26\", \"fields\": [\"archivo\"]}}]',64,1),(1062,'2019-12-05 17:18:10.950063','17','oferta | ofr_viajes_plan',2,'[{\"changed\": {\"name\": \"Archivo\", \"object\": \"2019-09-26 a 2019-09-26\", \"fields\": [\"archivo\"]}}]',64,1),(1063,'2019-12-05 17:18:31.068471','16','oferta | ofr_presta_tipo_viajero',2,'[{\"changed\": {\"name\": \"Archivo\", \"object\": \"2019-09-26 a 2019-09-26\", \"fields\": [\"archivo\"]}}]',64,1),(1064,'2019-12-05 17:18:50.141776','15','oferta | ofr_ocupa_hotelera_hab',2,'[{\"changed\": {\"name\": \"Archivo\", \"object\": \"2019-09-26 a 2019-09-26\", \"fields\": [\"archivo\"]}}]',64,1),(1065,'2019-12-05 17:19:12.533898','12','oferta | ofr_dura_media_estancia',2,'[{\"changed\": {\"name\": \"Archivo\", \"object\": \"2019-09-26 a 2019-09-26\", \"fields\": [\"archivo\"]}}]',64,1),(1066,'2019-12-05 17:19:27.269636','11','oferta | ofr_capa_restaurantes',2,'[{\"changed\": {\"name\": \"Archivo\", \"object\": \"2019-09-26 a 2019-09-26\", \"fields\": [\"archivo\"]}}]',64,1),(1067,'2019-12-05 17:59:47.766656','5','Español (ES)',2,'[{\"changed\": {\"name\": \"Ficha t\\u00e9cnica\", \"object\": \"Turistas\", \"fields\": [\"periodicidad_titulo\", \"periodicidad_descripcion\"]}}]',30,1),(1068,'2019-12-05 18:01:43.381543','11','English (EN)',2,'[{\"changed\": {\"name\": \"Ficha t\\u00e9cnica\", \"object\": \"Turistas\", \"fields\": [\"periodicidad_titulo\", \"periodicidad_descripcion\"]}}]',30,1),(1069,'2019-12-05 18:12:53.632860','12','oferta | ofr_dura_media_estancia',2,'[{\"changed\": {\"name\": \"Archivo\", \"object\": \"2019-09-26 a 2019-09-26\", \"fields\": [\"archivo\"]}}]',64,1),(1070,'2019-12-05 19:27:58.268215','12','oferta | ofr_dura_media_estancia',2,'[{\"changed\": {\"name\": \"Archivo\", \"object\": \"2019-09-26 a 2019-09-26\", \"fields\": [\"archivo\"]}}]',64,1),(1071,'2019-12-05 19:54:12.428994','6','receptor | cundi_dura_estancia',2,'[{\"changed\": {\"name\": \"Archivo\", \"object\": \"2019-09-26 a 2019-09-26\", \"fields\": [\"archivo\"]}}]',64,1),(1072,'2019-12-05 20:00:08.474091','7','receptor | cundi_gasto_medio_dia',2,'[{\"changed\": {\"name\": \"Archivo\", \"object\": \"2019-09-26 a 2019-09-26\", \"fields\": [\"archivo\"]}}]',64,1),(1073,'2019-12-05 20:03:06.915267','4','receptor | cundi_tipo_de_alojamiento',2,'[{\"changed\": {\"name\": \"Archivo\", \"object\": \"2019-08-15 a 2019-08-15\", \"fields\": [\"archivo\"]}}]',64,1),(1074,'2019-12-05 20:03:45.829560','9','receptor | cundi_motivos_viaje',2,'[{\"changed\": {\"name\": \"Archivo\", \"object\": \"2019-09-26 a 2019-09-26\", \"fields\": [\"archivo\"]}}]',64,1),(1075,'2019-12-05 20:04:10.230860','8','receptor | cundi_medio_transporte',2,'[{\"changed\": {\"name\": \"Archivo\", \"object\": \"2019-09-26 a 2019-09-26\", \"fields\": [\"archivo\"]}}]',64,1),(1076,'2019-12-05 20:20:15.260422','3','receptor | cundi_dura_viaje_agrupado',2,'[{\"changed\": {\"name\": \"Archivo\", \"object\": \"2019-08-15 a 2019-08-15\", \"fields\": [\"archivo\"]}}]',64,1),(1077,'2019-12-05 20:30:13.747788','10','receptor | cundi_tama_medio_viaje',2,'[{\"changed\": {\"name\": \"Archivo\", \"object\": \"2019-08-01 a 2019-08-31\", \"fields\": [\"archivo\"]}}]',64,1),(1078,'2019-12-05 20:43:48.616466','6','receptor | cundi_dura_estancia',2,'[{\"changed\": {\"name\": \"Archivo\", \"object\": \"2019-09-26 a 2019-09-26\", \"fields\": [\"archivo\"]}}]',64,1),(1079,'2019-12-06 14:01:08.973599','1','BICIRUTAS DE CUNDINAMARCA',2,'[{\"changed\": {\"fields\": [\"titulo_noticia\"]}}]',42,1),(1080,'2019-12-06 14:14:31.661470','1','BICIRUTAS DE CUNDINAMARCA',2,'[{\"changed\": {\"name\": \"noticias idioma\", \"object\": \"Espa\\u00f1ol (ES)\", \"fields\": [\"titulo_noticia\"]}}]',42,1),(1081,'2019-12-09 19:58:27.447082','4','Turismo sustentable',2,'[{\"changed\": {\"fields\": [\"url_tableau\"]}}]',29,1),(1082,'2019-12-09 19:59:00.715077','4','Turismo sustentable',2,'[{\"changed\": {\"fields\": [\"url_alterna\"]}}]',29,1),(1083,'2019-12-09 20:01:02.499723','4','Turismo sustentable',2,'[]',29,1),(1084,'2020-01-22 00:24:18.176340','6','receptor | cundi_dura_estancia',2,'[{\"changed\": {\"name\": \"Archivo\", \"object\": \"2019-09-26 a 2019-09-26\", \"fields\": [\"archivo\"]}}]',64,1),(1085,'2020-01-22 00:25:39.815808','6','receptor | cundi_dura_estancia',2,'[{\"changed\": {\"name\": \"Archivo\", \"object\": \"2019-09-26 a 2019-09-26\", \"fields\": [\"archivo\"]}}]',64,1),(1086,'2020-01-23 14:35:26.368355','10','receptor | cundi_tama_medio_viaje',2,'[{\"changed\": {\"name\": \"Archivo\", \"object\": \"2019-08-01 a 2019-08-31\", \"fields\": [\"archivo\"]}}]',64,1),(1087,'2020-01-23 14:46:17.495105','10','receptor | cundi_tama_medio_viaje',2,'[{\"changed\": {\"name\": \"Archivo\", \"object\": \"2019-08-01 a 2019-08-31\", \"fields\": [\"archivo\"]}}]',64,1),(1088,'2020-01-23 14:47:53.921676','10','receptor | cundi_tama_medio_viaje',2,'[{\"changed\": {\"name\": \"Archivo\", \"object\": \"2019-08-01 a 2019-08-31\", \"fields\": [\"archivo\"]}}]',64,1),(1089,'2020-01-23 15:16:38.378445','9','receptor | cundi_motivos_viaje',2,'[{\"changed\": {\"name\": \"Archivo\", \"object\": \"2019-09-26 a 2019-09-26\", \"fields\": [\"archivo\"]}}]',64,1),(1090,'2020-01-23 15:17:08.837750','8','receptor | cundi_medio_transporte',2,'[{\"changed\": {\"name\": \"Archivo\", \"object\": \"2019-09-26 a 2019-09-26\", \"fields\": [\"archivo\"]}}]',64,1),(1091,'2020-01-23 15:17:34.272256','7','receptor | cundi_gasto_medio_dia',2,'[{\"changed\": {\"name\": \"Archivo\", \"object\": \"2019-09-26 a 2019-09-26\", \"fields\": [\"archivo\"]}}]',64,1),(1092,'2020-01-23 15:17:58.466178','6','receptor | cundi_dura_estancia',2,'[{\"changed\": {\"name\": \"Archivo\", \"object\": \"2019-09-26 a 2019-09-26\", \"fields\": [\"archivo\"]}}]',64,1),(1093,'2020-01-23 15:18:23.851276','4','receptor | cundi_tipo_de_alojamiento',2,'[{\"changed\": {\"name\": \"Archivo\", \"object\": \"2019-08-15 a 2019-08-15\", \"fields\": [\"archivo\"]}}]',64,1),(1094,'2020-01-23 15:18:56.751580','3','receptor | cundi_dura_viaje_agrupado',2,'[{\"changed\": {\"name\": \"Archivo\", \"object\": \"2019-08-15 a 2019-08-15\", \"fields\": [\"archivo\"]}}]',64,1);
/*!40000 ALTER TABLE `django_admin_log` ENABLE KEYS */;
UNLOCK TABLES;

--
-- Table structure for table `django_content_type`
--

DROP TABLE IF EXISTS `django_content_type`;
/*!40101 SET @saved_cs_client     = @@character_set_client */;
/*!50503 SET character_set_client = utf8mb4 */;
CREATE TABLE `django_content_type` (
  `id` int(11) NOT NULL AUTO_INCREMENT,
  `app_label` varchar(100) NOT NULL,
  `model` varchar(100) NOT NULL,
  PRIMARY KEY (`id`),
  UNIQUE KEY `django_content_type_app_label_model_76bd3d3b_uniq` (`app_label`,`model`)
) ENGINE=InnoDB AUTO_INCREMENT=67 DEFAULT CHARSET=utf8;
/*!40101 SET character_set_client = @saved_cs_client */;

--
-- Dumping data for table `django_content_type`
--

LOCK TABLES `django_content_type` WRITE;
/*!40000 ALTER TABLE `django_content_type` DISABLE KEYS */;
INSERT INTO `django_content_type` VALUES (1,'admin','logentry'),(3,'auth','group'),(2,'auth','permission'),(4,'auth','user'),(26,'configuracion','componentechat'),(23,'configuracion','enlacesdetourmodel'),(24,'configuracion','galeriaprincipal'),(25,'configuracion','galeriaprincipalidioma'),(18,'configuracion','paginainicio'),(19,'configuracion','paginainicioidioma'),(20,'configuracion','paginaprincipalbannerdetour'),(21,'configuracion','paginaprincipalenlacesinstitucionales'),(22,'configuracion','redessociales'),(16,'configuracion','sliderprincipal'),(17,'configuracion','sliderprincipalidioma'),(54,'contenidos','categoriagaleria'),(55,'contenidos','categoriagaleriaidioma'),(61,'contenidos','contacto'),(63,'contenidos','contactoenlaceinstitucional'),(62,'contenidos','contactoidioma'),(59,'contenidos','ofertaturistica'),(60,'contenidos','ofertaturisticaidioma'),(56,'contenidos','seccionvivecundinamarca'),(58,'contenidos','seccionvivecundinamarcagaleria'),(57,'contenidos','seccionvivecundinamarcaidioma'),(5,'contenttypes','contenttype'),(64,'estadisticas','basesdatos'),(65,'estadisticas','basesdatosarchivos'),(66,'estadisticas','credencialbasedatos'),(37,'estadisticas','datorespuesta'),(33,'estadisticas','encuesta'),(29,'estadisticas','estadisticas'),(30,'estadisticas','estadisticasidioma'),(31,'estadisticas','fichatecnicaidioma'),(34,'estadisticas','grupo'),(35,'estadisticas','pregunta'),(32,'estadisticas','rango'),(36,'estadisticas','respuesta'),(27,'estadisticas','segmentosfichatecnica'),(28,'estadisticas','segmentosfichatecnicaidioma'),(44,'publicaciones','biblioteca'),(45,'publicaciones','bibliotecaidioma'),(46,'publicaciones','categoriaempleo'),(47,'publicaciones','categoriaempleoidioma'),(50,'publicaciones','categoriainformes'),(51,'publicaciones','categoriainformesidioma'),(38,'publicaciones','informaciongeneral'),(39,'publicaciones','informaciongeneralidioma'),(53,'publicaciones','informeidioma'),(52,'publicaciones','informes'),(42,'publicaciones','noticias'),(40,'publicaciones','noticiasemanario'),(41,'publicaciones','noticiasemanarioidioma'),(43,'publicaciones','noticiasidioma'),(48,'publicaciones','oportunidadesempleo'),(49,'publicaciones','oportunidadesempleoidioma'),(6,'sessions','session'),(12,'ubicaciones','departamento'),(13,'ubicaciones','departamentoidioma'),(7,'ubicaciones','lenguaje'),(14,'ubicaciones','municipio'),(15,'ubicaciones','municipioidioma'),(8,'ubicaciones','pais'),(9,'ubicaciones','paisidioma'),(10,'ubicaciones','region'),(11,'ubicaciones','regionidioma');
/*!40000 ALTER TABLE `django_content_type` ENABLE KEYS */;
UNLOCK TABLES;

--
-- Table structure for table `django_migrations`
--

DROP TABLE IF EXISTS `django_migrations`;
/*!40101 SET @saved_cs_client     = @@character_set_client */;
/*!50503 SET character_set_client = utf8mb4 */;
CREATE TABLE `django_migrations` (
  `id` int(11) NOT NULL AUTO_INCREMENT,
  `app` varchar(255) NOT NULL,
  `name` varchar(255) NOT NULL,
  `applied` datetime(6) NOT NULL,
  PRIMARY KEY (`id`)
) ENGINE=InnoDB AUTO_INCREMENT=77 DEFAULT CHARSET=utf8;
/*!40101 SET character_set_client = @saved_cs_client */;

--
-- Dumping data for table `django_migrations`
--

LOCK TABLES `django_migrations` WRITE;
/*!40000 ALTER TABLE `django_migrations` DISABLE KEYS */;
INSERT INTO `django_migrations` VALUES (1,'contenttypes','0001_initial','2019-07-08 20:21:00.519109'),(2,'auth','0001_initial','2019-07-08 20:21:06.112035'),(3,'admin','0001_initial','2019-07-08 20:21:07.234016'),(4,'admin','0002_logentry_remove_auto_add','2019-07-08 20:21:07.337094'),(5,'admin','0003_logentry_add_action_flag_choices','2019-07-08 20:21:07.415193'),(6,'contenttypes','0002_remove_content_type_name','2019-07-08 20:21:09.072371'),(7,'auth','0002_alter_permission_name_max_length','2019-07-08 20:21:10.037601'),(8,'auth','0003_alter_user_email_max_length','2019-07-08 20:21:10.237982'),(9,'auth','0004_alter_user_username_opts','2019-07-08 20:21:10.324357'),(10,'auth','0005_alter_user_last_login_null','2019-07-08 20:21:11.143570'),(11,'auth','0006_require_contenttypes_0002','2019-07-08 20:21:11.216753'),(12,'auth','0007_alter_validators_add_error_messages','2019-07-08 20:21:11.290878'),(13,'auth','0008_alter_user_username_max_length','2019-07-08 20:21:12.289788'),(14,'auth','0009_alter_user_last_name_max_length','2019-07-08 20:21:13.277891'),(15,'ubicaciones','0001_initial','2019-07-08 20:21:24.438089'),(16,'configuracion','0001_initial','2019-07-08 20:21:35.773333'),(17,'contenidos','0001_initial','2019-07-08 20:21:46.266911'),(18,'estadisticas','0001_initial','2019-07-08 20:21:56.639580'),(19,'publicaciones','0001_initial','2019-07-08 20:22:22.699641'),(20,'sessions','0001_initial','2019-07-08 20:22:23.688264'),(21,'estadisticas','0002_basedatosfile_basesdatos','2019-08-08 21:37:51.539267'),(22,'estadisticas','0003_auto_20190806_1614','2019-08-08 21:37:55.300151'),(23,'estadisticas','0004_auto_20190808_1603','2019-08-08 21:37:55.448702'),(24,'estadisticas','0005_auto_20190809_1441','2019-08-09 21:28:43.846532'),(25,'estadisticas','0006_auto_20190810_1116','2019-08-12 21:26:37.814564'),(26,'estadisticas','0007_basesdatos_slug','2019-08-12 21:26:39.164527'),(27,'estadisticas','0006_auto_20190809_1747','2019-08-12 21:26:39.266365'),(28,'estadisticas','0008_merge_20190812_1607','2019-08-12 21:26:39.346109'),(29,'estadisticas','0009_auto_20190812_1659','2019-08-15 20:39:22.585082'),(30,'estadisticas','0010_basesdatosarchivos_fecha_fin','2019-08-15 20:39:23.274414'),(31,'estadisticas','0011_auto_20190812_1718','2019-08-15 20:39:23.913190'),(32,'estadisticas','0012_auto_20190815_1433','2019-08-15 20:39:24.143727'),(33,'publicaciones','0002_auto_20190816_1714','2019-08-20 18:04:34.816564'),(34,'publicaciones','0003_auto_20190816_1726','2019-08-20 18:04:37.324320'),(35,'publicaciones','0004_auto_20190816_1801','2019-08-20 18:04:37.699624'),(36,'configuracion','0002_remove_sliderprincipal_es_360','2019-08-21 15:22:25.243371'),(37,'configuracion','0003_auto_20190821_0856','2019-08-21 15:22:25.326515'),(38,'contenidos','0002_remove_ofertaturistica_imagen_mapa','2019-08-21 15:22:26.750515'),(39,'publicaciones','0005_auto_20190821_0938','2019-08-21 15:22:28.198364'),(40,'publicaciones','0006_auto_20190821_0946','2019-08-21 15:22:28.589884'),(41,'publicaciones','0007_auto_20190821_1005','2019-08-21 15:22:32.142405'),(42,'estadisticas','0013_estadisticas_url_tableau','2019-09-12 17:17:38.680050'),(43,'estadisticas','0014_estadisticas_infografia','2019-09-12 17:17:41.348522'),(44,'estadisticas','0015_auto_20190920_1630','2019-09-20 23:04:52.091467'),(45,'estadisticas','0016_auto_20190920_1728','2019-10-31 19:43:09.960664'),(46,'estadisticas','0017_auto_20190920_1729','2019-10-31 19:43:14.370923'),(47,'estadisticas','0018_auto_20190922_1750','2019-10-31 19:43:14.479882'),(48,'estadisticas','0019_auto_20190922_1823','2019-10-31 19:43:14.590503'),(49,'estadisticas','0020_auto_20190922_1950','2019-10-31 19:43:14.692599'),(50,'estadisticas','0021_auto_20190923_1048','2019-10-31 19:43:14.791654'),(51,'estadisticas','0022_auto_20190925_1224','2019-10-31 19:43:15.018493'),(52,'estadisticas','0023_auto_20190926_0905','2019-10-31 19:43:15.236283'),(53,'estadisticas','0024_auto_20190926_0958','2019-10-31 19:43:15.424093'),(54,'estadisticas','0025_auto_20190926_1106','2019-10-31 19:43:15.578812'),(55,'estadisticas','0026_auto_20190926_1124','2019-10-31 19:43:15.743351'),(56,'estadisticas','0027_auto_20190926_1131','2019-10-31 19:43:15.843574'),(57,'estadisticas','0028_estadisticas_url_alterna','2019-10-31 19:43:16.484485'),(58,'estadisticas','0023_auto_20190926_1627','2019-11-29 17:26:37.794760'),(59,'estadisticas','0024_estadisticas_url_alterna','2019-11-29 17:27:01.931283'),(60,'estadisticas','0023_auto_20191104_1301','2019-11-29 17:27:31.110085'),(61,'estadisticas','0025_merge_20191129_1226','2019-11-29 17:27:35.050990'),(62,'estadisticas','0025_credencialbasedatos','2019-11-29 17:54:09.959451'),(63,'estadisticas','0026_auto_20191127_0907','2019-11-29 17:54:10.655616'),(64,'estadisticas','0027_auto_20191127_0935','2019-11-29 17:54:10.930109'),(65,'estadisticas','0028_auto_20191127_0939','2019-11-29 17:54:10.993345'),(66,'estadisticas','0029_credencialbasedatos_activo','2019-11-29 17:54:11.106867'),(67,'estadisticas','0030_auto_20191128_0818','2019-11-29 17:54:11.175114'),(68,'estadisticas','0031_merge_20191129_1254','2019-11-29 17:54:11.186494'),(69,'estadisticas','0031_merge_20191128_1554','2019-12-04 16:17:43.781335'),(70,'estadisticas','0032_merge_20191204_1117','2019-12-04 16:17:43.790223'),(71,'estadisticas','0032_merge_20191204_1118','2019-12-04 16:18:38.164262'),(72,'estadisticas','0032_merge_20191204_1136','2019-12-04 16:36:21.251079'),(73,'estadisticas','0032_merge_20191204_1209','2019-12-04 17:09:49.078263'),(74,'estadisticas','0032_merge_20191204_1210','2019-12-04 17:10:34.669331'),(75,'estadisticas','0032_merge_20191204_1220','2019-12-04 17:20:29.774283'),(76,'estadisticas','0032_merge_20191204_1243','2019-12-04 17:43:59.240270');
/*!40000 ALTER TABLE `django_migrations` ENABLE KEYS */;
UNLOCK TABLES;

--
-- Table structure for table `django_session`
--

DROP TABLE IF EXISTS `django_session`;
/*!40101 SET @saved_cs_client     = @@character_set_client */;
/*!50503 SET character_set_client = utf8mb4 */;
CREATE TABLE `django_session` (
  `session_key` varchar(40) NOT NULL,
  `session_data` longtext NOT NULL,
  `expire_date` datetime(6) NOT NULL,
  PRIMARY KEY (`session_key`),
  KEY `django_session_expire_date_a5c62663` (`expire_date`)
) ENGINE=InnoDB DEFAULT CHARSET=utf8;
/*!40101 SET character_set_client = @saved_cs_client */;

--
-- Dumping data for table `django_session`
--

LOCK TABLES `django_session` WRITE;
/*!40000 ALTER TABLE `django_session` DISABLE KEYS */;
INSERT INTO `django_session` VALUES ('00acxbkidt0vxo2s23ges7qry1yuyiyi','ZDhhMWI0ZDIzMzdjOTk2ZDgzYTk2MTM5NzA5OWVmNzIwNGQwOTEzOTp7Il9hdXRoX3VzZXJfaWQiOiIxIiwiX2F1dGhfdXNlcl9iYWNrZW5kIjoiZGphbmdvLmNvbnRyaWIuYXV0aC5iYWNrZW5kcy5Nb2RlbEJhY2tlbmQiLCJfYXV0aF91c2VyX2hhc2giOiI4MjRhNzExMzQ1ZmYxNWQwZTgzZTAwNDBjZGEzOGM3NmQ4YmQxOTA3In0=','2019-06-25 14:36:28.323000'),('01qdpqholep376ovcfhvbi0ckzuasu6q','MzVmMTVhOGFkOWYyZDY3NjVjNjYwODc0MjY2MzFhMzFiZjdmN2JmNDp7Il9hdXRoX3VzZXJfaWQiOiIxIiwiX2F1dGhfdXNlcl9iYWNrZW5kIjoiZGphbmdvLmNvbnRyaWIuYXV0aC5iYWNrZW5kcy5Nb2RlbEJhY2tlbmQiLCJfYXV0aF91c2VyX2hhc2giOiJkYzMwODYwMGQ1ZjdlZmQ3OWIxMGQyODI1NjljODczZTk1YmFhZGYwIn0=','2019-06-25 20:07:53.136000'),('0277mcpc08wj7re4fa0lb6colzh3nmlk','ZDhhMWI0ZDIzMzdjOTk2ZDgzYTk2MTM5NzA5OWVmNzIwNGQwOTEzOTp7Il9hdXRoX3VzZXJfaWQiOiIxIiwiX2F1dGhfdXNlcl9iYWNrZW5kIjoiZGphbmdvLmNvbnRyaWIuYXV0aC5iYWNrZW5kcy5Nb2RlbEJhY2tlbmQiLCJfYXV0aF91c2VyX2hhc2giOiI4MjRhNzExMzQ1ZmYxNWQwZTgzZTAwNDBjZGEzOGM3NmQ4YmQxOTA3In0=','2019-07-05 21:50:14.209000'),('05bjk2tqu47edxga3b2x3m533ogbuf69','MzVmMTVhOGFkOWYyZDY3NjVjNjYwODc0MjY2MzFhMzFiZjdmN2JmNDp7Il9hdXRoX3VzZXJfaWQiOiIxIiwiX2F1dGhfdXNlcl9iYWNrZW5kIjoiZGphbmdvLmNvbnRyaWIuYXV0aC5iYWNrZW5kcy5Nb2RlbEJhY2tlbmQiLCJfYXV0aF91c2VyX2hhc2giOiJkYzMwODYwMGQ1ZjdlZmQ3OWIxMGQyODI1NjljODczZTk1YmFhZGYwIn0=','2019-10-08 13:21:20.007595'),('05qpqdzuw9y20h82iyo766hudq7uscbd','ZDhhMWI0ZDIzMzdjOTk2ZDgzYTk2MTM5NzA5OWVmNzIwNGQwOTEzOTp7Il9hdXRoX3VzZXJfaWQiOiIxIiwiX2F1dGhfdXNlcl9iYWNrZW5kIjoiZGphbmdvLmNvbnRyaWIuYXV0aC5iYWNrZW5kcy5Nb2RlbEJhY2tlbmQiLCJfYXV0aF91c2VyX2hhc2giOiI4MjRhNzExMzQ1ZmYxNWQwZTgzZTAwNDBjZGEzOGM3NmQ4YmQxOTA3In0=','2019-07-09 15:08:05.452000'),('06asjye43qdylx01q54tagfqo2626mqm','ZDhhMWI0ZDIzMzdjOTk2ZDgzYTk2MTM5NzA5OWVmNzIwNGQwOTEzOTp7Il9hdXRoX3VzZXJfaWQiOiIxIiwiX2F1dGhfdXNlcl9iYWNrZW5kIjoiZGphbmdvLmNvbnRyaWIuYXV0aC5iYWNrZW5kcy5Nb2RlbEJhY2tlbmQiLCJfYXV0aF91c2VyX2hhc2giOiI4MjRhNzExMzQ1ZmYxNWQwZTgzZTAwNDBjZGEzOGM3NmQ4YmQxOTA3In0=','2019-06-05 16:27:21.414000'),('09qpx905a9nrd4mdynor591dstmukoj8','MzVmMTVhOGFkOWYyZDY3NjVjNjYwODc0MjY2MzFhMzFiZjdmN2JmNDp7Il9hdXRoX3VzZXJfaWQiOiIxIiwiX2F1dGhfdXNlcl9iYWNrZW5kIjoiZGphbmdvLmNvbnRyaWIuYXV0aC5iYWNrZW5kcy5Nb2RlbEJhY2tlbmQiLCJfYXV0aF91c2VyX2hhc2giOiJkYzMwODYwMGQ1ZjdlZmQ3OWIxMGQyODI1NjljODczZTk1YmFhZGYwIn0=','2019-08-07 19:30:32.686605'),('0btzyzfakqimzxcd4693v17pbn7z4538','ZDhhMWI0ZDIzMzdjOTk2ZDgzYTk2MTM5NzA5OWVmNzIwNGQwOTEzOTp7Il9hdXRoX3VzZXJfaWQiOiIxIiwiX2F1dGhfdXNlcl9iYWNrZW5kIjoiZGphbmdvLmNvbnRyaWIuYXV0aC5iYWNrZW5kcy5Nb2RlbEJhY2tlbmQiLCJfYXV0aF91c2VyX2hhc2giOiI4MjRhNzExMzQ1ZmYxNWQwZTgzZTAwNDBjZGEzOGM3NmQ4YmQxOTA3In0=','2019-07-09 19:21:26.522000'),('0c3ht4iuz2bmzt5b3m2c4gnz3gguimfg','YTkxODY0ZTA0OTg1MzMzMDdiMDNjNThkNzU0NTkyZDZhMTBiNTU4Nzp7Il9hdXRoX3VzZXJfaWQiOiIxIiwiX2F1dGhfdXNlcl9iYWNrZW5kIjoiZGphbmdvLmNvbnRyaWIuYXV0aC5iYWNrZW5kcy5Nb2RlbEJhY2tlbmQiLCJfYXV0aF91c2VyX2hhc2giOiI0OGU1ZWQ3MjhlNjhlZGFhYmVlYTU2YWU3MTc3NTE0MGVlZGIwYTg5In0=','2020-08-25 18:37:43.924303'),('0ewnyq3951iln9g8467oom9miy5ztrrr','MzVmMTVhOGFkOWYyZDY3NjVjNjYwODc0MjY2MzFhMzFiZjdmN2JmNDp7Il9hdXRoX3VzZXJfaWQiOiIxIiwiX2F1dGhfdXNlcl9iYWNrZW5kIjoiZGphbmdvLmNvbnRyaWIuYXV0aC5iYWNrZW5kcy5Nb2RlbEJhY2tlbmQiLCJfYXV0aF91c2VyX2hhc2giOiJkYzMwODYwMGQ1ZjdlZmQ3OWIxMGQyODI1NjljODczZTk1YmFhZGYwIn0=','2019-11-21 21:05:01.891519'),('0g15ujnk6p2x6zecie7653se5uhwvd6u','MzVmMTVhOGFkOWYyZDY3NjVjNjYwODc0MjY2MzFhMzFiZjdmN2JmNDp7Il9hdXRoX3VzZXJfaWQiOiIxIiwiX2F1dGhfdXNlcl9iYWNrZW5kIjoiZGphbmdvLmNvbnRyaWIuYXV0aC5iYWNrZW5kcy5Nb2RlbEJhY2tlbmQiLCJfYXV0aF91c2VyX2hhc2giOiJkYzMwODYwMGQ1ZjdlZmQ3OWIxMGQyODI1NjljODczZTk1YmFhZGYwIn0=','2019-08-02 15:53:57.558842'),('0hzs0dkc4d24d6wb86c8dn1z6h5dxo22','MzVmMTVhOGFkOWYyZDY3NjVjNjYwODc0MjY2MzFhMzFiZjdmN2JmNDp7Il9hdXRoX3VzZXJfaWQiOiIxIiwiX2F1dGhfdXNlcl9iYWNrZW5kIjoiZGphbmdvLmNvbnRyaWIuYXV0aC5iYWNrZW5kcy5Nb2RlbEJhY2tlbmQiLCJfYXV0aF91c2VyX2hhc2giOiJkYzMwODYwMGQ1ZjdlZmQ3OWIxMGQyODI1NjljODczZTk1YmFhZGYwIn0=','2019-08-29 20:06:23.611325'),('0i060cfejrso4hpex6oxalvjtj0a570c','MzVmMTVhOGFkOWYyZDY3NjVjNjYwODc0MjY2MzFhMzFiZjdmN2JmNDp7Il9hdXRoX3VzZXJfaWQiOiIxIiwiX2F1dGhfdXNlcl9iYWNrZW5kIjoiZGphbmdvLmNvbnRyaWIuYXV0aC5iYWNrZW5kcy5Nb2RlbEJhY2tlbmQiLCJfYXV0aF91c2VyX2hhc2giOiJkYzMwODYwMGQ1ZjdlZmQ3OWIxMGQyODI1NjljODczZTk1YmFhZGYwIn0=','2019-08-02 22:59:42.071353'),('0mo6cdlworaaun0kvad01m372l3vt7yz','MzVmMTVhOGFkOWYyZDY3NjVjNjYwODc0MjY2MzFhMzFiZjdmN2JmNDp7Il9hdXRoX3VzZXJfaWQiOiIxIiwiX2F1dGhfdXNlcl9iYWNrZW5kIjoiZGphbmdvLmNvbnRyaWIuYXV0aC5iYWNrZW5kcy5Nb2RlbEJhY2tlbmQiLCJfYXV0aF91c2VyX2hhc2giOiJkYzMwODYwMGQ1ZjdlZmQ3OWIxMGQyODI1NjljODczZTk1YmFhZGYwIn0=','2019-07-12 19:47:27.138000'),('0n0anvylveh73ql4jusjocq0fftw6jjs','MzVmMTVhOGFkOWYyZDY3NjVjNjYwODc0MjY2MzFhMzFiZjdmN2JmNDp7Il9hdXRoX3VzZXJfaWQiOiIxIiwiX2F1dGhfdXNlcl9iYWNrZW5kIjoiZGphbmdvLmNvbnRyaWIuYXV0aC5iYWNrZW5kcy5Nb2RlbEJhY2tlbmQiLCJfYXV0aF91c2VyX2hhc2giOiJkYzMwODYwMGQ1ZjdlZmQ3OWIxMGQyODI1NjljODczZTk1YmFhZGYwIn0=','2019-06-25 20:08:56.848000'),('0qnmyf30glc1qde5h3lw6a40wij4vbvn','ZDhhMWI0ZDIzMzdjOTk2ZDgzYTk2MTM5NzA5OWVmNzIwNGQwOTEzOTp7Il9hdXRoX3VzZXJfaWQiOiIxIiwiX2F1dGhfdXNlcl9iYWNrZW5kIjoiZGphbmdvLmNvbnRyaWIuYXV0aC5iYWNrZW5kcy5Nb2RlbEJhY2tlbmQiLCJfYXV0aF91c2VyX2hhc2giOiI4MjRhNzExMzQ1ZmYxNWQwZTgzZTAwNDBjZGEzOGM3NmQ4YmQxOTA3In0=','2019-06-28 17:52:06.410000'),('0qqdbw1gz9ubxbuew1lr0npnwmrvgotg','MzVmMTVhOGFkOWYyZDY3NjVjNjYwODc0MjY2MzFhMzFiZjdmN2JmNDp7Il9hdXRoX3VzZXJfaWQiOiIxIiwiX2F1dGhfdXNlcl9iYWNrZW5kIjoiZGphbmdvLmNvbnRyaWIuYXV0aC5iYWNrZW5kcy5Nb2RlbEJhY2tlbmQiLCJfYXV0aF91c2VyX2hhc2giOiJkYzMwODYwMGQ1ZjdlZmQ3OWIxMGQyODI1NjljODczZTk1YmFhZGYwIn0=','2019-08-26 21:20:38.189640'),('0tvpsj3mksazts9x8yeijdgy43wrxdh0','ZDhhMWI0ZDIzMzdjOTk2ZDgzYTk2MTM5NzA5OWVmNzIwNGQwOTEzOTp7Il9hdXRoX3VzZXJfaWQiOiIxIiwiX2F1dGhfdXNlcl9iYWNrZW5kIjoiZGphbmdvLmNvbnRyaWIuYXV0aC5iYWNrZW5kcy5Nb2RlbEJhY2tlbmQiLCJfYXV0aF91c2VyX2hhc2giOiI4MjRhNzExMzQ1ZmYxNWQwZTgzZTAwNDBjZGEzOGM3NmQ4YmQxOTA3In0=','2019-07-09 20:09:39.501000'),('0vd5gedok1pw4p526g8108wcpiaqwvbl','MzVmMTVhOGFkOWYyZDY3NjVjNjYwODc0MjY2MzFhMzFiZjdmN2JmNDp7Il9hdXRoX3VzZXJfaWQiOiIxIiwiX2F1dGhfdXNlcl9iYWNrZW5kIjoiZGphbmdvLmNvbnRyaWIuYXV0aC5iYWNrZW5kcy5Nb2RlbEJhY2tlbmQiLCJfYXV0aF91c2VyX2hhc2giOiJkYzMwODYwMGQ1ZjdlZmQ3OWIxMGQyODI1NjljODczZTk1YmFhZGYwIn0=','2019-08-30 15:08:17.760864'),('0woerd541wonzwpq0z7fw8dak957hlq7','MzVmMTVhOGFkOWYyZDY3NjVjNjYwODc0MjY2MzFhMzFiZjdmN2JmNDp7Il9hdXRoX3VzZXJfaWQiOiIxIiwiX2F1dGhfdXNlcl9iYWNrZW5kIjoiZGphbmdvLmNvbnRyaWIuYXV0aC5iYWNrZW5kcy5Nb2RlbEJhY2tlbmQiLCJfYXV0aF91c2VyX2hhc2giOiJkYzMwODYwMGQ1ZjdlZmQ3OWIxMGQyODI1NjljODczZTk1YmFhZGYwIn0=','2019-07-12 20:19:16.467000'),('0yy6yshjcrwz9jai5h2ooqkdoon5m6op','MzVmMTVhOGFkOWYyZDY3NjVjNjYwODc0MjY2MzFhMzFiZjdmN2JmNDp7Il9hdXRoX3VzZXJfaWQiOiIxIiwiX2F1dGhfdXNlcl9iYWNrZW5kIjoiZGphbmdvLmNvbnRyaWIuYXV0aC5iYWNrZW5kcy5Nb2RlbEJhY2tlbmQiLCJfYXV0aF91c2VyX2hhc2giOiJkYzMwODYwMGQ1ZjdlZmQ3OWIxMGQyODI1NjljODczZTk1YmFhZGYwIn0=','2019-07-09 22:40:28.119000'),('114li5wswpir5s1iass18j5bfiyq4duf','MzVmMTVhOGFkOWYyZDY3NjVjNjYwODc0MjY2MzFhMzFiZjdmN2JmNDp7Il9hdXRoX3VzZXJfaWQiOiIxIiwiX2F1dGhfdXNlcl9iYWNrZW5kIjoiZGphbmdvLmNvbnRyaWIuYXV0aC5iYWNrZW5kcy5Nb2RlbEJhY2tlbmQiLCJfYXV0aF91c2VyX2hhc2giOiJkYzMwODYwMGQ1ZjdlZmQ3OWIxMGQyODI1NjljODczZTk1YmFhZGYwIn0=','2019-08-29 22:14:15.013790'),('128twv8op8nkt8i4ofywvhn7lawc4yac','MzVmMTVhOGFkOWYyZDY3NjVjNjYwODc0MjY2MzFhMzFiZjdmN2JmNDp7Il9hdXRoX3VzZXJfaWQiOiIxIiwiX2F1dGhfdXNlcl9iYWNrZW5kIjoiZGphbmdvLmNvbnRyaWIuYXV0aC5iYWNrZW5kcy5Nb2RlbEJhY2tlbmQiLCJfYXV0aF91c2VyX2hhc2giOiJkYzMwODYwMGQ1ZjdlZmQ3OWIxMGQyODI1NjljODczZTk1YmFhZGYwIn0=','2019-07-11 21:59:52.298000'),('12xr35x7sdt2fweq7plpqt5wmjukfj47','ZDhhMWI0ZDIzMzdjOTk2ZDgzYTk2MTM5NzA5OWVmNzIwNGQwOTEzOTp7Il9hdXRoX3VzZXJfaWQiOiIxIiwiX2F1dGhfdXNlcl9iYWNrZW5kIjoiZGphbmdvLmNvbnRyaWIuYXV0aC5iYWNrZW5kcy5Nb2RlbEJhY2tlbmQiLCJfYXV0aF91c2VyX2hhc2giOiI4MjRhNzExMzQ1ZmYxNWQwZTgzZTAwNDBjZGEzOGM3NmQ4YmQxOTA3In0=','2019-05-23 14:50:37.664000'),('13przfzf2ycftpu7t5jrxly4mkgrwvzg','MzVmMTVhOGFkOWYyZDY3NjVjNjYwODc0MjY2MzFhMzFiZjdmN2JmNDp7Il9hdXRoX3VzZXJfaWQiOiIxIiwiX2F1dGhfdXNlcl9iYWNrZW5kIjoiZGphbmdvLmNvbnRyaWIuYXV0aC5iYWNrZW5kcy5Nb2RlbEJhY2tlbmQiLCJfYXV0aF91c2VyX2hhc2giOiJkYzMwODYwMGQ1ZjdlZmQ3OWIxMGQyODI1NjljODczZTk1YmFhZGYwIn0=','2019-09-10 04:26:33.711809'),('14j3iqp3ecqqj2gtukod9igl1qsl2n0y','MzVmMTVhOGFkOWYyZDY3NjVjNjYwODc0MjY2MzFhMzFiZjdmN2JmNDp7Il9hdXRoX3VzZXJfaWQiOiIxIiwiX2F1dGhfdXNlcl9iYWNrZW5kIjoiZGphbmdvLmNvbnRyaWIuYXV0aC5iYWNrZW5kcy5Nb2RlbEJhY2tlbmQiLCJfYXV0aF91c2VyX2hhc2giOiJkYzMwODYwMGQ1ZjdlZmQ3OWIxMGQyODI1NjljODczZTk1YmFhZGYwIn0=','2019-07-11 22:10:21.241000'),('14lsn4vihmqb7j22f93iizlnd1za7zhn','ZDhhMWI0ZDIzMzdjOTk2ZDgzYTk2MTM5NzA5OWVmNzIwNGQwOTEzOTp7Il9hdXRoX3VzZXJfaWQiOiIxIiwiX2F1dGhfdXNlcl9iYWNrZW5kIjoiZGphbmdvLmNvbnRyaWIuYXV0aC5iYWNrZW5kcy5Nb2RlbEJhY2tlbmQiLCJfYXV0aF91c2VyX2hhc2giOiI4MjRhNzExMzQ1ZmYxNWQwZTgzZTAwNDBjZGEzOGM3NmQ4YmQxOTA3In0=','2019-07-09 15:22:54.480000'),('14s8655iseuv1z3jhrwagv7nazcpr2ak','MzVmMTVhOGFkOWYyZDY3NjVjNjYwODc0MjY2MzFhMzFiZjdmN2JmNDp7Il9hdXRoX3VzZXJfaWQiOiIxIiwiX2F1dGhfdXNlcl9iYWNrZW5kIjoiZGphbmdvLmNvbnRyaWIuYXV0aC5iYWNrZW5kcy5Nb2RlbEJhY2tlbmQiLCJfYXV0aF91c2VyX2hhc2giOiJkYzMwODYwMGQ1ZjdlZmQ3OWIxMGQyODI1NjljODczZTk1YmFhZGYwIn0=','2019-09-03 13:40:52.010134'),('179sd1h2i0pm4tklvv0vg9a6lbe7x6v1','MzVmMTVhOGFkOWYyZDY3NjVjNjYwODc0MjY2MzFhMzFiZjdmN2JmNDp7Il9hdXRoX3VzZXJfaWQiOiIxIiwiX2F1dGhfdXNlcl9iYWNrZW5kIjoiZGphbmdvLmNvbnRyaWIuYXV0aC5iYWNrZW5kcy5Nb2RlbEJhY2tlbmQiLCJfYXV0aF91c2VyX2hhc2giOiJkYzMwODYwMGQ1ZjdlZmQ3OWIxMGQyODI1NjljODczZTk1YmFhZGYwIn0=','2019-11-19 16:26:18.494284'),('187ghjnly7o9uwjbam3uwgc3udamqmh6','MzVmMTVhOGFkOWYyZDY3NjVjNjYwODc0MjY2MzFhMzFiZjdmN2JmNDp7Il9hdXRoX3VzZXJfaWQiOiIxIiwiX2F1dGhfdXNlcl9iYWNrZW5kIjoiZGphbmdvLmNvbnRyaWIuYXV0aC5iYWNrZW5kcy5Nb2RlbEJhY2tlbmQiLCJfYXV0aF91c2VyX2hhc2giOiJkYzMwODYwMGQ1ZjdlZmQ3OWIxMGQyODI1NjljODczZTk1YmFhZGYwIn0=','2019-08-12 06:51:42.032973'),('1cwx0zhhtd47yqv4qqe64d4niwv6e4uq','ZDhhMWI0ZDIzMzdjOTk2ZDgzYTk2MTM5NzA5OWVmNzIwNGQwOTEzOTp7Il9hdXRoX3VzZXJfaWQiOiIxIiwiX2F1dGhfdXNlcl9iYWNrZW5kIjoiZGphbmdvLmNvbnRyaWIuYXV0aC5iYWNrZW5kcy5Nb2RlbEJhY2tlbmQiLCJfYXV0aF91c2VyX2hhc2giOiI4MjRhNzExMzQ1ZmYxNWQwZTgzZTAwNDBjZGEzOGM3NmQ4YmQxOTA3In0=','2019-07-05 21:33:10.965000'),('1dxlelwx9mthnokfu177s48w5p91i6uu','MzVmMTVhOGFkOWYyZDY3NjVjNjYwODc0MjY2MzFhMzFiZjdmN2JmNDp7Il9hdXRoX3VzZXJfaWQiOiIxIiwiX2F1dGhfdXNlcl9iYWNrZW5kIjoiZGphbmdvLmNvbnRyaWIuYXV0aC5iYWNrZW5kcy5Nb2RlbEJhY2tlbmQiLCJfYXV0aF91c2VyX2hhc2giOiJkYzMwODYwMGQ1ZjdlZmQ3OWIxMGQyODI1NjljODczZTk1YmFhZGYwIn0=','2019-08-12 06:44:08.348733'),('1edohcdic8lygyqy9ksjnlcgdu6juw15','MzVmMTVhOGFkOWYyZDY3NjVjNjYwODc0MjY2MzFhMzFiZjdmN2JmNDp7Il9hdXRoX3VzZXJfaWQiOiIxIiwiX2F1dGhfdXNlcl9iYWNrZW5kIjoiZGphbmdvLmNvbnRyaWIuYXV0aC5iYWNrZW5kcy5Nb2RlbEJhY2tlbmQiLCJfYXV0aF91c2VyX2hhc2giOiJkYzMwODYwMGQ1ZjdlZmQ3OWIxMGQyODI1NjljODczZTk1YmFhZGYwIn0=','2019-08-02 17:41:21.609108'),('1f8po5ovh97hhxk3dqanf7ys8j5rl2fp','MzVmMTVhOGFkOWYyZDY3NjVjNjYwODc0MjY2MzFhMzFiZjdmN2JmNDp7Il9hdXRoX3VzZXJfaWQiOiIxIiwiX2F1dGhfdXNlcl9iYWNrZW5kIjoiZGphbmdvLmNvbnRyaWIuYXV0aC5iYWNrZW5kcy5Nb2RlbEJhY2tlbmQiLCJfYXV0aF91c2VyX2hhc2giOiJkYzMwODYwMGQ1ZjdlZmQ3OWIxMGQyODI1NjljODczZTk1YmFhZGYwIn0=','2019-07-24 15:37:29.028722'),('1fcjv01r8xp09y9vj88i7j1khzuzcs6s','MzVmMTVhOGFkOWYyZDY3NjVjNjYwODc0MjY2MzFhMzFiZjdmN2JmNDp7Il9hdXRoX3VzZXJfaWQiOiIxIiwiX2F1dGhfdXNlcl9iYWNrZW5kIjoiZGphbmdvLmNvbnRyaWIuYXV0aC5iYWNrZW5kcy5Nb2RlbEJhY2tlbmQiLCJfYXV0aF91c2VyX2hhc2giOiJkYzMwODYwMGQ1ZjdlZmQ3OWIxMGQyODI1NjljODczZTk1YmFhZGYwIn0=','2019-11-15 22:27:41.482952'),('1nhm19s2yfb793x9iaegzlg4ld3d4g71','MzVmMTVhOGFkOWYyZDY3NjVjNjYwODc0MjY2MzFhMzFiZjdmN2JmNDp7Il9hdXRoX3VzZXJfaWQiOiIxIiwiX2F1dGhfdXNlcl9iYWNrZW5kIjoiZGphbmdvLmNvbnRyaWIuYXV0aC5iYWNrZW5kcy5Nb2RlbEJhY2tlbmQiLCJfYXV0aF91c2VyX2hhc2giOiJkYzMwODYwMGQ1ZjdlZmQ3OWIxMGQyODI1NjljODczZTk1YmFhZGYwIn0=','2019-07-11 13:21:55.602000'),('1rrg6gipj883m2k9pqjhr9chiwj307n7','MzVmMTVhOGFkOWYyZDY3NjVjNjYwODc0MjY2MzFhMzFiZjdmN2JmNDp7Il9hdXRoX3VzZXJfaWQiOiIxIiwiX2F1dGhfdXNlcl9iYWNrZW5kIjoiZGphbmdvLmNvbnRyaWIuYXV0aC5iYWNrZW5kcy5Nb2RlbEJhY2tlbmQiLCJfYXV0aF91c2VyX2hhc2giOiJkYzMwODYwMGQ1ZjdlZmQ3OWIxMGQyODI1NjljODczZTk1YmFhZGYwIn0=','2019-07-10 15:06:22.139000'),('1rrgxfxzvd1h3lkuqcqi1s2qk2l5sk46','MzVmMTVhOGFkOWYyZDY3NjVjNjYwODc0MjY2MzFhMzFiZjdmN2JmNDp7Il9hdXRoX3VzZXJfaWQiOiIxIiwiX2F1dGhfdXNlcl9iYWNrZW5kIjoiZGphbmdvLmNvbnRyaWIuYXV0aC5iYWNrZW5kcy5Nb2RlbEJhY2tlbmQiLCJfYXV0aF91c2VyX2hhc2giOiJkYzMwODYwMGQ1ZjdlZmQ3OWIxMGQyODI1NjljODczZTk1YmFhZGYwIn0=','2019-08-29 21:29:29.083117'),('1s982zucmbd5dx501touvx3shgdk8lwe','ZDhhMWI0ZDIzMzdjOTk2ZDgzYTk2MTM5NzA5OWVmNzIwNGQwOTEzOTp7Il9hdXRoX3VzZXJfaWQiOiIxIiwiX2F1dGhfdXNlcl9iYWNrZW5kIjoiZGphbmdvLmNvbnRyaWIuYXV0aC5iYWNrZW5kcy5Nb2RlbEJhY2tlbmQiLCJfYXV0aF91c2VyX2hhc2giOiI4MjRhNzExMzQ1ZmYxNWQwZTgzZTAwNDBjZGEzOGM3NmQ4YmQxOTA3In0=','2019-05-21 16:24:20.315000'),('1wm1mm3t5q3mf6kyq9osy2sp19krbonq','ZDhhMWI0ZDIzMzdjOTk2ZDgzYTk2MTM5NzA5OWVmNzIwNGQwOTEzOTp7Il9hdXRoX3VzZXJfaWQiOiIxIiwiX2F1dGhfdXNlcl9iYWNrZW5kIjoiZGphbmdvLmNvbnRyaWIuYXV0aC5iYWNrZW5kcy5Nb2RlbEJhY2tlbmQiLCJfYXV0aF91c2VyX2hhc2giOiI4MjRhNzExMzQ1ZmYxNWQwZTgzZTAwNDBjZGEzOGM3NmQ4YmQxOTA3In0=','2019-05-14 22:29:06.944000'),('1wmkhmac91lwxbezl5bbcxux697l9woz','MzVmMTVhOGFkOWYyZDY3NjVjNjYwODc0MjY2MzFhMzFiZjdmN2JmNDp7Il9hdXRoX3VzZXJfaWQiOiIxIiwiX2F1dGhfdXNlcl9iYWNrZW5kIjoiZGphbmdvLmNvbnRyaWIuYXV0aC5iYWNrZW5kcy5Nb2RlbEJhY2tlbmQiLCJfYXV0aF91c2VyX2hhc2giOiJkYzMwODYwMGQ1ZjdlZmQ3OWIxMGQyODI1NjljODczZTk1YmFhZGYwIn0=','2019-11-21 21:04:47.368155'),('1wtapz4jvg0eselukc9r8bkafheegdxm','ZDhhMWI0ZDIzMzdjOTk2ZDgzYTk2MTM5NzA5OWVmNzIwNGQwOTEzOTp7Il9hdXRoX3VzZXJfaWQiOiIxIiwiX2F1dGhfdXNlcl9iYWNrZW5kIjoiZGphbmdvLmNvbnRyaWIuYXV0aC5iYWNrZW5kcy5Nb2RlbEJhY2tlbmQiLCJfYXV0aF91c2VyX2hhc2giOiI4MjRhNzExMzQ1ZmYxNWQwZTgzZTAwNDBjZGEzOGM3NmQ4YmQxOTA3In0=','2019-06-29 15:38:06.098000'),('1ys1kmpbukchoc3dh4izesqje81mzn3o','ZDhhMWI0ZDIzMzdjOTk2ZDgzYTk2MTM5NzA5OWVmNzIwNGQwOTEzOTp7Il9hdXRoX3VzZXJfaWQiOiIxIiwiX2F1dGhfdXNlcl9iYWNrZW5kIjoiZGphbmdvLmNvbnRyaWIuYXV0aC5iYWNrZW5kcy5Nb2RlbEJhY2tlbmQiLCJfYXV0aF91c2VyX2hhc2giOiI4MjRhNzExMzQ1ZmYxNWQwZTgzZTAwNDBjZGEzOGM3NmQ4YmQxOTA3In0=','2019-05-23 19:19:04.122000'),('1zpn5x7fnevmxh7fsjat7pabgm83z9vl','MzVmMTVhOGFkOWYyZDY3NjVjNjYwODc0MjY2MzFhMzFiZjdmN2JmNDp7Il9hdXRoX3VzZXJfaWQiOiIxIiwiX2F1dGhfdXNlcl9iYWNrZW5kIjoiZGphbmdvLmNvbnRyaWIuYXV0aC5iYWNrZW5kcy5Nb2RlbEJhY2tlbmQiLCJfYXV0aF91c2VyX2hhc2giOiJkYzMwODYwMGQ1ZjdlZmQ3OWIxMGQyODI1NjljODczZTk1YmFhZGYwIn0=','2019-08-12 05:27:56.640484'),('20u40quc9rwp00b5ykkmumvd7v9s12dl','MzVmMTVhOGFkOWYyZDY3NjVjNjYwODc0MjY2MzFhMzFiZjdmN2JmNDp7Il9hdXRoX3VzZXJfaWQiOiIxIiwiX2F1dGhfdXNlcl9iYWNrZW5kIjoiZGphbmdvLmNvbnRyaWIuYXV0aC5iYWNrZW5kcy5Nb2RlbEJhY2tlbmQiLCJfYXV0aF91c2VyX2hhc2giOiJkYzMwODYwMGQ1ZjdlZmQ3OWIxMGQyODI1NjljODczZTk1YmFhZGYwIn0=','2019-08-29 20:06:53.071826'),('22zzl7qfzy3ielhd04y2mgkzs98hygbd','ZDhhMWI0ZDIzMzdjOTk2ZDgzYTk2MTM5NzA5OWVmNzIwNGQwOTEzOTp7Il9hdXRoX3VzZXJfaWQiOiIxIiwiX2F1dGhfdXNlcl9iYWNrZW5kIjoiZGphbmdvLmNvbnRyaWIuYXV0aC5iYWNrZW5kcy5Nb2RlbEJhY2tlbmQiLCJfYXV0aF91c2VyX2hhc2giOiI4MjRhNzExMzQ1ZmYxNWQwZTgzZTAwNDBjZGEzOGM3NmQ4YmQxOTA3In0=','2019-07-09 15:09:46.227000'),('26cptocjj7f7m1h5jkuqsyuv434icf1d','MzVmMTVhOGFkOWYyZDY3NjVjNjYwODc0MjY2MzFhMzFiZjdmN2JmNDp7Il9hdXRoX3VzZXJfaWQiOiIxIiwiX2F1dGhfdXNlcl9iYWNrZW5kIjoiZGphbmdvLmNvbnRyaWIuYXV0aC5iYWNrZW5kcy5Nb2RlbEJhY2tlbmQiLCJfYXV0aF91c2VyX2hhc2giOiJkYzMwODYwMGQ1ZjdlZmQ3OWIxMGQyODI1NjljODczZTk1YmFhZGYwIn0=','2019-07-12 23:05:48.456000'),('285wczirboynu6r1p3mvghekfngayxfi','MzVmMTVhOGFkOWYyZDY3NjVjNjYwODc0MjY2MzFhMzFiZjdmN2JmNDp7Il9hdXRoX3VzZXJfaWQiOiIxIiwiX2F1dGhfdXNlcl9iYWNrZW5kIjoiZGphbmdvLmNvbnRyaWIuYXV0aC5iYWNrZW5kcy5Nb2RlbEJhY2tlbmQiLCJfYXV0aF91c2VyX2hhc2giOiJkYzMwODYwMGQ1ZjdlZmQ3OWIxMGQyODI1NjljODczZTk1YmFhZGYwIn0=','2019-08-07 19:31:41.109279'),('29s1hefdpn1te4l49vy9xsdb0s3f3f3t','MzVmMTVhOGFkOWYyZDY3NjVjNjYwODc0MjY2MzFhMzFiZjdmN2JmNDp7Il9hdXRoX3VzZXJfaWQiOiIxIiwiX2F1dGhfdXNlcl9iYWNrZW5kIjoiZGphbmdvLmNvbnRyaWIuYXV0aC5iYWNrZW5kcy5Nb2RlbEJhY2tlbmQiLCJfYXV0aF91c2VyX2hhc2giOiJkYzMwODYwMGQ1ZjdlZmQ3OWIxMGQyODI1NjljODczZTk1YmFhZGYwIn0=','2019-09-18 15:23:39.235266'),('2a9rfq6b98icu3i9a1dn48y0dp0h4499','ZDhhMWI0ZDIzMzdjOTk2ZDgzYTk2MTM5NzA5OWVmNzIwNGQwOTEzOTp7Il9hdXRoX3VzZXJfaWQiOiIxIiwiX2F1dGhfdXNlcl9iYWNrZW5kIjoiZGphbmdvLmNvbnRyaWIuYXV0aC5iYWNrZW5kcy5Nb2RlbEJhY2tlbmQiLCJfYXV0aF91c2VyX2hhc2giOiI4MjRhNzExMzQ1ZmYxNWQwZTgzZTAwNDBjZGEzOGM3NmQ4YmQxOTA3In0=','2019-07-03 20:51:52.825000'),('2hgm1n5gzes5ym9lwqd5fu3sdxjxx2du','MzVmMTVhOGFkOWYyZDY3NjVjNjYwODc0MjY2MzFhMzFiZjdmN2JmNDp7Il9hdXRoX3VzZXJfaWQiOiIxIiwiX2F1dGhfdXNlcl9iYWNrZW5kIjoiZGphbmdvLmNvbnRyaWIuYXV0aC5iYWNrZW5kcy5Nb2RlbEJhY2tlbmQiLCJfYXV0aF91c2VyX2hhc2giOiJkYzMwODYwMGQ1ZjdlZmQ3OWIxMGQyODI1NjljODczZTk1YmFhZGYwIn0=','2019-08-05 19:42:03.146504'),('2n1mvarrtjlkd9k47e5vce7ra3d5vj9t','ZDhhMWI0ZDIzMzdjOTk2ZDgzYTk2MTM5NzA5OWVmNzIwNGQwOTEzOTp7Il9hdXRoX3VzZXJfaWQiOiIxIiwiX2F1dGhfdXNlcl9iYWNrZW5kIjoiZGphbmdvLmNvbnRyaWIuYXV0aC5iYWNrZW5kcy5Nb2RlbEJhY2tlbmQiLCJfYXV0aF91c2VyX2hhc2giOiI4MjRhNzExMzQ1ZmYxNWQwZTgzZTAwNDBjZGEzOGM3NmQ4YmQxOTA3In0=','2019-07-09 15:10:06.711000'),('2ndq5s7gzjmb9hpzxtez9mauw13w4xqn','MzVmMTVhOGFkOWYyZDY3NjVjNjYwODc0MjY2MzFhMzFiZjdmN2JmNDp7Il9hdXRoX3VzZXJfaWQiOiIxIiwiX2F1dGhfdXNlcl9iYWNrZW5kIjoiZGphbmdvLmNvbnRyaWIuYXV0aC5iYWNrZW5kcy5Nb2RlbEJhY2tlbmQiLCJfYXV0aF91c2VyX2hhc2giOiJkYzMwODYwMGQ1ZjdlZmQ3OWIxMGQyODI1NjljODczZTk1YmFhZGYwIn0=','2019-07-09 22:17:38.715000'),('2ne4qrzm2qmd73zp4v1h5ge9sngadu29','MzVmMTVhOGFkOWYyZDY3NjVjNjYwODc0MjY2MzFhMzFiZjdmN2JmNDp7Il9hdXRoX3VzZXJfaWQiOiIxIiwiX2F1dGhfdXNlcl9iYWNrZW5kIjoiZGphbmdvLmNvbnRyaWIuYXV0aC5iYWNrZW5kcy5Nb2RlbEJhY2tlbmQiLCJfYXV0aF91c2VyX2hhc2giOiJkYzMwODYwMGQ1ZjdlZmQ3OWIxMGQyODI1NjljODczZTk1YmFhZGYwIn0=','2019-08-07 19:30:14.172736'),('2p3h5b3l5ez0dwm4dnfm47p7ewxli6i9','MzVmMTVhOGFkOWYyZDY3NjVjNjYwODc0MjY2MzFhMzFiZjdmN2JmNDp7Il9hdXRoX3VzZXJfaWQiOiIxIiwiX2F1dGhfdXNlcl9iYWNrZW5kIjoiZGphbmdvLmNvbnRyaWIuYXV0aC5iYWNrZW5kcy5Nb2RlbEJhY2tlbmQiLCJfYXV0aF91c2VyX2hhc2giOiJkYzMwODYwMGQ1ZjdlZmQ3OWIxMGQyODI1NjljODczZTk1YmFhZGYwIn0=','2019-08-16 22:38:53.825670'),('2ra5x71kedrz12fdp25304yt0snpfnvj','ZDhhMWI0ZDIzMzdjOTk2ZDgzYTk2MTM5NzA5OWVmNzIwNGQwOTEzOTp7Il9hdXRoX3VzZXJfaWQiOiIxIiwiX2F1dGhfdXNlcl9iYWNrZW5kIjoiZGphbmdvLmNvbnRyaWIuYXV0aC5iYWNrZW5kcy5Nb2RlbEJhY2tlbmQiLCJfYXV0aF91c2VyX2hhc2giOiI4MjRhNzExMzQ1ZmYxNWQwZTgzZTAwNDBjZGEzOGM3NmQ4YmQxOTA3In0=','2019-06-11 19:16:26.015000'),('2uuc4nlppyts9mdssvwh7t4mg06q2qp3','ZDhhMWI0ZDIzMzdjOTk2ZDgzYTk2MTM5NzA5OWVmNzIwNGQwOTEzOTp7Il9hdXRoX3VzZXJfaWQiOiIxIiwiX2F1dGhfdXNlcl9iYWNrZW5kIjoiZGphbmdvLmNvbnRyaWIuYXV0aC5iYWNrZW5kcy5Nb2RlbEJhY2tlbmQiLCJfYXV0aF91c2VyX2hhc2giOiI4MjRhNzExMzQ1ZmYxNWQwZTgzZTAwNDBjZGEzOGM3NmQ4YmQxOTA3In0=','2019-07-09 19:19:47.785000'),('32e0adzitn2000oewng6y6zgeqjcfi20','MzVmMTVhOGFkOWYyZDY3NjVjNjYwODc0MjY2MzFhMzFiZjdmN2JmNDp7Il9hdXRoX3VzZXJfaWQiOiIxIiwiX2F1dGhfdXNlcl9iYWNrZW5kIjoiZGphbmdvLmNvbnRyaWIuYXV0aC5iYWNrZW5kcy5Nb2RlbEJhY2tlbmQiLCJfYXV0aF91c2VyX2hhc2giOiJkYzMwODYwMGQ1ZjdlZmQ3OWIxMGQyODI1NjljODczZTk1YmFhZGYwIn0=','2019-08-30 13:39:15.274184'),('33ni1e77ud88qpdbxoy2e3sk7jp6dpgv','MzVmMTVhOGFkOWYyZDY3NjVjNjYwODc0MjY2MzFhMzFiZjdmN2JmNDp7Il9hdXRoX3VzZXJfaWQiOiIxIiwiX2F1dGhfdXNlcl9iYWNrZW5kIjoiZGphbmdvLmNvbnRyaWIuYXV0aC5iYWNrZW5kcy5Nb2RlbEJhY2tlbmQiLCJfYXV0aF91c2VyX2hhc2giOiJkYzMwODYwMGQ1ZjdlZmQ3OWIxMGQyODI1NjljODczZTk1YmFhZGYwIn0=','2019-07-16 17:09:42.386000'),('35fn2sdw1w9ahj0s8fe4cmdpb5xpbpgk','MzVmMTVhOGFkOWYyZDY3NjVjNjYwODc0MjY2MzFhMzFiZjdmN2JmNDp7Il9hdXRoX3VzZXJfaWQiOiIxIiwiX2F1dGhfdXNlcl9iYWNrZW5kIjoiZGphbmdvLmNvbnRyaWIuYXV0aC5iYWNrZW5kcy5Nb2RlbEJhY2tlbmQiLCJfYXV0aF91c2VyX2hhc2giOiJkYzMwODYwMGQ1ZjdlZmQ3OWIxMGQyODI1NjljODczZTk1YmFhZGYwIn0=','2019-09-04 14:21:36.232366'),('35qj2cz0lylsx41xe20ditua2lpcu50h','YTkxODY0ZTA0OTg1MzMzMDdiMDNjNThkNzU0NTkyZDZhMTBiNTU4Nzp7Il9hdXRoX3VzZXJfaWQiOiIxIiwiX2F1dGhfdXNlcl9iYWNrZW5kIjoiZGphbmdvLmNvbnRyaWIuYXV0aC5iYWNrZW5kcy5Nb2RlbEJhY2tlbmQiLCJfYXV0aF91c2VyX2hhc2giOiI0OGU1ZWQ3MjhlNjhlZGFhYmVlYTU2YWU3MTc3NTE0MGVlZGIwYTg5In0=','2020-04-01 17:24:26.202227'),('36ph499lrhjxvbuf1e9ggsqckhb93c7c','MzVmMTVhOGFkOWYyZDY3NjVjNjYwODc0MjY2MzFhMzFiZjdmN2JmNDp7Il9hdXRoX3VzZXJfaWQiOiIxIiwiX2F1dGhfdXNlcl9iYWNrZW5kIjoiZGphbmdvLmNvbnRyaWIuYXV0aC5iYWNrZW5kcy5Nb2RlbEJhY2tlbmQiLCJfYXV0aF91c2VyX2hhc2giOiJkYzMwODYwMGQ1ZjdlZmQ3OWIxMGQyODI1NjljODczZTk1YmFhZGYwIn0=','2019-10-30 16:48:14.357340'),('389reitgpstzytbd7klmqgxq1hhay2my','MzVmMTVhOGFkOWYyZDY3NjVjNjYwODc0MjY2MzFhMzFiZjdmN2JmNDp7Il9hdXRoX3VzZXJfaWQiOiIxIiwiX2F1dGhfdXNlcl9iYWNrZW5kIjoiZGphbmdvLmNvbnRyaWIuYXV0aC5iYWNrZW5kcy5Nb2RlbEJhY2tlbmQiLCJfYXV0aF91c2VyX2hhc2giOiJkYzMwODYwMGQ1ZjdlZmQ3OWIxMGQyODI1NjljODczZTk1YmFhZGYwIn0=','2019-10-05 18:41:55.437549'),('3913mmamlsatp2sq61wmka58igy23ywo','ZDhhMWI0ZDIzMzdjOTk2ZDgzYTk2MTM5NzA5OWVmNzIwNGQwOTEzOTp7Il9hdXRoX3VzZXJfaWQiOiIxIiwiX2F1dGhfdXNlcl9iYWNrZW5kIjoiZGphbmdvLmNvbnRyaWIuYXV0aC5iYWNrZW5kcy5Nb2RlbEJhY2tlbmQiLCJfYXV0aF91c2VyX2hhc2giOiI4MjRhNzExMzQ1ZmYxNWQwZTgzZTAwNDBjZGEzOGM3NmQ4YmQxOTA3In0=','2019-06-28 20:42:35.623000'),('399fjqgpi65p9atu4kugkcqs1mnxczwx','YTkxODY0ZTA0OTg1MzMzMDdiMDNjNThkNzU0NTkyZDZhMTBiNTU4Nzp7Il9hdXRoX3VzZXJfaWQiOiIxIiwiX2F1dGhfdXNlcl9iYWNrZW5kIjoiZGphbmdvLmNvbnRyaWIuYXV0aC5iYWNrZW5kcy5Nb2RlbEJhY2tlbmQiLCJfYXV0aF91c2VyX2hhc2giOiI0OGU1ZWQ3MjhlNjhlZGFhYmVlYTU2YWU3MTc3NTE0MGVlZGIwYTg5In0=','2019-12-19 14:27:04.826211'),('39ns7e1qjajxnoxrhrruj00qergew6cn','MzVmMTVhOGFkOWYyZDY3NjVjNjYwODc0MjY2MzFhMzFiZjdmN2JmNDp7Il9hdXRoX3VzZXJfaWQiOiIxIiwiX2F1dGhfdXNlcl9iYWNrZW5kIjoiZGphbmdvLmNvbnRyaWIuYXV0aC5iYWNrZW5kcy5Nb2RlbEJhY2tlbmQiLCJfYXV0aF91c2VyX2hhc2giOiJkYzMwODYwMGQ1ZjdlZmQ3OWIxMGQyODI1NjljODczZTk1YmFhZGYwIn0=','2019-07-09 20:06:04.032000'),('3f806k5gk337dorexmrlwg4296kxyhq2','MzVmMTVhOGFkOWYyZDY3NjVjNjYwODc0MjY2MzFhMzFiZjdmN2JmNDp7Il9hdXRoX3VzZXJfaWQiOiIxIiwiX2F1dGhfdXNlcl9iYWNrZW5kIjoiZGphbmdvLmNvbnRyaWIuYXV0aC5iYWNrZW5kcy5Nb2RlbEJhY2tlbmQiLCJfYXV0aF91c2VyX2hhc2giOiJkYzMwODYwMGQ1ZjdlZmQ3OWIxMGQyODI1NjljODczZTk1YmFhZGYwIn0=','2019-08-05 15:45:03.634763'),('3gmika5o0blc80ebvl7w1o2r5pgw8osk','MzVmMTVhOGFkOWYyZDY3NjVjNjYwODc0MjY2MzFhMzFiZjdmN2JmNDp7Il9hdXRoX3VzZXJfaWQiOiIxIiwiX2F1dGhfdXNlcl9iYWNrZW5kIjoiZGphbmdvLmNvbnRyaWIuYXV0aC5iYWNrZW5kcy5Nb2RlbEJhY2tlbmQiLCJfYXV0aF91c2VyX2hhc2giOiJkYzMwODYwMGQ1ZjdlZmQ3OWIxMGQyODI1NjljODczZTk1YmFhZGYwIn0=','2019-07-22 20:54:25.134712'),('3jlkzqx969v1oc7on3l5zprr4ta11f6u','ZDhhMWI0ZDIzMzdjOTk2ZDgzYTk2MTM5NzA5OWVmNzIwNGQwOTEzOTp7Il9hdXRoX3VzZXJfaWQiOiIxIiwiX2F1dGhfdXNlcl9iYWNrZW5kIjoiZGphbmdvLmNvbnRyaWIuYXV0aC5iYWNrZW5kcy5Nb2RlbEJhY2tlbmQiLCJfYXV0aF91c2VyX2hhc2giOiI4MjRhNzExMzQ1ZmYxNWQwZTgzZTAwNDBjZGEzOGM3NmQ4YmQxOTA3In0=','2019-07-09 15:08:12.511000'),('3lh7p0ui7otrw29it9bmnjyhbym3iu8r','MzVmMTVhOGFkOWYyZDY3NjVjNjYwODc0MjY2MzFhMzFiZjdmN2JmNDp7Il9hdXRoX3VzZXJfaWQiOiIxIiwiX2F1dGhfdXNlcl9iYWNrZW5kIjoiZGphbmdvLmNvbnRyaWIuYXV0aC5iYWNrZW5kcy5Nb2RlbEJhY2tlbmQiLCJfYXV0aF91c2VyX2hhc2giOiJkYzMwODYwMGQ1ZjdlZmQ3OWIxMGQyODI1NjljODczZTk1YmFhZGYwIn0=','2019-10-16 15:56:15.640580'),('3lx3xh028he4icx5ef18zvzbwv5k5di6','YTkxODY0ZTA0OTg1MzMzMDdiMDNjNThkNzU0NTkyZDZhMTBiNTU4Nzp7Il9hdXRoX3VzZXJfaWQiOiIxIiwiX2F1dGhfdXNlcl9iYWNrZW5kIjoiZGphbmdvLmNvbnRyaWIuYXV0aC5iYWNrZW5kcy5Nb2RlbEJhY2tlbmQiLCJfYXV0aF91c2VyX2hhc2giOiI0OGU1ZWQ3MjhlNjhlZGFhYmVlYTU2YWU3MTc3NTE0MGVlZGIwYTg5In0=','2019-12-09 16:33:50.215136'),('3p5bvyzrwgajhfdhpih92ddjytjs0ol2','ZDhhMWI0ZDIzMzdjOTk2ZDgzYTk2MTM5NzA5OWVmNzIwNGQwOTEzOTp7Il9hdXRoX3VzZXJfaWQiOiIxIiwiX2F1dGhfdXNlcl9iYWNrZW5kIjoiZGphbmdvLmNvbnRyaWIuYXV0aC5iYWNrZW5kcy5Nb2RlbEJhY2tlbmQiLCJfYXV0aF91c2VyX2hhc2giOiI4MjRhNzExMzQ1ZmYxNWQwZTgzZTAwNDBjZGEzOGM3NmQ4YmQxOTA3In0=','2019-06-21 19:45:47.483000'),('3qfl1nni6e68xry6lmu9vca2n5g4ve7e','MzVmMTVhOGFkOWYyZDY3NjVjNjYwODc0MjY2MzFhMzFiZjdmN2JmNDp7Il9hdXRoX3VzZXJfaWQiOiIxIiwiX2F1dGhfdXNlcl9iYWNrZW5kIjoiZGphbmdvLmNvbnRyaWIuYXV0aC5iYWNrZW5kcy5Nb2RlbEJhY2tlbmQiLCJfYXV0aF91c2VyX2hhc2giOiJkYzMwODYwMGQ1ZjdlZmQ3OWIxMGQyODI1NjljODczZTk1YmFhZGYwIn0=','2019-08-30 17:16:05.013264'),('3qfzp81a9dtkgwq52xmverlh1d78463h','ZDhhMWI0ZDIzMzdjOTk2ZDgzYTk2MTM5NzA5OWVmNzIwNGQwOTEzOTp7Il9hdXRoX3VzZXJfaWQiOiIxIiwiX2F1dGhfdXNlcl9iYWNrZW5kIjoiZGphbmdvLmNvbnRyaWIuYXV0aC5iYWNrZW5kcy5Nb2RlbEJhY2tlbmQiLCJfYXV0aF91c2VyX2hhc2giOiI4MjRhNzExMzQ1ZmYxNWQwZTgzZTAwNDBjZGEzOGM3NmQ4YmQxOTA3In0=','2019-05-29 17:00:21.388000'),('3sac7bti12q9vtdjqguwmndurs7svneb','MzVmMTVhOGFkOWYyZDY3NjVjNjYwODc0MjY2MzFhMzFiZjdmN2JmNDp7Il9hdXRoX3VzZXJfaWQiOiIxIiwiX2F1dGhfdXNlcl9iYWNrZW5kIjoiZGphbmdvLmNvbnRyaWIuYXV0aC5iYWNrZW5kcy5Nb2RlbEJhY2tlbmQiLCJfYXV0aF91c2VyX2hhc2giOiJkYzMwODYwMGQ1ZjdlZmQ3OWIxMGQyODI1NjljODczZTk1YmFhZGYwIn0=','2019-08-07 19:31:32.374839'),('3seziqoyjw1zl12h3ma3khvhidgp2t0i','ZDhhMWI0ZDIzMzdjOTk2ZDgzYTk2MTM5NzA5OWVmNzIwNGQwOTEzOTp7Il9hdXRoX3VzZXJfaWQiOiIxIiwiX2F1dGhfdXNlcl9iYWNrZW5kIjoiZGphbmdvLmNvbnRyaWIuYXV0aC5iYWNrZW5kcy5Nb2RlbEJhY2tlbmQiLCJfYXV0aF91c2VyX2hhc2giOiI4MjRhNzExMzQ1ZmYxNWQwZTgzZTAwNDBjZGEzOGM3NmQ4YmQxOTA3In0=','2019-07-01 19:40:17.625000'),('3vr8fsengs01g4amenn6bwk80iu36so1','MzVmMTVhOGFkOWYyZDY3NjVjNjYwODc0MjY2MzFhMzFiZjdmN2JmNDp7Il9hdXRoX3VzZXJfaWQiOiIxIiwiX2F1dGhfdXNlcl9iYWNrZW5kIjoiZGphbmdvLmNvbnRyaWIuYXV0aC5iYWNrZW5kcy5Nb2RlbEJhY2tlbmQiLCJfYXV0aF91c2VyX2hhc2giOiJkYzMwODYwMGQ1ZjdlZmQ3OWIxMGQyODI1NjljODczZTk1YmFhZGYwIn0=','2019-08-30 13:31:36.481101'),('3vrs7ltsq7p5lu4uav6xdh4ie387nsqj','YTkxODY0ZTA0OTg1MzMzMDdiMDNjNThkNzU0NTkyZDZhMTBiNTU4Nzp7Il9hdXRoX3VzZXJfaWQiOiIxIiwiX2F1dGhfdXNlcl9iYWNrZW5kIjoiZGphbmdvLmNvbnRyaWIuYXV0aC5iYWNrZW5kcy5Nb2RlbEJhY2tlbmQiLCJfYXV0aF91c2VyX2hhc2giOiI0OGU1ZWQ3MjhlNjhlZGFhYmVlYTU2YWU3MTc3NTE0MGVlZGIwYTg5In0=','2020-01-01 23:33:48.192600'),('3w22azro0t03w68mvddrztaowhif5zdu','MzVmMTVhOGFkOWYyZDY3NjVjNjYwODc0MjY2MzFhMzFiZjdmN2JmNDp7Il9hdXRoX3VzZXJfaWQiOiIxIiwiX2F1dGhfdXNlcl9iYWNrZW5kIjoiZGphbmdvLmNvbnRyaWIuYXV0aC5iYWNrZW5kcy5Nb2RlbEJhY2tlbmQiLCJfYXV0aF91c2VyX2hhc2giOiJkYzMwODYwMGQ1ZjdlZmQ3OWIxMGQyODI1NjljODczZTk1YmFhZGYwIn0=','2019-08-12 07:52:26.200972'),('3z0joksyoh0du2d4qzawys0z1hx0i0nh','MzVmMTVhOGFkOWYyZDY3NjVjNjYwODc0MjY2MzFhMzFiZjdmN2JmNDp7Il9hdXRoX3VzZXJfaWQiOiIxIiwiX2F1dGhfdXNlcl9iYWNrZW5kIjoiZGphbmdvLmNvbnRyaWIuYXV0aC5iYWNrZW5kcy5Nb2RlbEJhY2tlbmQiLCJfYXV0aF91c2VyX2hhc2giOiJkYzMwODYwMGQ1ZjdlZmQ3OWIxMGQyODI1NjljODczZTk1YmFhZGYwIn0=','2019-07-11 14:05:18.750000'),('3z5rybqkcu27hzsw1scz6c35o84b2try','ZDhhMWI0ZDIzMzdjOTk2ZDgzYTk2MTM5NzA5OWVmNzIwNGQwOTEzOTp7Il9hdXRoX3VzZXJfaWQiOiIxIiwiX2F1dGhfdXNlcl9iYWNrZW5kIjoiZGphbmdvLmNvbnRyaWIuYXV0aC5iYWNrZW5kcy5Nb2RlbEJhY2tlbmQiLCJfYXV0aF91c2VyX2hhc2giOiI4MjRhNzExMzQ1ZmYxNWQwZTgzZTAwNDBjZGEzOGM3NmQ4YmQxOTA3In0=','2019-05-01 20:22:43.808000'),('41c4chq0k9fe9bsdfgn6svcfrnxeudnn','MzVmMTVhOGFkOWYyZDY3NjVjNjYwODc0MjY2MzFhMzFiZjdmN2JmNDp7Il9hdXRoX3VzZXJfaWQiOiIxIiwiX2F1dGhfdXNlcl9iYWNrZW5kIjoiZGphbmdvLmNvbnRyaWIuYXV0aC5iYWNrZW5kcy5Nb2RlbEJhY2tlbmQiLCJfYXV0aF91c2VyX2hhc2giOiJkYzMwODYwMGQ1ZjdlZmQ3OWIxMGQyODI1NjljODczZTk1YmFhZGYwIn0=','2019-08-30 17:21:03.918251'),('43ks2of3kfyd2706zul94eqorv6f2xhf','ZDhhMWI0ZDIzMzdjOTk2ZDgzYTk2MTM5NzA5OWVmNzIwNGQwOTEzOTp7Il9hdXRoX3VzZXJfaWQiOiIxIiwiX2F1dGhfdXNlcl9iYWNrZW5kIjoiZGphbmdvLmNvbnRyaWIuYXV0aC5iYWNrZW5kcy5Nb2RlbEJhY2tlbmQiLCJfYXV0aF91c2VyX2hhc2giOiI4MjRhNzExMzQ1ZmYxNWQwZTgzZTAwNDBjZGEzOGM3NmQ4YmQxOTA3In0=','2019-07-04 15:59:43.436000'),('43rzsbo2ccf1tw3ebsptg90r1iqe1c1y','ZDhhMWI0ZDIzMzdjOTk2ZDgzYTk2MTM5NzA5OWVmNzIwNGQwOTEzOTp7Il9hdXRoX3VzZXJfaWQiOiIxIiwiX2F1dGhfdXNlcl9iYWNrZW5kIjoiZGphbmdvLmNvbnRyaWIuYXV0aC5iYWNrZW5kcy5Nb2RlbEJhY2tlbmQiLCJfYXV0aF91c2VyX2hhc2giOiI4MjRhNzExMzQ1ZmYxNWQwZTgzZTAwNDBjZGEzOGM3NmQ4YmQxOTA3In0=','2019-06-28 22:52:38.901000'),('45dur5k3r1xm0voi4i0ag8lovk82ejwt','ZDhhMWI0ZDIzMzdjOTk2ZDgzYTk2MTM5NzA5OWVmNzIwNGQwOTEzOTp7Il9hdXRoX3VzZXJfaWQiOiIxIiwiX2F1dGhfdXNlcl9iYWNrZW5kIjoiZGphbmdvLmNvbnRyaWIuYXV0aC5iYWNrZW5kcy5Nb2RlbEJhY2tlbmQiLCJfYXV0aF91c2VyX2hhc2giOiI4MjRhNzExMzQ1ZmYxNWQwZTgzZTAwNDBjZGEzOGM3NmQ4YmQxOTA3In0=','2019-07-04 21:07:46.191000'),('465m4bue4n3c3y5mazzl02ecbredpwjc','MzVmMTVhOGFkOWYyZDY3NjVjNjYwODc0MjY2MzFhMzFiZjdmN2JmNDp7Il9hdXRoX3VzZXJfaWQiOiIxIiwiX2F1dGhfdXNlcl9iYWNrZW5kIjoiZGphbmdvLmNvbnRyaWIuYXV0aC5iYWNrZW5kcy5Nb2RlbEJhY2tlbmQiLCJfYXV0aF91c2VyX2hhc2giOiJkYzMwODYwMGQ1ZjdlZmQ3OWIxMGQyODI1NjljODczZTk1YmFhZGYwIn0=','2019-07-31 16:11:37.828702'),('48ez3wlnji9jwkcmpay9r6y7vzbxcyqg','MzVmMTVhOGFkOWYyZDY3NjVjNjYwODc0MjY2MzFhMzFiZjdmN2JmNDp7Il9hdXRoX3VzZXJfaWQiOiIxIiwiX2F1dGhfdXNlcl9iYWNrZW5kIjoiZGphbmdvLmNvbnRyaWIuYXV0aC5iYWNrZW5kcy5Nb2RlbEJhY2tlbmQiLCJfYXV0aF91c2VyX2hhc2giOiJkYzMwODYwMGQ1ZjdlZmQ3OWIxMGQyODI1NjljODczZTk1YmFhZGYwIn0=','2019-11-21 20:11:14.655068'),('4duieh77ipguceilu51gos1zwdlwnfzz','YTkxODY0ZTA0OTg1MzMzMDdiMDNjNThkNzU0NTkyZDZhMTBiNTU4Nzp7Il9hdXRoX3VzZXJfaWQiOiIxIiwiX2F1dGhfdXNlcl9iYWNrZW5kIjoiZGphbmdvLmNvbnRyaWIuYXV0aC5iYWNrZW5kcy5Nb2RlbEJhY2tlbmQiLCJfYXV0aF91c2VyX2hhc2giOiI0OGU1ZWQ3MjhlNjhlZGFhYmVlYTU2YWU3MTc3NTE0MGVlZGIwYTg5In0=','2020-05-10 20:24:39.340207'),('4eapghei3hpn8dpi08dyfwdmr3wba6gs','MzVmMTVhOGFkOWYyZDY3NjVjNjYwODc0MjY2MzFhMzFiZjdmN2JmNDp7Il9hdXRoX3VzZXJfaWQiOiIxIiwiX2F1dGhfdXNlcl9iYWNrZW5kIjoiZGphbmdvLmNvbnRyaWIuYXV0aC5iYWNrZW5kcy5Nb2RlbEJhY2tlbmQiLCJfYXV0aF91c2VyX2hhc2giOiJkYzMwODYwMGQ1ZjdlZmQ3OWIxMGQyODI1NjljODczZTk1YmFhZGYwIn0=','2019-10-30 19:17:54.243122'),('4em5nlidximks9iti3mlvhwa86x2hx6g','ZDhhMWI0ZDIzMzdjOTk2ZDgzYTk2MTM5NzA5OWVmNzIwNGQwOTEzOTp7Il9hdXRoX3VzZXJfaWQiOiIxIiwiX2F1dGhfdXNlcl9iYWNrZW5kIjoiZGphbmdvLmNvbnRyaWIuYXV0aC5iYWNrZW5kcy5Nb2RlbEJhY2tlbmQiLCJfYXV0aF91c2VyX2hhc2giOiI4MjRhNzExMzQ1ZmYxNWQwZTgzZTAwNDBjZGEzOGM3NmQ4YmQxOTA3In0=','2019-06-28 21:23:43.174000'),('4g709kq7w1t8scvff8o3pq2t2xoke54n','MzVmMTVhOGFkOWYyZDY3NjVjNjYwODc0MjY2MzFhMzFiZjdmN2JmNDp7Il9hdXRoX3VzZXJfaWQiOiIxIiwiX2F1dGhfdXNlcl9iYWNrZW5kIjoiZGphbmdvLmNvbnRyaWIuYXV0aC5iYWNrZW5kcy5Nb2RlbEJhY2tlbmQiLCJfYXV0aF91c2VyX2hhc2giOiJkYzMwODYwMGQ1ZjdlZmQ3OWIxMGQyODI1NjljODczZTk1YmFhZGYwIn0=','2019-08-12 05:28:08.894038'),('4ieyl2deyaze80w6e07hndphuqiyyy6s','ZDhhMWI0ZDIzMzdjOTk2ZDgzYTk2MTM5NzA5OWVmNzIwNGQwOTEzOTp7Il9hdXRoX3VzZXJfaWQiOiIxIiwiX2F1dGhfdXNlcl9iYWNrZW5kIjoiZGphbmdvLmNvbnRyaWIuYXV0aC5iYWNrZW5kcy5Nb2RlbEJhY2tlbmQiLCJfYXV0aF91c2VyX2hhc2giOiI4MjRhNzExMzQ1ZmYxNWQwZTgzZTAwNDBjZGEzOGM3NmQ4YmQxOTA3In0=','2019-05-20 14:27:26.263000'),('4j7ldli5wfk97hnqyejlhvlmrxe7r33k','MzVmMTVhOGFkOWYyZDY3NjVjNjYwODc0MjY2MzFhMzFiZjdmN2JmNDp7Il9hdXRoX3VzZXJfaWQiOiIxIiwiX2F1dGhfdXNlcl9iYWNrZW5kIjoiZGphbmdvLmNvbnRyaWIuYXV0aC5iYWNrZW5kcy5Nb2RlbEJhY2tlbmQiLCJfYXV0aF91c2VyX2hhc2giOiJkYzMwODYwMGQ1ZjdlZmQ3OWIxMGQyODI1NjljODczZTk1YmFhZGYwIn0=','2019-08-28 04:44:44.268861'),('4l87skld716hwxunnvnomotublhp5s73','ZDhhMWI0ZDIzMzdjOTk2ZDgzYTk2MTM5NzA5OWVmNzIwNGQwOTEzOTp7Il9hdXRoX3VzZXJfaWQiOiIxIiwiX2F1dGhfdXNlcl9iYWNrZW5kIjoiZGphbmdvLmNvbnRyaWIuYXV0aC5iYWNrZW5kcy5Nb2RlbEJhY2tlbmQiLCJfYXV0aF91c2VyX2hhc2giOiI4MjRhNzExMzQ1ZmYxNWQwZTgzZTAwNDBjZGEzOGM3NmQ4YmQxOTA3In0=','2019-07-02 17:56:16.260000'),('4r4d5n8eeefe85ncisdd550trj9tycor','YTkxODY0ZTA0OTg1MzMzMDdiMDNjNThkNzU0NTkyZDZhMTBiNTU4Nzp7Il9hdXRoX3VzZXJfaWQiOiIxIiwiX2F1dGhfdXNlcl9iYWNrZW5kIjoiZGphbmdvLmNvbnRyaWIuYXV0aC5iYWNrZW5kcy5Nb2RlbEJhY2tlbmQiLCJfYXV0aF91c2VyX2hhc2giOiI0OGU1ZWQ3MjhlNjhlZGFhYmVlYTU2YWU3MTc3NTE0MGVlZGIwYTg5In0=','2019-12-09 19:46:50.541007'),('4s9vaiqqts1gtp6vnxh6r43xbi8a9sb9','MzVmMTVhOGFkOWYyZDY3NjVjNjYwODc0MjY2MzFhMzFiZjdmN2JmNDp7Il9hdXRoX3VzZXJfaWQiOiIxIiwiX2F1dGhfdXNlcl9iYWNrZW5kIjoiZGphbmdvLmNvbnRyaWIuYXV0aC5iYWNrZW5kcy5Nb2RlbEJhY2tlbmQiLCJfYXV0aF91c2VyX2hhc2giOiJkYzMwODYwMGQ1ZjdlZmQ3OWIxMGQyODI1NjljODczZTk1YmFhZGYwIn0=','2019-08-28 04:44:44.458301'),('4uoahyy43852kqwh9whi11k8kdb95sa8','MzVmMTVhOGFkOWYyZDY3NjVjNjYwODc0MjY2MzFhMzFiZjdmN2JmNDp7Il9hdXRoX3VzZXJfaWQiOiIxIiwiX2F1dGhfdXNlcl9iYWNrZW5kIjoiZGphbmdvLmNvbnRyaWIuYXV0aC5iYWNrZW5kcy5Nb2RlbEJhY2tlbmQiLCJfYXV0aF91c2VyX2hhc2giOiJkYzMwODYwMGQ1ZjdlZmQ3OWIxMGQyODI1NjljODczZTk1YmFhZGYwIn0=','2019-08-12 06:45:03.791374'),('4xp38irfa229xuvz94feaws7vq8mfoad','ZDhhMWI0ZDIzMzdjOTk2ZDgzYTk2MTM5NzA5OWVmNzIwNGQwOTEzOTp7Il9hdXRoX3VzZXJfaWQiOiIxIiwiX2F1dGhfdXNlcl9iYWNrZW5kIjoiZGphbmdvLmNvbnRyaWIuYXV0aC5iYWNrZW5kcy5Nb2RlbEJhY2tlbmQiLCJfYXV0aF91c2VyX2hhc2giOiI4MjRhNzExMzQ1ZmYxNWQwZTgzZTAwNDBjZGEzOGM3NmQ4YmQxOTA3In0=','2019-07-09 19:44:54.352000'),('4y6jip9glw411q6n4wcjz86qybvlsdnq','ZDhhMWI0ZDIzMzdjOTk2ZDgzYTk2MTM5NzA5OWVmNzIwNGQwOTEzOTp7Il9hdXRoX3VzZXJfaWQiOiIxIiwiX2F1dGhfdXNlcl9iYWNrZW5kIjoiZGphbmdvLmNvbnRyaWIuYXV0aC5iYWNrZW5kcy5Nb2RlbEJhY2tlbmQiLCJfYXV0aF91c2VyX2hhc2giOiI4MjRhNzExMzQ1ZmYxNWQwZTgzZTAwNDBjZGEzOGM3NmQ4YmQxOTA3In0=','2019-07-09 17:37:43.801000'),('50aygo7al8510xxmf22sdw7qehep0fbg','MzVmMTVhOGFkOWYyZDY3NjVjNjYwODc0MjY2MzFhMzFiZjdmN2JmNDp7Il9hdXRoX3VzZXJfaWQiOiIxIiwiX2F1dGhfdXNlcl9iYWNrZW5kIjoiZGphbmdvLmNvbnRyaWIuYXV0aC5iYWNrZW5kcy5Nb2RlbEJhY2tlbmQiLCJfYXV0aF91c2VyX2hhc2giOiJkYzMwODYwMGQ1ZjdlZmQ3OWIxMGQyODI1NjljODczZTk1YmFhZGYwIn0=','2019-07-16 17:11:59.896000'),('52q3qktbz7jv2e8vqp9pm344r4r49mxz','MzVmMTVhOGFkOWYyZDY3NjVjNjYwODc0MjY2MzFhMzFiZjdmN2JmNDp7Il9hdXRoX3VzZXJfaWQiOiIxIiwiX2F1dGhfdXNlcl9iYWNrZW5kIjoiZGphbmdvLmNvbnRyaWIuYXV0aC5iYWNrZW5kcy5Nb2RlbEJhY2tlbmQiLCJfYXV0aF91c2VyX2hhc2giOiJkYzMwODYwMGQ1ZjdlZmQ3OWIxMGQyODI1NjljODczZTk1YmFhZGYwIn0=','2019-08-29 21:14:15.536902'),('543ohe349qwzchhe3nbfo7759p59y6jx','MzVmMTVhOGFkOWYyZDY3NjVjNjYwODc0MjY2MzFhMzFiZjdmN2JmNDp7Il9hdXRoX3VzZXJfaWQiOiIxIiwiX2F1dGhfdXNlcl9iYWNrZW5kIjoiZGphbmdvLmNvbnRyaWIuYXV0aC5iYWNrZW5kcy5Nb2RlbEJhY2tlbmQiLCJfYXV0aF91c2VyX2hhc2giOiJkYzMwODYwMGQ1ZjdlZmQ3OWIxMGQyODI1NjljODczZTk1YmFhZGYwIn0=','2019-08-12 05:52:56.856514'),('5bt25ns81cfbqrbie56sna9zci6pxn7m','MzVmMTVhOGFkOWYyZDY3NjVjNjYwODc0MjY2MzFhMzFiZjdmN2JmNDp7Il9hdXRoX3VzZXJfaWQiOiIxIiwiX2F1dGhfdXNlcl9iYWNrZW5kIjoiZGphbmdvLmNvbnRyaWIuYXV0aC5iYWNrZW5kcy5Nb2RlbEJhY2tlbmQiLCJfYXV0aF91c2VyX2hhc2giOiJkYzMwODYwMGQ1ZjdlZmQ3OWIxMGQyODI1NjljODczZTk1YmFhZGYwIn0=','2019-08-01 17:22:09.093271'),('5enrkl6qe1kxxch5z7do7pd8ovp85zny','MzVmMTVhOGFkOWYyZDY3NjVjNjYwODc0MjY2MzFhMzFiZjdmN2JmNDp7Il9hdXRoX3VzZXJfaWQiOiIxIiwiX2F1dGhfdXNlcl9iYWNrZW5kIjoiZGphbmdvLmNvbnRyaWIuYXV0aC5iYWNrZW5kcy5Nb2RlbEJhY2tlbmQiLCJfYXV0aF91c2VyX2hhc2giOiJkYzMwODYwMGQ1ZjdlZmQ3OWIxMGQyODI1NjljODczZTk1YmFhZGYwIn0=','2019-11-14 22:43:02.264963'),('5fy4ijx0l744p0tr6qthlbuh5wuddx81','MzVmMTVhOGFkOWYyZDY3NjVjNjYwODc0MjY2MzFhMzFiZjdmN2JmNDp7Il9hdXRoX3VzZXJfaWQiOiIxIiwiX2F1dGhfdXNlcl9iYWNrZW5kIjoiZGphbmdvLmNvbnRyaWIuYXV0aC5iYWNrZW5kcy5Nb2RlbEJhY2tlbmQiLCJfYXV0aF91c2VyX2hhc2giOiJkYzMwODYwMGQ1ZjdlZmQ3OWIxMGQyODI1NjljODczZTk1YmFhZGYwIn0=','2019-11-01 15:11:43.309736'),('5izbswug808tfjbjd9me53dd4h4a0sgf','ZDhhMWI0ZDIzMzdjOTk2ZDgzYTk2MTM5NzA5OWVmNzIwNGQwOTEzOTp7Il9hdXRoX3VzZXJfaWQiOiIxIiwiX2F1dGhfdXNlcl9iYWNrZW5kIjoiZGphbmdvLmNvbnRyaWIuYXV0aC5iYWNrZW5kcy5Nb2RlbEJhY2tlbmQiLCJfYXV0aF91c2VyX2hhc2giOiI4MjRhNzExMzQ1ZmYxNWQwZTgzZTAwNDBjZGEzOGM3NmQ4YmQxOTA3In0=','2019-06-05 18:42:07.004000'),('5kxnj7xkhhqq2jv67xtuqbb9lm4xf8yo','ZDhhMWI0ZDIzMzdjOTk2ZDgzYTk2MTM5NzA5OWVmNzIwNGQwOTEzOTp7Il9hdXRoX3VzZXJfaWQiOiIxIiwiX2F1dGhfdXNlcl9iYWNrZW5kIjoiZGphbmdvLmNvbnRyaWIuYXV0aC5iYWNrZW5kcy5Nb2RlbEJhY2tlbmQiLCJfYXV0aF91c2VyX2hhc2giOiI4MjRhNzExMzQ1ZmYxNWQwZTgzZTAwNDBjZGEzOGM3NmQ4YmQxOTA3In0=','2019-07-05 17:12:41.654000'),('5mao12ugml2kqcl8inn66v8qx0p0nb99','ZDhhMWI0ZDIzMzdjOTk2ZDgzYTk2MTM5NzA5OWVmNzIwNGQwOTEzOTp7Il9hdXRoX3VzZXJfaWQiOiIxIiwiX2F1dGhfdXNlcl9iYWNrZW5kIjoiZGphbmdvLmNvbnRyaWIuYXV0aC5iYWNrZW5kcy5Nb2RlbEJhY2tlbmQiLCJfYXV0aF91c2VyX2hhc2giOiI4MjRhNzExMzQ1ZmYxNWQwZTgzZTAwNDBjZGEzOGM3NmQ4YmQxOTA3In0=','2019-06-20 22:13:27.181000'),('5oke58ugmuac4626rc745hwf7vebnq8s','ZDhhMWI0ZDIzMzdjOTk2ZDgzYTk2MTM5NzA5OWVmNzIwNGQwOTEzOTp7Il9hdXRoX3VzZXJfaWQiOiIxIiwiX2F1dGhfdXNlcl9iYWNrZW5kIjoiZGphbmdvLmNvbnRyaWIuYXV0aC5iYWNrZW5kcy5Nb2RlbEJhY2tlbmQiLCJfYXV0aF91c2VyX2hhc2giOiI4MjRhNzExMzQ1ZmYxNWQwZTgzZTAwNDBjZGEzOGM3NmQ4YmQxOTA3In0=','2019-05-20 15:52:52.255000'),('5pmzsf27onh3perszxtjmfkoq4e6w49g','MzVmMTVhOGFkOWYyZDY3NjVjNjYwODc0MjY2MzFhMzFiZjdmN2JmNDp7Il9hdXRoX3VzZXJfaWQiOiIxIiwiX2F1dGhfdXNlcl9iYWNrZW5kIjoiZGphbmdvLmNvbnRyaWIuYXV0aC5iYWNrZW5kcy5Nb2RlbEJhY2tlbmQiLCJfYXV0aF91c2VyX2hhc2giOiJkYzMwODYwMGQ1ZjdlZmQ3OWIxMGQyODI1NjljODczZTk1YmFhZGYwIn0=','2019-08-26 20:56:37.328140'),('5q1co5x0h6ovwz25u5tmiq25mi2n5ofg','ZDhhMWI0ZDIzMzdjOTk2ZDgzYTk2MTM5NzA5OWVmNzIwNGQwOTEzOTp7Il9hdXRoX3VzZXJfaWQiOiIxIiwiX2F1dGhfdXNlcl9iYWNrZW5kIjoiZGphbmdvLmNvbnRyaWIuYXV0aC5iYWNrZW5kcy5Nb2RlbEJhY2tlbmQiLCJfYXV0aF91c2VyX2hhc2giOiI4MjRhNzExMzQ1ZmYxNWQwZTgzZTAwNDBjZGEzOGM3NmQ4YmQxOTA3In0=','2019-06-25 16:23:58.791000'),('5qkis6xthw0pkkn1ohw01mla52lp8n1y','MzVmMTVhOGFkOWYyZDY3NjVjNjYwODc0MjY2MzFhMzFiZjdmN2JmNDp7Il9hdXRoX3VzZXJfaWQiOiIxIiwiX2F1dGhfdXNlcl9iYWNrZW5kIjoiZGphbmdvLmNvbnRyaWIuYXV0aC5iYWNrZW5kcy5Nb2RlbEJhY2tlbmQiLCJfYXV0aF91c2VyX2hhc2giOiJkYzMwODYwMGQ1ZjdlZmQ3OWIxMGQyODI1NjljODczZTk1YmFhZGYwIn0=','2019-06-25 20:08:10.897000'),('5uo923iqm8djtjylaqr8k907f4kbyfrz','ZDhhMWI0ZDIzMzdjOTk2ZDgzYTk2MTM5NzA5OWVmNzIwNGQwOTEzOTp7Il9hdXRoX3VzZXJfaWQiOiIxIiwiX2F1dGhfdXNlcl9iYWNrZW5kIjoiZGphbmdvLmNvbnRyaWIuYXV0aC5iYWNrZW5kcy5Nb2RlbEJhY2tlbmQiLCJfYXV0aF91c2VyX2hhc2giOiI4MjRhNzExMzQ1ZmYxNWQwZTgzZTAwNDBjZGEzOGM3NmQ4YmQxOTA3In0=','2019-06-26 13:31:58.066000'),('5wcx22knv1v49hck71myve2so0yphkin','MzVmMTVhOGFkOWYyZDY3NjVjNjYwODc0MjY2MzFhMzFiZjdmN2JmNDp7Il9hdXRoX3VzZXJfaWQiOiIxIiwiX2F1dGhfdXNlcl9iYWNrZW5kIjoiZGphbmdvLmNvbnRyaWIuYXV0aC5iYWNrZW5kcy5Nb2RlbEJhY2tlbmQiLCJfYXV0aF91c2VyX2hhc2giOiJkYzMwODYwMGQ1ZjdlZmQ3OWIxMGQyODI1NjljODczZTk1YmFhZGYwIn0=','2019-08-01 17:34:00.404716'),('5z8tkhdt3dfu6jtsve51v67ezfhe09cu','ZDhhMWI0ZDIzMzdjOTk2ZDgzYTk2MTM5NzA5OWVmNzIwNGQwOTEzOTp7Il9hdXRoX3VzZXJfaWQiOiIxIiwiX2F1dGhfdXNlcl9iYWNrZW5kIjoiZGphbmdvLmNvbnRyaWIuYXV0aC5iYWNrZW5kcy5Nb2RlbEJhY2tlbmQiLCJfYXV0aF91c2VyX2hhc2giOiI4MjRhNzExMzQ1ZmYxNWQwZTgzZTAwNDBjZGEzOGM3NmQ4YmQxOTA3In0=','2019-07-05 20:11:01.085000'),('60v2myxq3ai99znfr9z07pe0bc1bce0s','MzVmMTVhOGFkOWYyZDY3NjVjNjYwODc0MjY2MzFhMzFiZjdmN2JmNDp7Il9hdXRoX3VzZXJfaWQiOiIxIiwiX2F1dGhfdXNlcl9iYWNrZW5kIjoiZGphbmdvLmNvbnRyaWIuYXV0aC5iYWNrZW5kcy5Nb2RlbEJhY2tlbmQiLCJfYXV0aF91c2VyX2hhc2giOiJkYzMwODYwMGQ1ZjdlZmQ3OWIxMGQyODI1NjljODczZTk1YmFhZGYwIn0=','2019-08-12 05:53:01.528609'),('610vpzlx7vqgv3qilnewyndsmouvlgji','MzVmMTVhOGFkOWYyZDY3NjVjNjYwODc0MjY2MzFhMzFiZjdmN2JmNDp7Il9hdXRoX3VzZXJfaWQiOiIxIiwiX2F1dGhfdXNlcl9iYWNrZW5kIjoiZGphbmdvLmNvbnRyaWIuYXV0aC5iYWNrZW5kcy5Nb2RlbEJhY2tlbmQiLCJfYXV0aF91c2VyX2hhc2giOiJkYzMwODYwMGQ1ZjdlZmQ3OWIxMGQyODI1NjljODczZTk1YmFhZGYwIn0=','2019-07-16 17:10:40.970000'),('621wxnql6kgb2bwhbrv6wg4flnzd8ngs','MzVmMTVhOGFkOWYyZDY3NjVjNjYwODc0MjY2MzFhMzFiZjdmN2JmNDp7Il9hdXRoX3VzZXJfaWQiOiIxIiwiX2F1dGhfdXNlcl9iYWNrZW5kIjoiZGphbmdvLmNvbnRyaWIuYXV0aC5iYWNrZW5kcy5Nb2RlbEJhY2tlbmQiLCJfYXV0aF91c2VyX2hhc2giOiJkYzMwODYwMGQ1ZjdlZmQ3OWIxMGQyODI1NjljODczZTk1YmFhZGYwIn0=','2019-08-26 20:56:29.199338'),('62xc2193k4enxrbnbz6fm7c9rlcqodlj','MzVmMTVhOGFkOWYyZDY3NjVjNjYwODc0MjY2MzFhMzFiZjdmN2JmNDp7Il9hdXRoX3VzZXJfaWQiOiIxIiwiX2F1dGhfdXNlcl9iYWNrZW5kIjoiZGphbmdvLmNvbnRyaWIuYXV0aC5iYWNrZW5kcy5Nb2RlbEJhY2tlbmQiLCJfYXV0aF91c2VyX2hhc2giOiJkYzMwODYwMGQ1ZjdlZmQ3OWIxMGQyODI1NjljODczZTk1YmFhZGYwIn0=','2019-09-03 21:03:04.555677'),('63qazsrkyyznlomsh0kachzda87du24m','ZDhhMWI0ZDIzMzdjOTk2ZDgzYTk2MTM5NzA5OWVmNzIwNGQwOTEzOTp7Il9hdXRoX3VzZXJfaWQiOiIxIiwiX2F1dGhfdXNlcl9iYWNrZW5kIjoiZGphbmdvLmNvbnRyaWIuYXV0aC5iYWNrZW5kcy5Nb2RlbEJhY2tlbmQiLCJfYXV0aF91c2VyX2hhc2giOiI4MjRhNzExMzQ1ZmYxNWQwZTgzZTAwNDBjZGEzOGM3NmQ4YmQxOTA3In0=','2019-05-01 22:43:50.913000'),('66281lc31z8t86po4090zsfoxhxj81vk','MzVmMTVhOGFkOWYyZDY3NjVjNjYwODc0MjY2MzFhMzFiZjdmN2JmNDp7Il9hdXRoX3VzZXJfaWQiOiIxIiwiX2F1dGhfdXNlcl9iYWNrZW5kIjoiZGphbmdvLmNvbnRyaWIuYXV0aC5iYWNrZW5kcy5Nb2RlbEJhY2tlbmQiLCJfYXV0aF91c2VyX2hhc2giOiJkYzMwODYwMGQ1ZjdlZmQ3OWIxMGQyODI1NjljODczZTk1YmFhZGYwIn0=','2019-08-01 17:00:16.352640'),('6b5mj2hvsm7e49evj7j3dyj0bxq65osg','MzVmMTVhOGFkOWYyZDY3NjVjNjYwODc0MjY2MzFhMzFiZjdmN2JmNDp7Il9hdXRoX3VzZXJfaWQiOiIxIiwiX2F1dGhfdXNlcl9iYWNrZW5kIjoiZGphbmdvLmNvbnRyaWIuYXV0aC5iYWNrZW5kcy5Nb2RlbEJhY2tlbmQiLCJfYXV0aF91c2VyX2hhc2giOiJkYzMwODYwMGQ1ZjdlZmQ3OWIxMGQyODI1NjljODczZTk1YmFhZGYwIn0=','2019-07-09 20:15:39.525000'),('6e6dtio0grj1s262tqsw2ksvhe2h99ng','MzVmMTVhOGFkOWYyZDY3NjVjNjYwODc0MjY2MzFhMzFiZjdmN2JmNDp7Il9hdXRoX3VzZXJfaWQiOiIxIiwiX2F1dGhfdXNlcl9iYWNrZW5kIjoiZGphbmdvLmNvbnRyaWIuYXV0aC5iYWNrZW5kcy5Nb2RlbEJhY2tlbmQiLCJfYXV0aF91c2VyX2hhc2giOiJkYzMwODYwMGQ1ZjdlZmQ3OWIxMGQyODI1NjljODczZTk1YmFhZGYwIn0=','2019-08-07 19:31:47.367997'),('6etzdy5nsfex78a8cnr3wvz9a33rdlpf','MzVmMTVhOGFkOWYyZDY3NjVjNjYwODc0MjY2MzFhMzFiZjdmN2JmNDp7Il9hdXRoX3VzZXJfaWQiOiIxIiwiX2F1dGhfdXNlcl9iYWNrZW5kIjoiZGphbmdvLmNvbnRyaWIuYXV0aC5iYWNrZW5kcy5Nb2RlbEJhY2tlbmQiLCJfYXV0aF91c2VyX2hhc2giOiJkYzMwODYwMGQ1ZjdlZmQ3OWIxMGQyODI1NjljODczZTk1YmFhZGYwIn0=','2019-10-05 18:41:41.647962'),('6htogj0nw2a99wcv70lyzzr5v02olh3d','MzVmMTVhOGFkOWYyZDY3NjVjNjYwODc0MjY2MzFhMzFiZjdmN2JmNDp7Il9hdXRoX3VzZXJfaWQiOiIxIiwiX2F1dGhfdXNlcl9iYWNrZW5kIjoiZGphbmdvLmNvbnRyaWIuYXV0aC5iYWNrZW5kcy5Nb2RlbEJhY2tlbmQiLCJfYXV0aF91c2VyX2hhc2giOiJkYzMwODYwMGQ1ZjdlZmQ3OWIxMGQyODI1NjljODczZTk1YmFhZGYwIn0=','2019-11-19 13:11:42.270718'),('6ig7yhbd4u3glpovb37o5nb0umpqb7ra','MzVmMTVhOGFkOWYyZDY3NjVjNjYwODc0MjY2MzFhMzFiZjdmN2JmNDp7Il9hdXRoX3VzZXJfaWQiOiIxIiwiX2F1dGhfdXNlcl9iYWNrZW5kIjoiZGphbmdvLmNvbnRyaWIuYXV0aC5iYWNrZW5kcy5Nb2RlbEJhY2tlbmQiLCJfYXV0aF91c2VyX2hhc2giOiJkYzMwODYwMGQ1ZjdlZmQ3OWIxMGQyODI1NjljODczZTk1YmFhZGYwIn0=','2019-11-19 15:56:31.929751'),('6ituc7gqp2qsip4374kr0cwp5wzj1dqx','ZDhhMWI0ZDIzMzdjOTk2ZDgzYTk2MTM5NzA5OWVmNzIwNGQwOTEzOTp7Il9hdXRoX3VzZXJfaWQiOiIxIiwiX2F1dGhfdXNlcl9iYWNrZW5kIjoiZGphbmdvLmNvbnRyaWIuYXV0aC5iYWNrZW5kcy5Nb2RlbEJhY2tlbmQiLCJfYXV0aF91c2VyX2hhc2giOiI4MjRhNzExMzQ1ZmYxNWQwZTgzZTAwNDBjZGEzOGM3NmQ4YmQxOTA3In0=','2019-05-01 19:07:13.698000'),('6jw8vsyzft0zja2g5rzw4r287tp2kzix','MzVmMTVhOGFkOWYyZDY3NjVjNjYwODc0MjY2MzFhMzFiZjdmN2JmNDp7Il9hdXRoX3VzZXJfaWQiOiIxIiwiX2F1dGhfdXNlcl9iYWNrZW5kIjoiZGphbmdvLmNvbnRyaWIuYXV0aC5iYWNrZW5kcy5Nb2RlbEJhY2tlbmQiLCJfYXV0aF91c2VyX2hhc2giOiJkYzMwODYwMGQ1ZjdlZmQ3OWIxMGQyODI1NjljODczZTk1YmFhZGYwIn0=','2019-07-10 15:06:14.529000'),('6ljhf4nyrsiyv0cw0s4ngz73wwxjsk3b','MzVmMTVhOGFkOWYyZDY3NjVjNjYwODc0MjY2MzFhMzFiZjdmN2JmNDp7Il9hdXRoX3VzZXJfaWQiOiIxIiwiX2F1dGhfdXNlcl9iYWNrZW5kIjoiZGphbmdvLmNvbnRyaWIuYXV0aC5iYWNrZW5kcy5Nb2RlbEJhY2tlbmQiLCJfYXV0aF91c2VyX2hhc2giOiJkYzMwODYwMGQ1ZjdlZmQ3OWIxMGQyODI1NjljODczZTk1YmFhZGYwIn0=','2019-08-05 19:41:04.355053'),('6llzbkijzi3s2a5ags0htco5nolvpp6t','MzVmMTVhOGFkOWYyZDY3NjVjNjYwODc0MjY2MzFhMzFiZjdmN2JmNDp7Il9hdXRoX3VzZXJfaWQiOiIxIiwiX2F1dGhfdXNlcl9iYWNrZW5kIjoiZGphbmdvLmNvbnRyaWIuYXV0aC5iYWNrZW5kcy5Nb2RlbEJhY2tlbmQiLCJfYXV0aF91c2VyX2hhc2giOiJkYzMwODYwMGQ1ZjdlZmQ3OWIxMGQyODI1NjljODczZTk1YmFhZGYwIn0=','2019-11-22 13:32:51.899566'),('6q7hw2yssdvc0fl7cy2792e2hs0mqcjf','YTkxODY0ZTA0OTg1MzMzMDdiMDNjNThkNzU0NTkyZDZhMTBiNTU4Nzp7Il9hdXRoX3VzZXJfaWQiOiIxIiwiX2F1dGhfdXNlcl9iYWNrZW5kIjoiZGphbmdvLmNvbnRyaWIuYXV0aC5iYWNrZW5kcy5Nb2RlbEJhY2tlbmQiLCJfYXV0aF91c2VyX2hhc2giOiI0OGU1ZWQ3MjhlNjhlZGFhYmVlYTU2YWU3MTc3NTE0MGVlZGIwYTg5In0=','2019-12-11 01:37:36.243866'),('6qqkl7a97dm5iomw9xv53scq0unj5zt6','YTkxODY0ZTA0OTg1MzMzMDdiMDNjNThkNzU0NTkyZDZhMTBiNTU4Nzp7Il9hdXRoX3VzZXJfaWQiOiIxIiwiX2F1dGhfdXNlcl9iYWNrZW5kIjoiZGphbmdvLmNvbnRyaWIuYXV0aC5iYWNrZW5kcy5Nb2RlbEJhY2tlbmQiLCJfYXV0aF91c2VyX2hhc2giOiI0OGU1ZWQ3MjhlNjhlZGFhYmVlYTU2YWU3MTc3NTE0MGVlZGIwYTg5In0=','2020-02-06 14:17:41.161388'),('6rpyy0356mol42hn572pptf1p00g1gon','ZDhhMWI0ZDIzMzdjOTk2ZDgzYTk2MTM5NzA5OWVmNzIwNGQwOTEzOTp7Il9hdXRoX3VzZXJfaWQiOiIxIiwiX2F1dGhfdXNlcl9iYWNrZW5kIjoiZGphbmdvLmNvbnRyaWIuYXV0aC5iYWNrZW5kcy5Nb2RlbEJhY2tlbmQiLCJfYXV0aF91c2VyX2hhc2giOiI4MjRhNzExMzQ1ZmYxNWQwZTgzZTAwNDBjZGEzOGM3NmQ4YmQxOTA3In0=','2019-06-25 20:46:33.722000'),('6sxt825ri69t59s32v9vegbjt6idm05j','MzVmMTVhOGFkOWYyZDY3NjVjNjYwODc0MjY2MzFhMzFiZjdmN2JmNDp7Il9hdXRoX3VzZXJfaWQiOiIxIiwiX2F1dGhfdXNlcl9iYWNrZW5kIjoiZGphbmdvLmNvbnRyaWIuYXV0aC5iYWNrZW5kcy5Nb2RlbEJhY2tlbmQiLCJfYXV0aF91c2VyX2hhc2giOiJkYzMwODYwMGQ1ZjdlZmQ3OWIxMGQyODI1NjljODczZTk1YmFhZGYwIn0=','2019-07-25 22:20:06.728474'),('6taeb8s9bdcb9uyzpz5mke74a6bi5x7u','ZDhhMWI0ZDIzMzdjOTk2ZDgzYTk2MTM5NzA5OWVmNzIwNGQwOTEzOTp7Il9hdXRoX3VzZXJfaWQiOiIxIiwiX2F1dGhfdXNlcl9iYWNrZW5kIjoiZGphbmdvLmNvbnRyaWIuYXV0aC5iYWNrZW5kcy5Nb2RlbEJhY2tlbmQiLCJfYXV0aF91c2VyX2hhc2giOiI4MjRhNzExMzQ1ZmYxNWQwZTgzZTAwNDBjZGEzOGM3NmQ4YmQxOTA3In0=','2019-07-03 21:10:36.982000'),('709rzw8o6ts2d2p6cdt0llx1dt0eaoze','MzVmMTVhOGFkOWYyZDY3NjVjNjYwODc0MjY2MzFhMzFiZjdmN2JmNDp7Il9hdXRoX3VzZXJfaWQiOiIxIiwiX2F1dGhfdXNlcl9iYWNrZW5kIjoiZGphbmdvLmNvbnRyaWIuYXV0aC5iYWNrZW5kcy5Nb2RlbEJhY2tlbmQiLCJfYXV0aF91c2VyX2hhc2giOiJkYzMwODYwMGQ1ZjdlZmQ3OWIxMGQyODI1NjljODczZTk1YmFhZGYwIn0=','2019-11-14 19:43:53.468452'),('7156fb5lqchfd1o6ja2dacbod2r59hkc','MzVmMTVhOGFkOWYyZDY3NjVjNjYwODc0MjY2MzFhMzFiZjdmN2JmNDp7Il9hdXRoX3VzZXJfaWQiOiIxIiwiX2F1dGhfdXNlcl9iYWNrZW5kIjoiZGphbmdvLmNvbnRyaWIuYXV0aC5iYWNrZW5kcy5Nb2RlbEJhY2tlbmQiLCJfYXV0aF91c2VyX2hhc2giOiJkYzMwODYwMGQ1ZjdlZmQ3OWIxMGQyODI1NjljODczZTk1YmFhZGYwIn0=','2019-07-12 19:47:13.696000'),('721eg301oe6nm99otpqe02k97mmz5owt','ZDhhMWI0ZDIzMzdjOTk2ZDgzYTk2MTM5NzA5OWVmNzIwNGQwOTEzOTp7Il9hdXRoX3VzZXJfaWQiOiIxIiwiX2F1dGhfdXNlcl9iYWNrZW5kIjoiZGphbmdvLmNvbnRyaWIuYXV0aC5iYWNrZW5kcy5Nb2RlbEJhY2tlbmQiLCJfYXV0aF91c2VyX2hhc2giOiI4MjRhNzExMzQ1ZmYxNWQwZTgzZTAwNDBjZGEzOGM3NmQ4YmQxOTA3In0=','2019-07-09 15:10:18.469000'),('72gby5ar7ng8bugidggusmxuga5tqyai','ZDhhMWI0ZDIzMzdjOTk2ZDgzYTk2MTM5NzA5OWVmNzIwNGQwOTEzOTp7Il9hdXRoX3VzZXJfaWQiOiIxIiwiX2F1dGhfdXNlcl9iYWNrZW5kIjoiZGphbmdvLmNvbnRyaWIuYXV0aC5iYWNrZW5kcy5Nb2RlbEJhY2tlbmQiLCJfYXV0aF91c2VyX2hhc2giOiI4MjRhNzExMzQ1ZmYxNWQwZTgzZTAwNDBjZGEzOGM3NmQ4YmQxOTA3In0=','2019-06-20 22:08:46.930000'),('72nkaru9j2homrw3xakr1erigngrp94r','ZDhhMWI0ZDIzMzdjOTk2ZDgzYTk2MTM5NzA5OWVmNzIwNGQwOTEzOTp7Il9hdXRoX3VzZXJfaWQiOiIxIiwiX2F1dGhfdXNlcl9iYWNrZW5kIjoiZGphbmdvLmNvbnRyaWIuYXV0aC5iYWNrZW5kcy5Nb2RlbEJhY2tlbmQiLCJfYXV0aF91c2VyX2hhc2giOiI4MjRhNzExMzQ1ZmYxNWQwZTgzZTAwNDBjZGEzOGM3NmQ4YmQxOTA3In0=','2019-07-05 21:48:01.372000'),('72ptzehma84nksucf64r2cbg55hpgggp','MzVmMTVhOGFkOWYyZDY3NjVjNjYwODc0MjY2MzFhMzFiZjdmN2JmNDp7Il9hdXRoX3VzZXJfaWQiOiIxIiwiX2F1dGhfdXNlcl9iYWNrZW5kIjoiZGphbmdvLmNvbnRyaWIuYXV0aC5iYWNrZW5kcy5Nb2RlbEJhY2tlbmQiLCJfYXV0aF91c2VyX2hhc2giOiJkYzMwODYwMGQ1ZjdlZmQ3OWIxMGQyODI1NjljODczZTk1YmFhZGYwIn0=','2019-08-04 16:20:45.629117'),('74ndw4qgfhoyz9xaxd4sdyh6ktx322or','MzVmMTVhOGFkOWYyZDY3NjVjNjYwODc0MjY2MzFhMzFiZjdmN2JmNDp7Il9hdXRoX3VzZXJfaWQiOiIxIiwiX2F1dGhfdXNlcl9iYWNrZW5kIjoiZGphbmdvLmNvbnRyaWIuYXV0aC5iYWNrZW5kcy5Nb2RlbEJhY2tlbmQiLCJfYXV0aF91c2VyX2hhc2giOiJkYzMwODYwMGQ1ZjdlZmQ3OWIxMGQyODI1NjljODczZTk1YmFhZGYwIn0=','2019-07-29 20:03:19.189953'),('76gtvqig8nyii3ob3nzybvpmpuefby03','ZDhhMWI0ZDIzMzdjOTk2ZDgzYTk2MTM5NzA5OWVmNzIwNGQwOTEzOTp7Il9hdXRoX3VzZXJfaWQiOiIxIiwiX2F1dGhfdXNlcl9iYWNrZW5kIjoiZGphbmdvLmNvbnRyaWIuYXV0aC5iYWNrZW5kcy5Nb2RlbEJhY2tlbmQiLCJfYXV0aF91c2VyX2hhc2giOiI4MjRhNzExMzQ1ZmYxNWQwZTgzZTAwNDBjZGEzOGM3NmQ4YmQxOTA3In0=','2019-07-05 21:47:30.484000'),('76u1p7bzxrlshipaiiwx1d572lruzdlc','ZDhhMWI0ZDIzMzdjOTk2ZDgzYTk2MTM5NzA5OWVmNzIwNGQwOTEzOTp7Il9hdXRoX3VzZXJfaWQiOiIxIiwiX2F1dGhfdXNlcl9iYWNrZW5kIjoiZGphbmdvLmNvbnRyaWIuYXV0aC5iYWNrZW5kcy5Nb2RlbEJhY2tlbmQiLCJfYXV0aF91c2VyX2hhc2giOiI4MjRhNzExMzQ1ZmYxNWQwZTgzZTAwNDBjZGEzOGM3NmQ4YmQxOTA3In0=','2019-07-05 21:48:38.657000'),('77eueseaol21ib3ug92p2k7t8uxtmbtj','MzVmMTVhOGFkOWYyZDY3NjVjNjYwODc0MjY2MzFhMzFiZjdmN2JmNDp7Il9hdXRoX3VzZXJfaWQiOiIxIiwiX2F1dGhfdXNlcl9iYWNrZW5kIjoiZGphbmdvLmNvbnRyaWIuYXV0aC5iYWNrZW5kcy5Nb2RlbEJhY2tlbmQiLCJfYXV0aF91c2VyX2hhc2giOiJkYzMwODYwMGQ1ZjdlZmQ3OWIxMGQyODI1NjljODczZTk1YmFhZGYwIn0=','2019-08-26 20:54:25.807342'),('7ar88wyzf4yzmiaddl717pumfu8u0pdg','ZDhhMWI0ZDIzMzdjOTk2ZDgzYTk2MTM5NzA5OWVmNzIwNGQwOTEzOTp7Il9hdXRoX3VzZXJfaWQiOiIxIiwiX2F1dGhfdXNlcl9iYWNrZW5kIjoiZGphbmdvLmNvbnRyaWIuYXV0aC5iYWNrZW5kcy5Nb2RlbEJhY2tlbmQiLCJfYXV0aF91c2VyX2hhc2giOiI4MjRhNzExMzQ1ZmYxNWQwZTgzZTAwNDBjZGEzOGM3NmQ4YmQxOTA3In0=','2019-05-17 20:24:17.031000'),('7c13pxj1mf6hdzgph2tt0zpe7xruzdkx','MzVmMTVhOGFkOWYyZDY3NjVjNjYwODc0MjY2MzFhMzFiZjdmN2JmNDp7Il9hdXRoX3VzZXJfaWQiOiIxIiwiX2F1dGhfdXNlcl9iYWNrZW5kIjoiZGphbmdvLmNvbnRyaWIuYXV0aC5iYWNrZW5kcy5Nb2RlbEJhY2tlbmQiLCJfYXV0aF91c2VyX2hhc2giOiJkYzMwODYwMGQ1ZjdlZmQ3OWIxMGQyODI1NjljODczZTk1YmFhZGYwIn0=','2019-08-29 21:29:16.702996'),('7e7fmkxbcr43flv8st0fddf3y8jb5fh6','MzVmMTVhOGFkOWYyZDY3NjVjNjYwODc0MjY2MzFhMzFiZjdmN2JmNDp7Il9hdXRoX3VzZXJfaWQiOiIxIiwiX2F1dGhfdXNlcl9iYWNrZW5kIjoiZGphbmdvLmNvbnRyaWIuYXV0aC5iYWNrZW5kcy5Nb2RlbEJhY2tlbmQiLCJfYXV0aF91c2VyX2hhc2giOiJkYzMwODYwMGQ1ZjdlZmQ3OWIxMGQyODI1NjljODczZTk1YmFhZGYwIn0=','2019-08-05 21:38:29.075382'),('7etpsddsww54347he34ad5ejyoyjgxhk','MzVmMTVhOGFkOWYyZDY3NjVjNjYwODc0MjY2MzFhMzFiZjdmN2JmNDp7Il9hdXRoX3VzZXJfaWQiOiIxIiwiX2F1dGhfdXNlcl9iYWNrZW5kIjoiZGphbmdvLmNvbnRyaWIuYXV0aC5iYWNrZW5kcy5Nb2RlbEJhY2tlbmQiLCJfYXV0aF91c2VyX2hhc2giOiJkYzMwODYwMGQ1ZjdlZmQ3OWIxMGQyODI1NjljODczZTk1YmFhZGYwIn0=','2019-09-03 20:07:22.326536'),('7fcpghf360su71u5ocnkpna4aqphx5dh','MzVmMTVhOGFkOWYyZDY3NjVjNjYwODc0MjY2MzFhMzFiZjdmN2JmNDp7Il9hdXRoX3VzZXJfaWQiOiIxIiwiX2F1dGhfdXNlcl9iYWNrZW5kIjoiZGphbmdvLmNvbnRyaWIuYXV0aC5iYWNrZW5kcy5Nb2RlbEJhY2tlbmQiLCJfYXV0aF91c2VyX2hhc2giOiJkYzMwODYwMGQ1ZjdlZmQ3OWIxMGQyODI1NjljODczZTk1YmFhZGYwIn0=','2019-07-16 17:09:10.468000'),('7hkl8ueqbuzfesunxwq8v0zwfxucl82x','M2RhMjU0YzA1YzhmMGUyNDMxMjBlNzJmZjA3NWViMTUxNjZmYTY4NDp7Il9hdXRoX3VzZXJfaWQiOiIyIiwiX2F1dGhfdXNlcl9iYWNrZW5kIjoiZGphbmdvLmNvbnRyaWIuYXV0aC5iYWNrZW5kcy5Nb2RlbEJhY2tlbmQiLCJfYXV0aF91c2VyX2hhc2giOiJhZjg1YzZmM2UzZWU5M2U4NjgxMTlhOTlhMmVkNTM2NGM4MTE5MTRkIn0=','2019-10-14 19:15:17.327289'),('7kusfcmggsg0srxqxa9q5d7a46vdiu2d','MzVmMTVhOGFkOWYyZDY3NjVjNjYwODc0MjY2MzFhMzFiZjdmN2JmNDp7Il9hdXRoX3VzZXJfaWQiOiIxIiwiX2F1dGhfdXNlcl9iYWNrZW5kIjoiZGphbmdvLmNvbnRyaWIuYXV0aC5iYWNrZW5kcy5Nb2RlbEJhY2tlbmQiLCJfYXV0aF91c2VyX2hhc2giOiJkYzMwODYwMGQ1ZjdlZmQ3OWIxMGQyODI1NjljODczZTk1YmFhZGYwIn0=','2019-11-21 21:05:06.184899'),('7mmethj5wy8bi6lj20vfe5x0sccuxjwk','MzVmMTVhOGFkOWYyZDY3NjVjNjYwODc0MjY2MzFhMzFiZjdmN2JmNDp7Il9hdXRoX3VzZXJfaWQiOiIxIiwiX2F1dGhfdXNlcl9iYWNrZW5kIjoiZGphbmdvLmNvbnRyaWIuYXV0aC5iYWNrZW5kcy5Nb2RlbEJhY2tlbmQiLCJfYXV0aF91c2VyX2hhc2giOiJkYzMwODYwMGQ1ZjdlZmQ3OWIxMGQyODI1NjljODczZTk1YmFhZGYwIn0=','2019-07-12 19:51:07.515000'),('7tdycg2el9g8o6pilc4o1c9evhdw60hn','ZDhhMWI0ZDIzMzdjOTk2ZDgzYTk2MTM5NzA5OWVmNzIwNGQwOTEzOTp7Il9hdXRoX3VzZXJfaWQiOiIxIiwiX2F1dGhfdXNlcl9iYWNrZW5kIjoiZGphbmdvLmNvbnRyaWIuYXV0aC5iYWNrZW5kcy5Nb2RlbEJhY2tlbmQiLCJfYXV0aF91c2VyX2hhc2giOiI4MjRhNzExMzQ1ZmYxNWQwZTgzZTAwNDBjZGEzOGM3NmQ4YmQxOTA3In0=','2019-06-19 20:17:31.566000'),('7tw06gdkhfvswiv5h5ofhpgyxf1e6zla','MzVmMTVhOGFkOWYyZDY3NjVjNjYwODc0MjY2MzFhMzFiZjdmN2JmNDp7Il9hdXRoX3VzZXJfaWQiOiIxIiwiX2F1dGhfdXNlcl9iYWNrZW5kIjoiZGphbmdvLmNvbnRyaWIuYXV0aC5iYWNrZW5kcy5Nb2RlbEJhY2tlbmQiLCJfYXV0aF91c2VyX2hhc2giOiJkYzMwODYwMGQ1ZjdlZmQ3OWIxMGQyODI1NjljODczZTk1YmFhZGYwIn0=','2019-09-03 21:04:53.844434'),('7un0fvwvcrac23923lo42sax8j5cc8e3','ZDhhMWI0ZDIzMzdjOTk2ZDgzYTk2MTM5NzA5OWVmNzIwNGQwOTEzOTp7Il9hdXRoX3VzZXJfaWQiOiIxIiwiX2F1dGhfdXNlcl9iYWNrZW5kIjoiZGphbmdvLmNvbnRyaWIuYXV0aC5iYWNrZW5kcy5Nb2RlbEJhY2tlbmQiLCJfYXV0aF91c2VyX2hhc2giOiI4MjRhNzExMzQ1ZmYxNWQwZTgzZTAwNDBjZGEzOGM3NmQ4YmQxOTA3In0=','2019-07-09 15:10:38.286000'),('7y5yhczaqfyeksjdsnt53llj8hnx2ucj','MzVmMTVhOGFkOWYyZDY3NjVjNjYwODc0MjY2MzFhMzFiZjdmN2JmNDp7Il9hdXRoX3VzZXJfaWQiOiIxIiwiX2F1dGhfdXNlcl9iYWNrZW5kIjoiZGphbmdvLmNvbnRyaWIuYXV0aC5iYWNrZW5kcy5Nb2RlbEJhY2tlbmQiLCJfYXV0aF91c2VyX2hhc2giOiJkYzMwODYwMGQ1ZjdlZmQ3OWIxMGQyODI1NjljODczZTk1YmFhZGYwIn0=','2019-07-16 17:11:39.149000'),('7zxnj532jvfrcblipatjfom72j7vg3gf','MzVmMTVhOGFkOWYyZDY3NjVjNjYwODc0MjY2MzFhMzFiZjdmN2JmNDp7Il9hdXRoX3VzZXJfaWQiOiIxIiwiX2F1dGhfdXNlcl9iYWNrZW5kIjoiZGphbmdvLmNvbnRyaWIuYXV0aC5iYWNrZW5kcy5Nb2RlbEJhY2tlbmQiLCJfYXV0aF91c2VyX2hhc2giOiJkYzMwODYwMGQ1ZjdlZmQ3OWIxMGQyODI1NjljODczZTk1YmFhZGYwIn0=','2019-11-22 22:28:04.982224'),('82mzrcej4d8nk2njs6lox2cb2to4hhqv','MzVmMTVhOGFkOWYyZDY3NjVjNjYwODc0MjY2MzFhMzFiZjdmN2JmNDp7Il9hdXRoX3VzZXJfaWQiOiIxIiwiX2F1dGhfdXNlcl9iYWNrZW5kIjoiZGphbmdvLmNvbnRyaWIuYXV0aC5iYWNrZW5kcy5Nb2RlbEJhY2tlbmQiLCJfYXV0aF91c2VyX2hhc2giOiJkYzMwODYwMGQ1ZjdlZmQ3OWIxMGQyODI1NjljODczZTk1YmFhZGYwIn0=','2019-10-07 14:42:13.827257'),('83zo8jrl4i9hrr0ts81tor0mwoh6w1tv','YTkxODY0ZTA0OTg1MzMzMDdiMDNjNThkNzU0NTkyZDZhMTBiNTU4Nzp7Il9hdXRoX3VzZXJfaWQiOiIxIiwiX2F1dGhfdXNlcl9iYWNrZW5kIjoiZGphbmdvLmNvbnRyaWIuYXV0aC5iYWNrZW5kcy5Nb2RlbEJhY2tlbmQiLCJfYXV0aF91c2VyX2hhc2giOiI0OGU1ZWQ3MjhlNjhlZGFhYmVlYTU2YWU3MTc3NTE0MGVlZGIwYTg5In0=','2020-04-08 15:06:42.978955'),('86fqqps193qkuxziv0h70r7e2coma20d','MzVmMTVhOGFkOWYyZDY3NjVjNjYwODc0MjY2MzFhMzFiZjdmN2JmNDp7Il9hdXRoX3VzZXJfaWQiOiIxIiwiX2F1dGhfdXNlcl9iYWNrZW5kIjoiZGphbmdvLmNvbnRyaWIuYXV0aC5iYWNrZW5kcy5Nb2RlbEJhY2tlbmQiLCJfYXV0aF91c2VyX2hhc2giOiJkYzMwODYwMGQ1ZjdlZmQ3OWIxMGQyODI1NjljODczZTk1YmFhZGYwIn0=','2019-07-16 17:10:51.037000'),('87xzklka409xbytiamy0dx12bh2hilma','MzVmMTVhOGFkOWYyZDY3NjVjNjYwODc0MjY2MzFhMzFiZjdmN2JmNDp7Il9hdXRoX3VzZXJfaWQiOiIxIiwiX2F1dGhfdXNlcl9iYWNrZW5kIjoiZGphbmdvLmNvbnRyaWIuYXV0aC5iYWNrZW5kcy5Nb2RlbEJhY2tlbmQiLCJfYXV0aF91c2VyX2hhc2giOiJkYzMwODYwMGQ1ZjdlZmQ3OWIxMGQyODI1NjljODczZTk1YmFhZGYwIn0=','2019-08-05 15:45:20.341202'),('887pefgmykimwj8yk6yaqaivd2fvq9f1','MzVmMTVhOGFkOWYyZDY3NjVjNjYwODc0MjY2MzFhMzFiZjdmN2JmNDp7Il9hdXRoX3VzZXJfaWQiOiIxIiwiX2F1dGhfdXNlcl9iYWNrZW5kIjoiZGphbmdvLmNvbnRyaWIuYXV0aC5iYWNrZW5kcy5Nb2RlbEJhY2tlbmQiLCJfYXV0aF91c2VyX2hhc2giOiJkYzMwODYwMGQ1ZjdlZmQ3OWIxMGQyODI1NjljODczZTk1YmFhZGYwIn0=','2019-08-26 13:02:42.580422'),('89pupnw1kfbu2dlq9xfawvq7iglx2dl4','MzVmMTVhOGFkOWYyZDY3NjVjNjYwODc0MjY2MzFhMzFiZjdmN2JmNDp7Il9hdXRoX3VzZXJfaWQiOiIxIiwiX2F1dGhfdXNlcl9iYWNrZW5kIjoiZGphbmdvLmNvbnRyaWIuYXV0aC5iYWNrZW5kcy5Nb2RlbEJhY2tlbmQiLCJfYXV0aF91c2VyX2hhc2giOiJkYzMwODYwMGQ1ZjdlZmQ3OWIxMGQyODI1NjljODczZTk1YmFhZGYwIn0=','2019-08-28 21:45:21.322219'),('8as9yvudcmhotxqulutokjcofbmylo12','MzVmMTVhOGFkOWYyZDY3NjVjNjYwODc0MjY2MzFhMzFiZjdmN2JmNDp7Il9hdXRoX3VzZXJfaWQiOiIxIiwiX2F1dGhfdXNlcl9iYWNrZW5kIjoiZGphbmdvLmNvbnRyaWIuYXV0aC5iYWNrZW5kcy5Nb2RlbEJhY2tlbmQiLCJfYXV0aF91c2VyX2hhc2giOiJkYzMwODYwMGQ1ZjdlZmQ3OWIxMGQyODI1NjljODczZTk1YmFhZGYwIn0=','2019-08-12 06:51:04.048096'),('8b2soh94yuit5dg1bfh7hn34ris4oev8','MzVmMTVhOGFkOWYyZDY3NjVjNjYwODc0MjY2MzFhMzFiZjdmN2JmNDp7Il9hdXRoX3VzZXJfaWQiOiIxIiwiX2F1dGhfdXNlcl9iYWNrZW5kIjoiZGphbmdvLmNvbnRyaWIuYXV0aC5iYWNrZW5kcy5Nb2RlbEJhY2tlbmQiLCJfYXV0aF91c2VyX2hhc2giOiJkYzMwODYwMGQ1ZjdlZmQ3OWIxMGQyODI1NjljODczZTk1YmFhZGYwIn0=','2019-08-06 16:26:39.208885'),('8bq87kw7xqm3bzapgnqosyjv802ee4nz','MzVmMTVhOGFkOWYyZDY3NjVjNjYwODc0MjY2MzFhMzFiZjdmN2JmNDp7Il9hdXRoX3VzZXJfaWQiOiIxIiwiX2F1dGhfdXNlcl9iYWNrZW5kIjoiZGphbmdvLmNvbnRyaWIuYXV0aC5iYWNrZW5kcy5Nb2RlbEJhY2tlbmQiLCJfYXV0aF91c2VyX2hhc2giOiJkYzMwODYwMGQ1ZjdlZmQ3OWIxMGQyODI1NjljODczZTk1YmFhZGYwIn0=','2019-08-12 05:29:22.341383'),('8br7si7leo4v9imtsip3cky4z14s57v2','MzVmMTVhOGFkOWYyZDY3NjVjNjYwODc0MjY2MzFhMzFiZjdmN2JmNDp7Il9hdXRoX3VzZXJfaWQiOiIxIiwiX2F1dGhfdXNlcl9iYWNrZW5kIjoiZGphbmdvLmNvbnRyaWIuYXV0aC5iYWNrZW5kcy5Nb2RlbEJhY2tlbmQiLCJfYXV0aF91c2VyX2hhc2giOiJkYzMwODYwMGQ1ZjdlZmQ3OWIxMGQyODI1NjljODczZTk1YmFhZGYwIn0=','2019-07-12 23:09:01.410000'),('8cqm21hz1usiq310vu8tsepsn4hn34ee','YTkxODY0ZTA0OTg1MzMzMDdiMDNjNThkNzU0NTkyZDZhMTBiNTU4Nzp7Il9hdXRoX3VzZXJfaWQiOiIxIiwiX2F1dGhfdXNlcl9iYWNrZW5kIjoiZGphbmdvLmNvbnRyaWIuYXV0aC5iYWNrZW5kcy5Nb2RlbEJhY2tlbmQiLCJfYXV0aF91c2VyX2hhc2giOiI0OGU1ZWQ3MjhlNjhlZGFhYmVlYTU2YWU3MTc3NTE0MGVlZGIwYTg5In0=','2019-11-26 01:29:34.033479'),('8djuzyqyc3gqz6a8o9w6wj6tkma1abii','MzVmMTVhOGFkOWYyZDY3NjVjNjYwODc0MjY2MzFhMzFiZjdmN2JmNDp7Il9hdXRoX3VzZXJfaWQiOiIxIiwiX2F1dGhfdXNlcl9iYWNrZW5kIjoiZGphbmdvLmNvbnRyaWIuYXV0aC5iYWNrZW5kcy5Nb2RlbEJhY2tlbmQiLCJfYXV0aF91c2VyX2hhc2giOiJkYzMwODYwMGQ1ZjdlZmQ3OWIxMGQyODI1NjljODczZTk1YmFhZGYwIn0=','2019-08-02 21:48:17.647507'),('8hly311l63nmnn0g1wt5dfxr2sadmkjk','ZDhhMWI0ZDIzMzdjOTk2ZDgzYTk2MTM5NzA5OWVmNzIwNGQwOTEzOTp7Il9hdXRoX3VzZXJfaWQiOiIxIiwiX2F1dGhfdXNlcl9iYWNrZW5kIjoiZGphbmdvLmNvbnRyaWIuYXV0aC5iYWNrZW5kcy5Nb2RlbEJhY2tlbmQiLCJfYXV0aF91c2VyX2hhc2giOiI4MjRhNzExMzQ1ZmYxNWQwZTgzZTAwNDBjZGEzOGM3NmQ4YmQxOTA3In0=','2019-07-05 20:28:52.860000'),('8j672xod7e7mqwi8txz1ulppymia2zdp','MzVmMTVhOGFkOWYyZDY3NjVjNjYwODc0MjY2MzFhMzFiZjdmN2JmNDp7Il9hdXRoX3VzZXJfaWQiOiIxIiwiX2F1dGhfdXNlcl9iYWNrZW5kIjoiZGphbmdvLmNvbnRyaWIuYXV0aC5iYWNrZW5kcy5Nb2RlbEJhY2tlbmQiLCJfYXV0aF91c2VyX2hhc2giOiJkYzMwODYwMGQ1ZjdlZmQ3OWIxMGQyODI1NjljODczZTk1YmFhZGYwIn0=','2019-08-05 19:41:33.190339'),('8jykw0kibmdprr43njek2g34e7utj19k','MzVmMTVhOGFkOWYyZDY3NjVjNjYwODc0MjY2MzFhMzFiZjdmN2JmNDp7Il9hdXRoX3VzZXJfaWQiOiIxIiwiX2F1dGhfdXNlcl9iYWNrZW5kIjoiZGphbmdvLmNvbnRyaWIuYXV0aC5iYWNrZW5kcy5Nb2RlbEJhY2tlbmQiLCJfYXV0aF91c2VyX2hhc2giOiJkYzMwODYwMGQ1ZjdlZmQ3OWIxMGQyODI1NjljODczZTk1YmFhZGYwIn0=','2019-10-07 14:12:24.809863'),('8mxl2zktp2vuslgug9l9nctfgzoncl7d','ZDhhMWI0ZDIzMzdjOTk2ZDgzYTk2MTM5NzA5OWVmNzIwNGQwOTEzOTp7Il9hdXRoX3VzZXJfaWQiOiIxIiwiX2F1dGhfdXNlcl9iYWNrZW5kIjoiZGphbmdvLmNvbnRyaWIuYXV0aC5iYWNrZW5kcy5Nb2RlbEJhY2tlbmQiLCJfYXV0aF91c2VyX2hhc2giOiI4MjRhNzExMzQ1ZmYxNWQwZTgzZTAwNDBjZGEzOGM3NmQ4YmQxOTA3In0=','2019-05-22 13:21:53.932000'),('8okyxpngfhhi9gvbkgpjy0nov33uh7dn','ZDhhMWI0ZDIzMzdjOTk2ZDgzYTk2MTM5NzA5OWVmNzIwNGQwOTEzOTp7Il9hdXRoX3VzZXJfaWQiOiIxIiwiX2F1dGhfdXNlcl9iYWNrZW5kIjoiZGphbmdvLmNvbnRyaWIuYXV0aC5iYWNrZW5kcy5Nb2RlbEJhY2tlbmQiLCJfYXV0aF91c2VyX2hhc2giOiI4MjRhNzExMzQ1ZmYxNWQwZTgzZTAwNDBjZGEzOGM3NmQ4YmQxOTA3In0=','2019-05-23 16:44:20.554000'),('8rhix6o212a9w4ed73av687y0imsrna7','ZDhhMWI0ZDIzMzdjOTk2ZDgzYTk2MTM5NzA5OWVmNzIwNGQwOTEzOTp7Il9hdXRoX3VzZXJfaWQiOiIxIiwiX2F1dGhfdXNlcl9iYWNrZW5kIjoiZGphbmdvLmNvbnRyaWIuYXV0aC5iYWNrZW5kcy5Nb2RlbEJhY2tlbmQiLCJfYXV0aF91c2VyX2hhc2giOiI4MjRhNzExMzQ1ZmYxNWQwZTgzZTAwNDBjZGEzOGM3NmQ4YmQxOTA3In0=','2019-07-02 13:17:59.520000'),('8u154cam7tkkmpwuioa1zsncopszaec0','ZDhhMWI0ZDIzMzdjOTk2ZDgzYTk2MTM5NzA5OWVmNzIwNGQwOTEzOTp7Il9hdXRoX3VzZXJfaWQiOiIxIiwiX2F1dGhfdXNlcl9iYWNrZW5kIjoiZGphbmdvLmNvbnRyaWIuYXV0aC5iYWNrZW5kcy5Nb2RlbEJhY2tlbmQiLCJfYXV0aF91c2VyX2hhc2giOiI4MjRhNzExMzQ1ZmYxNWQwZTgzZTAwNDBjZGEzOGM3NmQ4YmQxOTA3In0=','2019-06-27 16:40:27.895000'),('8um88bondsp4687t7iv7q7nepzj4epz7','MzVmMTVhOGFkOWYyZDY3NjVjNjYwODc0MjY2MzFhMzFiZjdmN2JmNDp7Il9hdXRoX3VzZXJfaWQiOiIxIiwiX2F1dGhfdXNlcl9iYWNrZW5kIjoiZGphbmdvLmNvbnRyaWIuYXV0aC5iYWNrZW5kcy5Nb2RlbEJhY2tlbmQiLCJfYXV0aF91c2VyX2hhc2giOiJkYzMwODYwMGQ1ZjdlZmQ3OWIxMGQyODI1NjljODczZTk1YmFhZGYwIn0=','2019-07-10 01:07:44.998000'),('92c4bkilo2bmy97xi0h2mn876byg7lnz','MzVmMTVhOGFkOWYyZDY3NjVjNjYwODc0MjY2MzFhMzFiZjdmN2JmNDp7Il9hdXRoX3VzZXJfaWQiOiIxIiwiX2F1dGhfdXNlcl9iYWNrZW5kIjoiZGphbmdvLmNvbnRyaWIuYXV0aC5iYWNrZW5kcy5Nb2RlbEJhY2tlbmQiLCJfYXV0aF91c2VyX2hhc2giOiJkYzMwODYwMGQ1ZjdlZmQ3OWIxMGQyODI1NjljODczZTk1YmFhZGYwIn0=','2019-08-12 05:29:42.672038'),('96z185dmcmip3i4eksu13eb2470qq94z','MzVmMTVhOGFkOWYyZDY3NjVjNjYwODc0MjY2MzFhMzFiZjdmN2JmNDp7Il9hdXRoX3VzZXJfaWQiOiIxIiwiX2F1dGhfdXNlcl9iYWNrZW5kIjoiZGphbmdvLmNvbnRyaWIuYXV0aC5iYWNrZW5kcy5Nb2RlbEJhY2tlbmQiLCJfYXV0aF91c2VyX2hhc2giOiJkYzMwODYwMGQ1ZjdlZmQ3OWIxMGQyODI1NjljODczZTk1YmFhZGYwIn0=','2019-07-09 20:15:19.873000'),('97g6vkf6z1ww0jimsbn5ogv89cie4vjr','MzVmMTVhOGFkOWYyZDY3NjVjNjYwODc0MjY2MzFhMzFiZjdmN2JmNDp7Il9hdXRoX3VzZXJfaWQiOiIxIiwiX2F1dGhfdXNlcl9iYWNrZW5kIjoiZGphbmdvLmNvbnRyaWIuYXV0aC5iYWNrZW5kcy5Nb2RlbEJhY2tlbmQiLCJfYXV0aF91c2VyX2hhc2giOiJkYzMwODYwMGQ1ZjdlZmQ3OWIxMGQyODI1NjljODczZTk1YmFhZGYwIn0=','2019-07-12 19:51:23.011000'),('9gtkxlelrcwcb56hbhotsvdscro176jq','MzVmMTVhOGFkOWYyZDY3NjVjNjYwODc0MjY2MzFhMzFiZjdmN2JmNDp7Il9hdXRoX3VzZXJfaWQiOiIxIiwiX2F1dGhfdXNlcl9iYWNrZW5kIjoiZGphbmdvLmNvbnRyaWIuYXV0aC5iYWNrZW5kcy5Nb2RlbEJhY2tlbmQiLCJfYXV0aF91c2VyX2hhc2giOiJkYzMwODYwMGQ1ZjdlZmQ3OWIxMGQyODI1NjljODczZTk1YmFhZGYwIn0=','2019-08-02 17:41:44.891083'),('9ismdjt9gq19iwgg1dtke8bshih8of3a','ZDhhMWI0ZDIzMzdjOTk2ZDgzYTk2MTM5NzA5OWVmNzIwNGQwOTEzOTp7Il9hdXRoX3VzZXJfaWQiOiIxIiwiX2F1dGhfdXNlcl9iYWNrZW5kIjoiZGphbmdvLmNvbnRyaWIuYXV0aC5iYWNrZW5kcy5Nb2RlbEJhY2tlbmQiLCJfYXV0aF91c2VyX2hhc2giOiI4MjRhNzExMzQ1ZmYxNWQwZTgzZTAwNDBjZGEzOGM3NmQ4YmQxOTA3In0=','2019-06-25 21:27:29.831000'),('9kte1nj6ib0ahi4adgzu778mnu42lzty','MzVmMTVhOGFkOWYyZDY3NjVjNjYwODc0MjY2MzFhMzFiZjdmN2JmNDp7Il9hdXRoX3VzZXJfaWQiOiIxIiwiX2F1dGhfdXNlcl9iYWNrZW5kIjoiZGphbmdvLmNvbnRyaWIuYXV0aC5iYWNrZW5kcy5Nb2RlbEJhY2tlbmQiLCJfYXV0aF91c2VyX2hhc2giOiJkYzMwODYwMGQ1ZjdlZmQ3OWIxMGQyODI1NjljODczZTk1YmFhZGYwIn0=','2019-07-09 22:17:32.332000'),('9ml5jrlgq1lg0ezccd8rbs79atw4bwug','MzVmMTVhOGFkOWYyZDY3NjVjNjYwODc0MjY2MzFhMzFiZjdmN2JmNDp7Il9hdXRoX3VzZXJfaWQiOiIxIiwiX2F1dGhfdXNlcl9iYWNrZW5kIjoiZGphbmdvLmNvbnRyaWIuYXV0aC5iYWNrZW5kcy5Nb2RlbEJhY2tlbmQiLCJfYXV0aF91c2VyX2hhc2giOiJkYzMwODYwMGQ1ZjdlZmQ3OWIxMGQyODI1NjljODczZTk1YmFhZGYwIn0=','2019-11-21 20:10:20.223554'),('9nds384afq6889bf3bvwewuirrz3cmlm','MzVmMTVhOGFkOWYyZDY3NjVjNjYwODc0MjY2MzFhMzFiZjdmN2JmNDp7Il9hdXRoX3VzZXJfaWQiOiIxIiwiX2F1dGhfdXNlcl9iYWNrZW5kIjoiZGphbmdvLmNvbnRyaWIuYXV0aC5iYWNrZW5kcy5Nb2RlbEJhY2tlbmQiLCJfYXV0aF91c2VyX2hhc2giOiJkYzMwODYwMGQ1ZjdlZmQ3OWIxMGQyODI1NjljODczZTk1YmFhZGYwIn0=','2019-07-09 22:21:39.979000'),('9pcdgwv7bgl83tklskqk30nc4gmv7ucy','ZDhhMWI0ZDIzMzdjOTk2ZDgzYTk2MTM5NzA5OWVmNzIwNGQwOTEzOTp7Il9hdXRoX3VzZXJfaWQiOiIxIiwiX2F1dGhfdXNlcl9iYWNrZW5kIjoiZGphbmdvLmNvbnRyaWIuYXV0aC5iYWNrZW5kcy5Nb2RlbEJhY2tlbmQiLCJfYXV0aF91c2VyX2hhc2giOiI4MjRhNzExMzQ1ZmYxNWQwZTgzZTAwNDBjZGEzOGM3NmQ4YmQxOTA3In0=','2019-06-29 14:23:24.160000'),('9rqn9mt3zhi8y1p44v5zniclght41rmr','MzVmMTVhOGFkOWYyZDY3NjVjNjYwODc0MjY2MzFhMzFiZjdmN2JmNDp7Il9hdXRoX3VzZXJfaWQiOiIxIiwiX2F1dGhfdXNlcl9iYWNrZW5kIjoiZGphbmdvLmNvbnRyaWIuYXV0aC5iYWNrZW5kcy5Nb2RlbEJhY2tlbmQiLCJfYXV0aF91c2VyX2hhc2giOiJkYzMwODYwMGQ1ZjdlZmQ3OWIxMGQyODI1NjljODczZTk1YmFhZGYwIn0=','2019-07-11 14:04:55.592000'),('9tyrb371nc21m6jqp6izmqz20ee7jphu','MzVmMTVhOGFkOWYyZDY3NjVjNjYwODc0MjY2MzFhMzFiZjdmN2JmNDp7Il9hdXRoX3VzZXJfaWQiOiIxIiwiX2F1dGhfdXNlcl9iYWNrZW5kIjoiZGphbmdvLmNvbnRyaWIuYXV0aC5iYWNrZW5kcy5Nb2RlbEJhY2tlbmQiLCJfYXV0aF91c2VyX2hhc2giOiJkYzMwODYwMGQ1ZjdlZmQ3OWIxMGQyODI1NjljODczZTk1YmFhZGYwIn0=','2019-11-21 17:55:30.466991'),('9yg6qh680xyzuwnzi1he2gpg52jjiryr','MzVmMTVhOGFkOWYyZDY3NjVjNjYwODc0MjY2MzFhMzFiZjdmN2JmNDp7Il9hdXRoX3VzZXJfaWQiOiIxIiwiX2F1dGhfdXNlcl9iYWNrZW5kIjoiZGphbmdvLmNvbnRyaWIuYXV0aC5iYWNrZW5kcy5Nb2RlbEJhY2tlbmQiLCJfYXV0aF91c2VyX2hhc2giOiJkYzMwODYwMGQ1ZjdlZmQ3OWIxMGQyODI1NjljODczZTk1YmFhZGYwIn0=','2019-07-10 15:06:39.107000'),('a3wkluvbtcotel2fbmqibd995hd82pm1','MzVmMTVhOGFkOWYyZDY3NjVjNjYwODc0MjY2MzFhMzFiZjdmN2JmNDp7Il9hdXRoX3VzZXJfaWQiOiIxIiwiX2F1dGhfdXNlcl9iYWNrZW5kIjoiZGphbmdvLmNvbnRyaWIuYXV0aC5iYWNrZW5kcy5Nb2RlbEJhY2tlbmQiLCJfYXV0aF91c2VyX2hhc2giOiJkYzMwODYwMGQ1ZjdlZmQ3OWIxMGQyODI1NjljODczZTk1YmFhZGYwIn0=','2019-09-26 15:16:17.945030'),('a78qpyr1fg0kzj02ecvxh6wx1bvphqpk','MzVmMTVhOGFkOWYyZDY3NjVjNjYwODc0MjY2MzFhMzFiZjdmN2JmNDp7Il9hdXRoX3VzZXJfaWQiOiIxIiwiX2F1dGhfdXNlcl9iYWNrZW5kIjoiZGphbmdvLmNvbnRyaWIuYXV0aC5iYWNrZW5kcy5Nb2RlbEJhY2tlbmQiLCJfYXV0aF91c2VyX2hhc2giOiJkYzMwODYwMGQ1ZjdlZmQ3OWIxMGQyODI1NjljODczZTk1YmFhZGYwIn0=','2019-08-05 19:41:58.821419'),('a7v39y7vet6efszmhq98h7cb4un43kmi','MzVmMTVhOGFkOWYyZDY3NjVjNjYwODc0MjY2MzFhMzFiZjdmN2JmNDp7Il9hdXRoX3VzZXJfaWQiOiIxIiwiX2F1dGhfdXNlcl9iYWNrZW5kIjoiZGphbmdvLmNvbnRyaWIuYXV0aC5iYWNrZW5kcy5Nb2RlbEJhY2tlbmQiLCJfYXV0aF91c2VyX2hhc2giOiJkYzMwODYwMGQ1ZjdlZmQ3OWIxMGQyODI1NjljODczZTk1YmFhZGYwIn0=','2019-07-12 23:13:10.765000'),('a8lbec4fsrsokzgmrgb9hzo84lp48a3e','YTkxODY0ZTA0OTg1MzMzMDdiMDNjNThkNzU0NTkyZDZhMTBiNTU4Nzp7Il9hdXRoX3VzZXJfaWQiOiIxIiwiX2F1dGhfdXNlcl9iYWNrZW5kIjoiZGphbmdvLmNvbnRyaWIuYXV0aC5iYWNrZW5kcy5Nb2RlbEJhY2tlbmQiLCJfYXV0aF91c2VyX2hhc2giOiI0OGU1ZWQ3MjhlNjhlZGFhYmVlYTU2YWU3MTc3NTE0MGVlZGIwYTg5In0=','2020-03-04 17:40:09.470424'),('aabktb4l6tetpuc44a05cmpzvnc0rhoi','YTkxODY0ZTA0OTg1MzMzMDdiMDNjNThkNzU0NTkyZDZhMTBiNTU4Nzp7Il9hdXRoX3VzZXJfaWQiOiIxIiwiX2F1dGhfdXNlcl9iYWNrZW5kIjoiZGphbmdvLmNvbnRyaWIuYXV0aC5iYWNrZW5kcy5Nb2RlbEJhY2tlbmQiLCJfYXV0aF91c2VyX2hhc2giOiI0OGU1ZWQ3MjhlNjhlZGFhYmVlYTU2YWU3MTc3NTE0MGVlZGIwYTg5In0=','2019-12-09 16:28:36.601757'),('adte8d734pls7m5lieev85n7ekjxvp5o','MzVmMTVhOGFkOWYyZDY3NjVjNjYwODc0MjY2MzFhMzFiZjdmN2JmNDp7Il9hdXRoX3VzZXJfaWQiOiIxIiwiX2F1dGhfdXNlcl9iYWNrZW5kIjoiZGphbmdvLmNvbnRyaWIuYXV0aC5iYWNrZW5kcy5Nb2RlbEJhY2tlbmQiLCJfYXV0aF91c2VyX2hhc2giOiJkYzMwODYwMGQ1ZjdlZmQ3OWIxMGQyODI1NjljODczZTk1YmFhZGYwIn0=','2019-08-12 05:33:44.450469'),('aeho6pngp2e3ntsl8v9due3x8wk852ea','MzVmMTVhOGFkOWYyZDY3NjVjNjYwODc0MjY2MzFhMzFiZjdmN2JmNDp7Il9hdXRoX3VzZXJfaWQiOiIxIiwiX2F1dGhfdXNlcl9iYWNrZW5kIjoiZGphbmdvLmNvbnRyaWIuYXV0aC5iYWNrZW5kcy5Nb2RlbEJhY2tlbmQiLCJfYXV0aF91c2VyX2hhc2giOiJkYzMwODYwMGQ1ZjdlZmQ3OWIxMGQyODI1NjljODczZTk1YmFhZGYwIn0=','2019-11-15 22:27:15.293039'),('alheus8aww5elwamh30by48fmroi5fs6','ZDhhMWI0ZDIzMzdjOTk2ZDgzYTk2MTM5NzA5OWVmNzIwNGQwOTEzOTp7Il9hdXRoX3VzZXJfaWQiOiIxIiwiX2F1dGhfdXNlcl9iYWNrZW5kIjoiZGphbmdvLmNvbnRyaWIuYXV0aC5iYWNrZW5kcy5Nb2RlbEJhY2tlbmQiLCJfYXV0aF91c2VyX2hhc2giOiI4MjRhNzExMzQ1ZmYxNWQwZTgzZTAwNDBjZGEzOGM3NmQ4YmQxOTA3In0=','2019-07-09 15:09:12.177000'),('ami6x01luxqsb96tvkg3faeg9r862y4z','ZDhhMWI0ZDIzMzdjOTk2ZDgzYTk2MTM5NzA5OWVmNzIwNGQwOTEzOTp7Il9hdXRoX3VzZXJfaWQiOiIxIiwiX2F1dGhfdXNlcl9iYWNrZW5kIjoiZGphbmdvLmNvbnRyaWIuYXV0aC5iYWNrZW5kcy5Nb2RlbEJhY2tlbmQiLCJfYXV0aF91c2VyX2hhc2giOiI4MjRhNzExMzQ1ZmYxNWQwZTgzZTAwNDBjZGEzOGM3NmQ4YmQxOTA3In0=','2019-05-22 17:58:45.887000'),('anxq8xvilo0obu8esapp5b3tnf4xbrl7','MzVmMTVhOGFkOWYyZDY3NjVjNjYwODc0MjY2MzFhMzFiZjdmN2JmNDp7Il9hdXRoX3VzZXJfaWQiOiIxIiwiX2F1dGhfdXNlcl9iYWNrZW5kIjoiZGphbmdvLmNvbnRyaWIuYXV0aC5iYWNrZW5kcy5Nb2RlbEJhY2tlbmQiLCJfYXV0aF91c2VyX2hhc2giOiJkYzMwODYwMGQ1ZjdlZmQ3OWIxMGQyODI1NjljODczZTk1YmFhZGYwIn0=','2019-07-11 14:04:47.717000'),('aqq6if2ymqumx70qeqkg148bm2cgvbqk','MzVmMTVhOGFkOWYyZDY3NjVjNjYwODc0MjY2MzFhMzFiZjdmN2JmNDp7Il9hdXRoX3VzZXJfaWQiOiIxIiwiX2F1dGhfdXNlcl9iYWNrZW5kIjoiZGphbmdvLmNvbnRyaWIuYXV0aC5iYWNrZW5kcy5Nb2RlbEJhY2tlbmQiLCJfYXV0aF91c2VyX2hhc2giOiJkYzMwODYwMGQ1ZjdlZmQ3OWIxMGQyODI1NjljODczZTk1YmFhZGYwIn0=','2019-07-25 14:53:00.370989'),('ardhcixomb7aw44v07vrmc03bicttlyf','ZDhhMWI0ZDIzMzdjOTk2ZDgzYTk2MTM5NzA5OWVmNzIwNGQwOTEzOTp7Il9hdXRoX3VzZXJfaWQiOiIxIiwiX2F1dGhfdXNlcl9iYWNrZW5kIjoiZGphbmdvLmNvbnRyaWIuYXV0aC5iYWNrZW5kcy5Nb2RlbEJhY2tlbmQiLCJfYXV0aF91c2VyX2hhc2giOiI4MjRhNzExMzQ1ZmYxNWQwZTgzZTAwNDBjZGEzOGM3NmQ4YmQxOTA3In0=','2019-07-09 19:51:42.525000'),('av0vh5lkk5cnjldckeqkm088ekmcbzvl','ZDhhMWI0ZDIzMzdjOTk2ZDgzYTk2MTM5NzA5OWVmNzIwNGQwOTEzOTp7Il9hdXRoX3VzZXJfaWQiOiIxIiwiX2F1dGhfdXNlcl9iYWNrZW5kIjoiZGphbmdvLmNvbnRyaWIuYXV0aC5iYWNrZW5kcy5Nb2RlbEJhY2tlbmQiLCJfYXV0aF91c2VyX2hhc2giOiI4MjRhNzExMzQ1ZmYxNWQwZTgzZTAwNDBjZGEzOGM3NmQ4YmQxOTA3In0=','2019-07-09 15:21:55.762000'),('b0gg219trieddrqufstq167paf8mn5zb','MzVmMTVhOGFkOWYyZDY3NjVjNjYwODc0MjY2MzFhMzFiZjdmN2JmNDp7Il9hdXRoX3VzZXJfaWQiOiIxIiwiX2F1dGhfdXNlcl9iYWNrZW5kIjoiZGphbmdvLmNvbnRyaWIuYXV0aC5iYWNrZW5kcy5Nb2RlbEJhY2tlbmQiLCJfYXV0aF91c2VyX2hhc2giOiJkYzMwODYwMGQ1ZjdlZmQ3OWIxMGQyODI1NjljODczZTk1YmFhZGYwIn0=','2019-07-09 21:37:59.005000'),('b0ubi1mfhodd0xi5kjh0q3kstbc0ok3u','MzVmMTVhOGFkOWYyZDY3NjVjNjYwODc0MjY2MzFhMzFiZjdmN2JmNDp7Il9hdXRoX3VzZXJfaWQiOiIxIiwiX2F1dGhfdXNlcl9iYWNrZW5kIjoiZGphbmdvLmNvbnRyaWIuYXV0aC5iYWNrZW5kcy5Nb2RlbEJhY2tlbmQiLCJfYXV0aF91c2VyX2hhc2giOiJkYzMwODYwMGQ1ZjdlZmQ3OWIxMGQyODI1NjljODczZTk1YmFhZGYwIn0=','2019-08-12 06:45:13.202304'),('b3pi2a1ii9jjrhbv1w0ikq2rhnbedva3','MzVmMTVhOGFkOWYyZDY3NjVjNjYwODc0MjY2MzFhMzFiZjdmN2JmNDp7Il9hdXRoX3VzZXJfaWQiOiIxIiwiX2F1dGhfdXNlcl9iYWNrZW5kIjoiZGphbmdvLmNvbnRyaWIuYXV0aC5iYWNrZW5kcy5Nb2RlbEJhY2tlbmQiLCJfYXV0aF91c2VyX2hhc2giOiJkYzMwODYwMGQ1ZjdlZmQ3OWIxMGQyODI1NjljODczZTk1YmFhZGYwIn0=','2019-11-15 22:28:13.912226'),('b7pqqud97c2cruudqc7ww1dlws0mbd0e','MzVmMTVhOGFkOWYyZDY3NjVjNjYwODc0MjY2MzFhMzFiZjdmN2JmNDp7Il9hdXRoX3VzZXJfaWQiOiIxIiwiX2F1dGhfdXNlcl9iYWNrZW5kIjoiZGphbmdvLmNvbnRyaWIuYXV0aC5iYWNrZW5kcy5Nb2RlbEJhY2tlbmQiLCJfYXV0aF91c2VyX2hhc2giOiJkYzMwODYwMGQ1ZjdlZmQ3OWIxMGQyODI1NjljODczZTk1YmFhZGYwIn0=','2019-08-29 20:20:58.097061'),('bcy893ddkvurudsyiryuc187e35lbw04','YTkxODY0ZTA0OTg1MzMzMDdiMDNjNThkNzU0NTkyZDZhMTBiNTU4Nzp7Il9hdXRoX3VzZXJfaWQiOiIxIiwiX2F1dGhfdXNlcl9iYWNrZW5kIjoiZGphbmdvLmNvbnRyaWIuYXV0aC5iYWNrZW5kcy5Nb2RlbEJhY2tlbmQiLCJfYXV0aF91c2VyX2hhc2giOiI0OGU1ZWQ3MjhlNjhlZGFhYmVlYTU2YWU3MTc3NTE0MGVlZGIwYTg5In0=','2020-03-23 20:23:38.920134'),('bdlr7wgbthe93kvb02or70cih2c77gep','MzVmMTVhOGFkOWYyZDY3NjVjNjYwODc0MjY2MzFhMzFiZjdmN2JmNDp7Il9hdXRoX3VzZXJfaWQiOiIxIiwiX2F1dGhfdXNlcl9iYWNrZW5kIjoiZGphbmdvLmNvbnRyaWIuYXV0aC5iYWNrZW5kcy5Nb2RlbEJhY2tlbmQiLCJfYXV0aF91c2VyX2hhc2giOiJkYzMwODYwMGQ1ZjdlZmQ3OWIxMGQyODI1NjljODczZTk1YmFhZGYwIn0=','2019-08-07 19:32:32.797837'),('bepuwowwnhmujvirl9bolblqaii54xh9','MzVmMTVhOGFkOWYyZDY3NjVjNjYwODc0MjY2MzFhMzFiZjdmN2JmNDp7Il9hdXRoX3VzZXJfaWQiOiIxIiwiX2F1dGhfdXNlcl9iYWNrZW5kIjoiZGphbmdvLmNvbnRyaWIuYXV0aC5iYWNrZW5kcy5Nb2RlbEJhY2tlbmQiLCJfYXV0aF91c2VyX2hhc2giOiJkYzMwODYwMGQ1ZjdlZmQ3OWIxMGQyODI1NjljODczZTk1YmFhZGYwIn0=','2019-08-06 15:09:38.509195'),('bh2hl5n5k4i8r4z7l2gf9gh7l3k890hh','ZDhhMWI0ZDIzMzdjOTk2ZDgzYTk2MTM5NzA5OWVmNzIwNGQwOTEzOTp7Il9hdXRoX3VzZXJfaWQiOiIxIiwiX2F1dGhfdXNlcl9iYWNrZW5kIjoiZGphbmdvLmNvbnRyaWIuYXV0aC5iYWNrZW5kcy5Nb2RlbEJhY2tlbmQiLCJfYXV0aF91c2VyX2hhc2giOiI4MjRhNzExMzQ1ZmYxNWQwZTgzZTAwNDBjZGEzOGM3NmQ4YmQxOTA3In0=','2019-06-20 19:13:28.267000'),('bioh8tsqe2lrhiveyoy6q8kjpb8oin2d','MzVmMTVhOGFkOWYyZDY3NjVjNjYwODc0MjY2MzFhMzFiZjdmN2JmNDp7Il9hdXRoX3VzZXJfaWQiOiIxIiwiX2F1dGhfdXNlcl9iYWNrZW5kIjoiZGphbmdvLmNvbnRyaWIuYXV0aC5iYWNrZW5kcy5Nb2RlbEJhY2tlbmQiLCJfYXV0aF91c2VyX2hhc2giOiJkYzMwODYwMGQ1ZjdlZmQ3OWIxMGQyODI1NjljODczZTk1YmFhZGYwIn0=','2019-07-24 21:43:02.298205'),('bj5l6kxp0uul6uafwrz5jzm8uebw6vzb','MzVmMTVhOGFkOWYyZDY3NjVjNjYwODc0MjY2MzFhMzFiZjdmN2JmNDp7Il9hdXRoX3VzZXJfaWQiOiIxIiwiX2F1dGhfdXNlcl9iYWNrZW5kIjoiZGphbmdvLmNvbnRyaWIuYXV0aC5iYWNrZW5kcy5Nb2RlbEJhY2tlbmQiLCJfYXV0aF91c2VyX2hhc2giOiJkYzMwODYwMGQ1ZjdlZmQ3OWIxMGQyODI1NjljODczZTk1YmFhZGYwIn0=','2019-08-26 20:54:09.192649'),('bj9b81k7tz47jh95z9dwpqadpoheq2zy','ZDhhMWI0ZDIzMzdjOTk2ZDgzYTk2MTM5NzA5OWVmNzIwNGQwOTEzOTp7Il9hdXRoX3VzZXJfaWQiOiIxIiwiX2F1dGhfdXNlcl9iYWNrZW5kIjoiZGphbmdvLmNvbnRyaWIuYXV0aC5iYWNrZW5kcy5Nb2RlbEJhY2tlbmQiLCJfYXV0aF91c2VyX2hhc2giOiI4MjRhNzExMzQ1ZmYxNWQwZTgzZTAwNDBjZGEzOGM3NmQ4YmQxOTA3In0=','2019-07-09 20:09:58.402000'),('bja13nh4atl0d3r2vnpveeaswwziusis','MzVmMTVhOGFkOWYyZDY3NjVjNjYwODc0MjY2MzFhMzFiZjdmN2JmNDp7Il9hdXRoX3VzZXJfaWQiOiIxIiwiX2F1dGhfdXNlcl9iYWNrZW5kIjoiZGphbmdvLmNvbnRyaWIuYXV0aC5iYWNrZW5kcy5Nb2RlbEJhY2tlbmQiLCJfYXV0aF91c2VyX2hhc2giOiJkYzMwODYwMGQ1ZjdlZmQ3OWIxMGQyODI1NjljODczZTk1YmFhZGYwIn0=','2019-07-31 16:10:12.793681'),('bjjdephvps48yhnxbpjhlgnyktwsg1k0','MzVmMTVhOGFkOWYyZDY3NjVjNjYwODc0MjY2MzFhMzFiZjdmN2JmNDp7Il9hdXRoX3VzZXJfaWQiOiIxIiwiX2F1dGhfdXNlcl9iYWNrZW5kIjoiZGphbmdvLmNvbnRyaWIuYXV0aC5iYWNrZW5kcy5Nb2RlbEJhY2tlbmQiLCJfYXV0aF91c2VyX2hhc2giOiJkYzMwODYwMGQ1ZjdlZmQ3OWIxMGQyODI1NjljODczZTk1YmFhZGYwIn0=','2019-08-07 19:19:54.103703'),('bnfh271atmpxmz7cvkwnuclse56p14wy','ZDhhMWI0ZDIzMzdjOTk2ZDgzYTk2MTM5NzA5OWVmNzIwNGQwOTEzOTp7Il9hdXRoX3VzZXJfaWQiOiIxIiwiX2F1dGhfdXNlcl9iYWNrZW5kIjoiZGphbmdvLmNvbnRyaWIuYXV0aC5iYWNrZW5kcy5Nb2RlbEJhY2tlbmQiLCJfYXV0aF91c2VyX2hhc2giOiI4MjRhNzExMzQ1ZmYxNWQwZTgzZTAwNDBjZGEzOGM3NmQ4YmQxOTA3In0=','2019-07-05 16:51:20.047000'),('bpk8c2bjapt5buiryrpiehkwy196uxws','MzVmMTVhOGFkOWYyZDY3NjVjNjYwODc0MjY2MzFhMzFiZjdmN2JmNDp7Il9hdXRoX3VzZXJfaWQiOiIxIiwiX2F1dGhfdXNlcl9iYWNrZW5kIjoiZGphbmdvLmNvbnRyaWIuYXV0aC5iYWNrZW5kcy5Nb2RlbEJhY2tlbmQiLCJfYXV0aF91c2VyX2hhc2giOiJkYzMwODYwMGQ1ZjdlZmQ3OWIxMGQyODI1NjljODczZTk1YmFhZGYwIn0=','2019-10-10 23:58:49.024827'),('bsctbj70f0i6l4uftuw41rbot208ekr7','MzVmMTVhOGFkOWYyZDY3NjVjNjYwODc0MjY2MzFhMzFiZjdmN2JmNDp7Il9hdXRoX3VzZXJfaWQiOiIxIiwiX2F1dGhfdXNlcl9iYWNrZW5kIjoiZGphbmdvLmNvbnRyaWIuYXV0aC5iYWNrZW5kcy5Nb2RlbEJhY2tlbmQiLCJfYXV0aF91c2VyX2hhc2giOiJkYzMwODYwMGQ1ZjdlZmQ3OWIxMGQyODI1NjljODczZTk1YmFhZGYwIn0=','2019-10-14 17:02:39.882037'),('buyd8dinn7kxjcf7epcmglp0r48ktrdk','MzVmMTVhOGFkOWYyZDY3NjVjNjYwODc0MjY2MzFhMzFiZjdmN2JmNDp7Il9hdXRoX3VzZXJfaWQiOiIxIiwiX2F1dGhfdXNlcl9iYWNrZW5kIjoiZGphbmdvLmNvbnRyaWIuYXV0aC5iYWNrZW5kcy5Nb2RlbEJhY2tlbmQiLCJfYXV0aF91c2VyX2hhc2giOiJkYzMwODYwMGQ1ZjdlZmQ3OWIxMGQyODI1NjljODczZTk1YmFhZGYwIn0=','2019-08-29 20:37:49.537343'),('bwm55bqjtkgkdz19nizjl8uak3tagnaa','MzVmMTVhOGFkOWYyZDY3NjVjNjYwODc0MjY2MzFhMzFiZjdmN2JmNDp7Il9hdXRoX3VzZXJfaWQiOiIxIiwiX2F1dGhfdXNlcl9iYWNrZW5kIjoiZGphbmdvLmNvbnRyaWIuYXV0aC5iYWNrZW5kcy5Nb2RlbEJhY2tlbmQiLCJfYXV0aF91c2VyX2hhc2giOiJkYzMwODYwMGQ1ZjdlZmQ3OWIxMGQyODI1NjljODczZTk1YmFhZGYwIn0=','2019-10-08 13:51:39.363868'),('bwrgc4ogolw0d12emctm2a5us8g8c80e','ZDhhMWI0ZDIzMzdjOTk2ZDgzYTk2MTM5NzA5OWVmNzIwNGQwOTEzOTp7Il9hdXRoX3VzZXJfaWQiOiIxIiwiX2F1dGhfdXNlcl9iYWNrZW5kIjoiZGphbmdvLmNvbnRyaWIuYXV0aC5iYWNrZW5kcy5Nb2RlbEJhY2tlbmQiLCJfYXV0aF91c2VyX2hhc2giOiI4MjRhNzExMzQ1ZmYxNWQwZTgzZTAwNDBjZGEzOGM3NmQ4YmQxOTA3In0=','2019-05-09 16:16:43.557000'),('bzjqkkrplkquk97yorrgdadlt3gygxkc','ZDhhMWI0ZDIzMzdjOTk2ZDgzYTk2MTM5NzA5OWVmNzIwNGQwOTEzOTp7Il9hdXRoX3VzZXJfaWQiOiIxIiwiX2F1dGhfdXNlcl9iYWNrZW5kIjoiZGphbmdvLmNvbnRyaWIuYXV0aC5iYWNrZW5kcy5Nb2RlbEJhY2tlbmQiLCJfYXV0aF91c2VyX2hhc2giOiI4MjRhNzExMzQ1ZmYxNWQwZTgzZTAwNDBjZGEzOGM3NmQ4YmQxOTA3In0=','2019-06-12 20:49:53.103000'),('bzn37mzczqtuy8piezv7dqx8kg2o619u','ZDhhMWI0ZDIzMzdjOTk2ZDgzYTk2MTM5NzA5OWVmNzIwNGQwOTEzOTp7Il9hdXRoX3VzZXJfaWQiOiIxIiwiX2F1dGhfdXNlcl9iYWNrZW5kIjoiZGphbmdvLmNvbnRyaWIuYXV0aC5iYWNrZW5kcy5Nb2RlbEJhY2tlbmQiLCJfYXV0aF91c2VyX2hhc2giOiI4MjRhNzExMzQ1ZmYxNWQwZTgzZTAwNDBjZGEzOGM3NmQ4YmQxOTA3In0=','2019-06-10 17:03:30.518000'),('c242t77gvooag5c9aaduy7nmy66pozsd','MzVmMTVhOGFkOWYyZDY3NjVjNjYwODc0MjY2MzFhMzFiZjdmN2JmNDp7Il9hdXRoX3VzZXJfaWQiOiIxIiwiX2F1dGhfdXNlcl9iYWNrZW5kIjoiZGphbmdvLmNvbnRyaWIuYXV0aC5iYWNrZW5kcy5Nb2RlbEJhY2tlbmQiLCJfYXV0aF91c2VyX2hhc2giOiJkYzMwODYwMGQ1ZjdlZmQ3OWIxMGQyODI1NjljODczZTk1YmFhZGYwIn0=','2019-10-10 23:59:13.180748'),('c2fm1d7nctcwwf237zyd5p8fdx8j9n2t','MzVmMTVhOGFkOWYyZDY3NjVjNjYwODc0MjY2MzFhMzFiZjdmN2JmNDp7Il9hdXRoX3VzZXJfaWQiOiIxIiwiX2F1dGhfdXNlcl9iYWNrZW5kIjoiZGphbmdvLmNvbnRyaWIuYXV0aC5iYWNrZW5kcy5Nb2RlbEJhY2tlbmQiLCJfYXV0aF91c2VyX2hhc2giOiJkYzMwODYwMGQ1ZjdlZmQ3OWIxMGQyODI1NjljODczZTk1YmFhZGYwIn0=','2019-07-09 20:14:12.149000'),('c2gnyap318r26aowepv9di0332mvcppn','ZDhhMWI0ZDIzMzdjOTk2ZDgzYTk2MTM5NzA5OWVmNzIwNGQwOTEzOTp7Il9hdXRoX3VzZXJfaWQiOiIxIiwiX2F1dGhfdXNlcl9iYWNrZW5kIjoiZGphbmdvLmNvbnRyaWIuYXV0aC5iYWNrZW5kcy5Nb2RlbEJhY2tlbmQiLCJfYXV0aF91c2VyX2hhc2giOiI4MjRhNzExMzQ1ZmYxNWQwZTgzZTAwNDBjZGEzOGM3NmQ4YmQxOTA3In0=','2019-07-01 16:02:39.597000'),('c5tuz2f51vnszmdghj7or2aaqjglqbaq','MzVmMTVhOGFkOWYyZDY3NjVjNjYwODc0MjY2MzFhMzFiZjdmN2JmNDp7Il9hdXRoX3VzZXJfaWQiOiIxIiwiX2F1dGhfdXNlcl9iYWNrZW5kIjoiZGphbmdvLmNvbnRyaWIuYXV0aC5iYWNrZW5kcy5Nb2RlbEJhY2tlbmQiLCJfYXV0aF91c2VyX2hhc2giOiJkYzMwODYwMGQ1ZjdlZmQ3OWIxMGQyODI1NjljODczZTk1YmFhZGYwIn0=','2019-09-03 21:04:17.389287'),('c72obkjnpg1yeg60dxkqd0uxsg3qnxu1','ZDhhMWI0ZDIzMzdjOTk2ZDgzYTk2MTM5NzA5OWVmNzIwNGQwOTEzOTp7Il9hdXRoX3VzZXJfaWQiOiIxIiwiX2F1dGhfdXNlcl9iYWNrZW5kIjoiZGphbmdvLmNvbnRyaWIuYXV0aC5iYWNrZW5kcy5Nb2RlbEJhY2tlbmQiLCJfYXV0aF91c2VyX2hhc2giOiI4MjRhNzExMzQ1ZmYxNWQwZTgzZTAwNDBjZGEzOGM3NmQ4YmQxOTA3In0=','2019-07-09 19:19:09.635000'),('ca7wcczzcfaka3645ex2rd3ooprxb0k0','ZDhhMWI0ZDIzMzdjOTk2ZDgzYTk2MTM5NzA5OWVmNzIwNGQwOTEzOTp7Il9hdXRoX3VzZXJfaWQiOiIxIiwiX2F1dGhfdXNlcl9iYWNrZW5kIjoiZGphbmdvLmNvbnRyaWIuYXV0aC5iYWNrZW5kcy5Nb2RlbEJhY2tlbmQiLCJfYXV0aF91c2VyX2hhc2giOiI4MjRhNzExMzQ1ZmYxNWQwZTgzZTAwNDBjZGEzOGM3NmQ4YmQxOTA3In0=','2019-07-03 20:52:29.324000'),('cbsnew7grm4uq554w8rreq71g1vveoxu','MzVmMTVhOGFkOWYyZDY3NjVjNjYwODc0MjY2MzFhMzFiZjdmN2JmNDp7Il9hdXRoX3VzZXJfaWQiOiIxIiwiX2F1dGhfdXNlcl9iYWNrZW5kIjoiZGphbmdvLmNvbnRyaWIuYXV0aC5iYWNrZW5kcy5Nb2RlbEJhY2tlbmQiLCJfYXV0aF91c2VyX2hhc2giOiJkYzMwODYwMGQ1ZjdlZmQ3OWIxMGQyODI1NjljODczZTk1YmFhZGYwIn0=','2019-11-05 13:10:31.075290'),('ccwx7506gk6uu1qk8a67ejzuf9yz7snq','MzVmMTVhOGFkOWYyZDY3NjVjNjYwODc0MjY2MzFhMzFiZjdmN2JmNDp7Il9hdXRoX3VzZXJfaWQiOiIxIiwiX2F1dGhfdXNlcl9iYWNrZW5kIjoiZGphbmdvLmNvbnRyaWIuYXV0aC5iYWNrZW5kcy5Nb2RlbEJhY2tlbmQiLCJfYXV0aF91c2VyX2hhc2giOiJkYzMwODYwMGQ1ZjdlZmQ3OWIxMGQyODI1NjljODczZTk1YmFhZGYwIn0=','2019-11-21 20:09:32.746289'),('cegw47dpnoz2ybgfx56t1ktv1noyih4m','MzVmMTVhOGFkOWYyZDY3NjVjNjYwODc0MjY2MzFhMzFiZjdmN2JmNDp7Il9hdXRoX3VzZXJfaWQiOiIxIiwiX2F1dGhfdXNlcl9iYWNrZW5kIjoiZGphbmdvLmNvbnRyaWIuYXV0aC5iYWNrZW5kcy5Nb2RlbEJhY2tlbmQiLCJfYXV0aF91c2VyX2hhc2giOiJkYzMwODYwMGQ1ZjdlZmQ3OWIxMGQyODI1NjljODczZTk1YmFhZGYwIn0=','2019-08-07 19:31:24.423186'),('cfwlfhmgnmkmp1crkmt9e14lsss3lwtx','ZDhhMWI0ZDIzMzdjOTk2ZDgzYTk2MTM5NzA5OWVmNzIwNGQwOTEzOTp7Il9hdXRoX3VzZXJfaWQiOiIxIiwiX2F1dGhfdXNlcl9iYWNrZW5kIjoiZGphbmdvLmNvbnRyaWIuYXV0aC5iYWNrZW5kcy5Nb2RlbEJhY2tlbmQiLCJfYXV0aF91c2VyX2hhc2giOiI4MjRhNzExMzQ1ZmYxNWQwZTgzZTAwNDBjZGEzOGM3NmQ4YmQxOTA3In0=','2019-07-05 20:10:37.443000'),('cgbfub3kjitsioweyu1sq6hhnpr9uynx','MzVmMTVhOGFkOWYyZDY3NjVjNjYwODc0MjY2MzFhMzFiZjdmN2JmNDp7Il9hdXRoX3VzZXJfaWQiOiIxIiwiX2F1dGhfdXNlcl9iYWNrZW5kIjoiZGphbmdvLmNvbnRyaWIuYXV0aC5iYWNrZW5kcy5Nb2RlbEJhY2tlbmQiLCJfYXV0aF91c2VyX2hhc2giOiJkYzMwODYwMGQ1ZjdlZmQ3OWIxMGQyODI1NjljODczZTk1YmFhZGYwIn0=','2019-08-05 21:38:24.702851'),('cmnxqu32t4e80detxsrvcy0jakcnpy1c','MzVmMTVhOGFkOWYyZDY3NjVjNjYwODc0MjY2MzFhMzFiZjdmN2JmNDp7Il9hdXRoX3VzZXJfaWQiOiIxIiwiX2F1dGhfdXNlcl9iYWNrZW5kIjoiZGphbmdvLmNvbnRyaWIuYXV0aC5iYWNrZW5kcy5Nb2RlbEJhY2tlbmQiLCJfYXV0aF91c2VyX2hhc2giOiJkYzMwODYwMGQ1ZjdlZmQ3OWIxMGQyODI1NjljODczZTk1YmFhZGYwIn0=','2019-07-12 19:48:40.712000'),('cnbh1503nfyp03bzt0272de4odf9hadf','MzVmMTVhOGFkOWYyZDY3NjVjNjYwODc0MjY2MzFhMzFiZjdmN2JmNDp7Il9hdXRoX3VzZXJfaWQiOiIxIiwiX2F1dGhfdXNlcl9iYWNrZW5kIjoiZGphbmdvLmNvbnRyaWIuYXV0aC5iYWNrZW5kcy5Nb2RlbEJhY2tlbmQiLCJfYXV0aF91c2VyX2hhc2giOiJkYzMwODYwMGQ1ZjdlZmQ3OWIxMGQyODI1NjljODczZTk1YmFhZGYwIn0=','2019-09-26 17:27:09.411385'),('cpccpgz3v3jouqu6ckj3e9gwe63iquk0','MzVmMTVhOGFkOWYyZDY3NjVjNjYwODc0MjY2MzFhMzFiZjdmN2JmNDp7Il9hdXRoX3VzZXJfaWQiOiIxIiwiX2F1dGhfdXNlcl9iYWNrZW5kIjoiZGphbmdvLmNvbnRyaWIuYXV0aC5iYWNrZW5kcy5Nb2RlbEJhY2tlbmQiLCJfYXV0aF91c2VyX2hhc2giOiJkYzMwODYwMGQ1ZjdlZmQ3OWIxMGQyODI1NjljODczZTk1YmFhZGYwIn0=','2019-11-12 16:27:29.256875'),('cpfs1009ai9ztycrvhg2nmiywna395td','ZDhhMWI0ZDIzMzdjOTk2ZDgzYTk2MTM5NzA5OWVmNzIwNGQwOTEzOTp7Il9hdXRoX3VzZXJfaWQiOiIxIiwiX2F1dGhfdXNlcl9iYWNrZW5kIjoiZGphbmdvLmNvbnRyaWIuYXV0aC5iYWNrZW5kcy5Nb2RlbEJhY2tlbmQiLCJfYXV0aF91c2VyX2hhc2giOiI4MjRhNzExMzQ1ZmYxNWQwZTgzZTAwNDBjZGEzOGM3NmQ4YmQxOTA3In0=','2019-07-09 17:16:48.568000'),('cqpsizz1fhs5lolu1all80q4hhe4ml97','ZDhhMWI0ZDIzMzdjOTk2ZDgzYTk2MTM5NzA5OWVmNzIwNGQwOTEzOTp7Il9hdXRoX3VzZXJfaWQiOiIxIiwiX2F1dGhfdXNlcl9iYWNrZW5kIjoiZGphbmdvLmNvbnRyaWIuYXV0aC5iYWNrZW5kcy5Nb2RlbEJhY2tlbmQiLCJfYXV0aF91c2VyX2hhc2giOiI4MjRhNzExMzQ1ZmYxNWQwZTgzZTAwNDBjZGEzOGM3NmQ4YmQxOTA3In0=','2019-05-20 14:35:13.109000'),('csyxmvggn68wm70si7jruhe63nliyhme','MzVmMTVhOGFkOWYyZDY3NjVjNjYwODc0MjY2MzFhMzFiZjdmN2JmNDp7Il9hdXRoX3VzZXJfaWQiOiIxIiwiX2F1dGhfdXNlcl9iYWNrZW5kIjoiZGphbmdvLmNvbnRyaWIuYXV0aC5iYWNrZW5kcy5Nb2RlbEJhY2tlbmQiLCJfYXV0aF91c2VyX2hhc2giOiJkYzMwODYwMGQ1ZjdlZmQ3OWIxMGQyODI1NjljODczZTk1YmFhZGYwIn0=','2019-07-12 23:06:19.248000'),('d5iw57jcasxctvq5mm3d1y6sfpvnjyeb','MzVmMTVhOGFkOWYyZDY3NjVjNjYwODc0MjY2MzFhMzFiZjdmN2JmNDp7Il9hdXRoX3VzZXJfaWQiOiIxIiwiX2F1dGhfdXNlcl9iYWNrZW5kIjoiZGphbmdvLmNvbnRyaWIuYXV0aC5iYWNrZW5kcy5Nb2RlbEJhY2tlbmQiLCJfYXV0aF91c2VyX2hhc2giOiJkYzMwODYwMGQ1ZjdlZmQ3OWIxMGQyODI1NjljODczZTk1YmFhZGYwIn0=','2019-08-07 15:58:59.825671'),('dbbgm0ri5qgnle7d85fm3j6ulzl0w8b1','ZDhhMWI0ZDIzMzdjOTk2ZDgzYTk2MTM5NzA5OWVmNzIwNGQwOTEzOTp7Il9hdXRoX3VzZXJfaWQiOiIxIiwiX2F1dGhfdXNlcl9iYWNrZW5kIjoiZGphbmdvLmNvbnRyaWIuYXV0aC5iYWNrZW5kcy5Nb2RlbEJhY2tlbmQiLCJfYXV0aF91c2VyX2hhc2giOiI4MjRhNzExMzQ1ZmYxNWQwZTgzZTAwNDBjZGEzOGM3NmQ4YmQxOTA3In0=','2019-05-17 22:29:39.982000'),('dbd8gpfvwwljt9jmr2l6pbbogdy3sg42','ZDhhMWI0ZDIzMzdjOTk2ZDgzYTk2MTM5NzA5OWVmNzIwNGQwOTEzOTp7Il9hdXRoX3VzZXJfaWQiOiIxIiwiX2F1dGhfdXNlcl9iYWNrZW5kIjoiZGphbmdvLmNvbnRyaWIuYXV0aC5iYWNrZW5kcy5Nb2RlbEJhY2tlbmQiLCJfYXV0aF91c2VyX2hhc2giOiI4MjRhNzExMzQ1ZmYxNWQwZTgzZTAwNDBjZGEzOGM3NmQ4YmQxOTA3In0=','2019-06-13 21:42:45.519000'),('de7ovjwa4dyfvkq7djwe1sw9s416ymb7','MzVmMTVhOGFkOWYyZDY3NjVjNjYwODc0MjY2MzFhMzFiZjdmN2JmNDp7Il9hdXRoX3VzZXJfaWQiOiIxIiwiX2F1dGhfdXNlcl9iYWNrZW5kIjoiZGphbmdvLmNvbnRyaWIuYXV0aC5iYWNrZW5kcy5Nb2RlbEJhY2tlbmQiLCJfYXV0aF91c2VyX2hhc2giOiJkYzMwODYwMGQ1ZjdlZmQ3OWIxMGQyODI1NjljODczZTk1YmFhZGYwIn0=','2019-07-30 06:15:05.663135'),('dgih1xc6s49jjsan8n2r1h40eu0ydytz','MzVmMTVhOGFkOWYyZDY3NjVjNjYwODc0MjY2MzFhMzFiZjdmN2JmNDp7Il9hdXRoX3VzZXJfaWQiOiIxIiwiX2F1dGhfdXNlcl9iYWNrZW5kIjoiZGphbmdvLmNvbnRyaWIuYXV0aC5iYWNrZW5kcy5Nb2RlbEJhY2tlbmQiLCJfYXV0aF91c2VyX2hhc2giOiJkYzMwODYwMGQ1ZjdlZmQ3OWIxMGQyODI1NjljODczZTk1YmFhZGYwIn0=','2019-08-26 20:54:19.898376'),('dlymjn4ggou5xuqp71cb8wwjgq3b2v78','MzVmMTVhOGFkOWYyZDY3NjVjNjYwODc0MjY2MzFhMzFiZjdmN2JmNDp7Il9hdXRoX3VzZXJfaWQiOiIxIiwiX2F1dGhfdXNlcl9iYWNrZW5kIjoiZGphbmdvLmNvbnRyaWIuYXV0aC5iYWNrZW5kcy5Nb2RlbEJhY2tlbmQiLCJfYXV0aF91c2VyX2hhc2giOiJkYzMwODYwMGQ1ZjdlZmQ3OWIxMGQyODI1NjljODczZTk1YmFhZGYwIn0=','2019-08-16 22:38:58.816424'),('dofxstz4fd10qn5ikqpkjs2y4xnml2zs','ZDhhMWI0ZDIzMzdjOTk2ZDgzYTk2MTM5NzA5OWVmNzIwNGQwOTEzOTp7Il9hdXRoX3VzZXJfaWQiOiIxIiwiX2F1dGhfdXNlcl9iYWNrZW5kIjoiZGphbmdvLmNvbnRyaWIuYXV0aC5iYWNrZW5kcy5Nb2RlbEJhY2tlbmQiLCJfYXV0aF91c2VyX2hhc2giOiI4MjRhNzExMzQ1ZmYxNWQwZTgzZTAwNDBjZGEzOGM3NmQ4YmQxOTA3In0=','2019-07-04 16:06:53.028000'),('dqhy05rgfen26u9cvubt0dw6c5sj5w1x','ZDhhMWI0ZDIzMzdjOTk2ZDgzYTk2MTM5NzA5OWVmNzIwNGQwOTEzOTp7Il9hdXRoX3VzZXJfaWQiOiIxIiwiX2F1dGhfdXNlcl9iYWNrZW5kIjoiZGphbmdvLmNvbnRyaWIuYXV0aC5iYWNrZW5kcy5Nb2RlbEJhY2tlbmQiLCJfYXV0aF91c2VyX2hhc2giOiI4MjRhNzExMzQ1ZmYxNWQwZTgzZTAwNDBjZGEzOGM3NmQ4YmQxOTA3In0=','2019-07-09 19:28:13.979000'),('drvyntlij4nljybs540f857de8bd16kb','MzVmMTVhOGFkOWYyZDY3NjVjNjYwODc0MjY2MzFhMzFiZjdmN2JmNDp7Il9hdXRoX3VzZXJfaWQiOiIxIiwiX2F1dGhfdXNlcl9iYWNrZW5kIjoiZGphbmdvLmNvbnRyaWIuYXV0aC5iYWNrZW5kcy5Nb2RlbEJhY2tlbmQiLCJfYXV0aF91c2VyX2hhc2giOiJkYzMwODYwMGQ1ZjdlZmQ3OWIxMGQyODI1NjljODczZTk1YmFhZGYwIn0=','2019-07-12 23:14:27.025000'),('dwe9joz4tcytesk3kb8qjbhi7vy9xgbo','ZDhhMWI0ZDIzMzdjOTk2ZDgzYTk2MTM5NzA5OWVmNzIwNGQwOTEzOTp7Il9hdXRoX3VzZXJfaWQiOiIxIiwiX2F1dGhfdXNlcl9iYWNrZW5kIjoiZGphbmdvLmNvbnRyaWIuYXV0aC5iYWNrZW5kcy5Nb2RlbEJhY2tlbmQiLCJfYXV0aF91c2VyX2hhc2giOiI4MjRhNzExMzQ1ZmYxNWQwZTgzZTAwNDBjZGEzOGM3NmQ4YmQxOTA3In0=','2019-05-20 14:08:01.598000'),('e11xasv44xkl5slzc9n0lcjlqnt8jhcg','ZDhhMWI0ZDIzMzdjOTk2ZDgzYTk2MTM5NzA5OWVmNzIwNGQwOTEzOTp7Il9hdXRoX3VzZXJfaWQiOiIxIiwiX2F1dGhfdXNlcl9iYWNrZW5kIjoiZGphbmdvLmNvbnRyaWIuYXV0aC5iYWNrZW5kcy5Nb2RlbEJhY2tlbmQiLCJfYXV0aF91c2VyX2hhc2giOiI4MjRhNzExMzQ1ZmYxNWQwZTgzZTAwNDBjZGEzOGM3NmQ4YmQxOTA3In0=','2019-07-09 15:36:53.718000'),('e2ar23jugvyfe36bunqcxwmr8l91bi4l','MzVmMTVhOGFkOWYyZDY3NjVjNjYwODc0MjY2MzFhMzFiZjdmN2JmNDp7Il9hdXRoX3VzZXJfaWQiOiIxIiwiX2F1dGhfdXNlcl9iYWNrZW5kIjoiZGphbmdvLmNvbnRyaWIuYXV0aC5iYWNrZW5kcy5Nb2RlbEJhY2tlbmQiLCJfYXV0aF91c2VyX2hhc2giOiJkYzMwODYwMGQ1ZjdlZmQ3OWIxMGQyODI1NjljODczZTk1YmFhZGYwIn0=','2019-08-05 22:53:58.034610'),('e2j51acmow1uhq8stw70xowl1h58c0du','MzVmMTVhOGFkOWYyZDY3NjVjNjYwODc0MjY2MzFhMzFiZjdmN2JmNDp7Il9hdXRoX3VzZXJfaWQiOiIxIiwiX2F1dGhfdXNlcl9iYWNrZW5kIjoiZGphbmdvLmNvbnRyaWIuYXV0aC5iYWNrZW5kcy5Nb2RlbEJhY2tlbmQiLCJfYXV0aF91c2VyX2hhc2giOiJkYzMwODYwMGQ1ZjdlZmQ3OWIxMGQyODI1NjljODczZTk1YmFhZGYwIn0=','2019-07-09 22:17:57.198000'),('e2yvxdd54wuy0m3y41n8bq2qnjo2hyzj','MzVmMTVhOGFkOWYyZDY3NjVjNjYwODc0MjY2MzFhMzFiZjdmN2JmNDp7Il9hdXRoX3VzZXJfaWQiOiIxIiwiX2F1dGhfdXNlcl9iYWNrZW5kIjoiZGphbmdvLmNvbnRyaWIuYXV0aC5iYWNrZW5kcy5Nb2RlbEJhY2tlbmQiLCJfYXV0aF91c2VyX2hhc2giOiJkYzMwODYwMGQ1ZjdlZmQ3OWIxMGQyODI1NjljODczZTk1YmFhZGYwIn0=','2019-09-13 16:12:41.404434'),('e33icwuw5pjin608978qlw4395x6vv6f','ZDhhMWI0ZDIzMzdjOTk2ZDgzYTk2MTM5NzA5OWVmNzIwNGQwOTEzOTp7Il9hdXRoX3VzZXJfaWQiOiIxIiwiX2F1dGhfdXNlcl9iYWNrZW5kIjoiZGphbmdvLmNvbnRyaWIuYXV0aC5iYWNrZW5kcy5Nb2RlbEJhY2tlbmQiLCJfYXV0aF91c2VyX2hhc2giOiI4MjRhNzExMzQ1ZmYxNWQwZTgzZTAwNDBjZGEzOGM3NmQ4YmQxOTA3In0=','2019-05-29 01:29:15.173000'),('e38nff1nn12dwf8grsiowgrnw3za3det','ZDhhMWI0ZDIzMzdjOTk2ZDgzYTk2MTM5NzA5OWVmNzIwNGQwOTEzOTp7Il9hdXRoX3VzZXJfaWQiOiIxIiwiX2F1dGhfdXNlcl9iYWNrZW5kIjoiZGphbmdvLmNvbnRyaWIuYXV0aC5iYWNrZW5kcy5Nb2RlbEJhY2tlbmQiLCJfYXV0aF91c2VyX2hhc2giOiI4MjRhNzExMzQ1ZmYxNWQwZTgzZTAwNDBjZGEzOGM3NmQ4YmQxOTA3In0=','2019-07-05 20:31:22.125000'),('e86dr5973q0526m6trzqa61rfx3pn4cb','MzVmMTVhOGFkOWYyZDY3NjVjNjYwODc0MjY2MzFhMzFiZjdmN2JmNDp7Il9hdXRoX3VzZXJfaWQiOiIxIiwiX2F1dGhfdXNlcl9iYWNrZW5kIjoiZGphbmdvLmNvbnRyaWIuYXV0aC5iYWNrZW5kcy5Nb2RlbEJhY2tlbmQiLCJfYXV0aF91c2VyX2hhc2giOiJkYzMwODYwMGQ1ZjdlZmQ3OWIxMGQyODI1NjljODczZTk1YmFhZGYwIn0=','2019-07-09 20:13:33.963000'),('e88cer2yqmgk33oc9qx4y3uk1psjubuq','MzVmMTVhOGFkOWYyZDY3NjVjNjYwODc0MjY2MzFhMzFiZjdmN2JmNDp7Il9hdXRoX3VzZXJfaWQiOiIxIiwiX2F1dGhfdXNlcl9iYWNrZW5kIjoiZGphbmdvLmNvbnRyaWIuYXV0aC5iYWNrZW5kcy5Nb2RlbEJhY2tlbmQiLCJfYXV0aF91c2VyX2hhc2giOiJkYzMwODYwMGQ1ZjdlZmQ3OWIxMGQyODI1NjljODczZTk1YmFhZGYwIn0=','2019-07-22 22:38:08.205983'),('edtdnx9laxvlqd5hjsu70q6zkyz69h7u','MzVmMTVhOGFkOWYyZDY3NjVjNjYwODc0MjY2MzFhMzFiZjdmN2JmNDp7Il9hdXRoX3VzZXJfaWQiOiIxIiwiX2F1dGhfdXNlcl9iYWNrZW5kIjoiZGphbmdvLmNvbnRyaWIuYXV0aC5iYWNrZW5kcy5Nb2RlbEJhY2tlbmQiLCJfYXV0aF91c2VyX2hhc2giOiJkYzMwODYwMGQ1ZjdlZmQ3OWIxMGQyODI1NjljODczZTk1YmFhZGYwIn0=','2019-08-26 22:03:04.049288'),('ee5ubkd771if13f68d166hat6u5gu8ls','MzVmMTVhOGFkOWYyZDY3NjVjNjYwODc0MjY2MzFhMzFiZjdmN2JmNDp7Il9hdXRoX3VzZXJfaWQiOiIxIiwiX2F1dGhfdXNlcl9iYWNrZW5kIjoiZGphbmdvLmNvbnRyaWIuYXV0aC5iYWNrZW5kcy5Nb2RlbEJhY2tlbmQiLCJfYXV0aF91c2VyX2hhc2giOiJkYzMwODYwMGQ1ZjdlZmQ3OWIxMGQyODI1NjljODczZTk1YmFhZGYwIn0=','2019-08-01 15:00:29.280954'),('eei3g1fc5p8tpvdar4z5wucgapwmf8sy','MzQyMDg2MzEyMTMxYzJiNDUzOWFkNzA4OWY2NTlkNmY1Y2RhYzk0ODp7Il9hdXRoX3VzZXJfaWQiOiIxIiwiX2F1dGhfdXNlcl9iYWNrZW5kIjoiZGphbmdvLmNvbnRyaWIuYXV0aC5iYWNrZW5kcy5Nb2RlbEJhY2tlbmQiLCJfYXV0aF91c2VyX2hhc2giOiIzYjY3ZjU4NmEzYjJjMWFlZTE5Njk4NDE4N2M4ZDc1ZGM1MzE0ZTAxIn0=','2021-11-15 20:06:46.011739'),('ef9ueppoxuhrrzguiwimmp4scplpfnki','MzVmMTVhOGFkOWYyZDY3NjVjNjYwODc0MjY2MzFhMzFiZjdmN2JmNDp7Il9hdXRoX3VzZXJfaWQiOiIxIiwiX2F1dGhfdXNlcl9iYWNrZW5kIjoiZGphbmdvLmNvbnRyaWIuYXV0aC5iYWNrZW5kcy5Nb2RlbEJhY2tlbmQiLCJfYXV0aF91c2VyX2hhc2giOiJkYzMwODYwMGQ1ZjdlZmQ3OWIxMGQyODI1NjljODczZTk1YmFhZGYwIn0=','2019-07-16 17:11:43.597000'),('eja7at3luqmiozrbf1vhfslf44s2vu04','MzVmMTVhOGFkOWYyZDY3NjVjNjYwODc0MjY2MzFhMzFiZjdmN2JmNDp7Il9hdXRoX3VzZXJfaWQiOiIxIiwiX2F1dGhfdXNlcl9iYWNrZW5kIjoiZGphbmdvLmNvbnRyaWIuYXV0aC5iYWNrZW5kcy5Nb2RlbEJhY2tlbmQiLCJfYXV0aF91c2VyX2hhc2giOiJkYzMwODYwMGQ1ZjdlZmQ3OWIxMGQyODI1NjljODczZTk1YmFhZGYwIn0=','2019-08-26 21:25:35.578932'),('endv6ald0wspk8fwz9ua6500x9l8ao7t','MzVmMTVhOGFkOWYyZDY3NjVjNjYwODc0MjY2MzFhMzFiZjdmN2JmNDp7Il9hdXRoX3VzZXJfaWQiOiIxIiwiX2F1dGhfdXNlcl9iYWNrZW5kIjoiZGphbmdvLmNvbnRyaWIuYXV0aC5iYWNrZW5kcy5Nb2RlbEJhY2tlbmQiLCJfYXV0aF91c2VyX2hhc2giOiJkYzMwODYwMGQ1ZjdlZmQ3OWIxMGQyODI1NjljODczZTk1YmFhZGYwIn0=','2019-10-07 14:10:55.829217'),('exudjsnbodrw1ds54baz4v9n2bhxp8ij','MzVmMTVhOGFkOWYyZDY3NjVjNjYwODc0MjY2MzFhMzFiZjdmN2JmNDp7Il9hdXRoX3VzZXJfaWQiOiIxIiwiX2F1dGhfdXNlcl9iYWNrZW5kIjoiZGphbmdvLmNvbnRyaWIuYXV0aC5iYWNrZW5kcy5Nb2RlbEJhY2tlbmQiLCJfYXV0aF91c2VyX2hhc2giOiJkYzMwODYwMGQ1ZjdlZmQ3OWIxMGQyODI1NjljODczZTk1YmFhZGYwIn0=','2019-10-17 13:46:21.947014'),('eyzxee1oiupjp9ien4wpl2grzagst2i4','MzVmMTVhOGFkOWYyZDY3NjVjNjYwODc0MjY2MzFhMzFiZjdmN2JmNDp7Il9hdXRoX3VzZXJfaWQiOiIxIiwiX2F1dGhfdXNlcl9iYWNrZW5kIjoiZGphbmdvLmNvbnRyaWIuYXV0aC5iYWNrZW5kcy5Nb2RlbEJhY2tlbmQiLCJfYXV0aF91c2VyX2hhc2giOiJkYzMwODYwMGQ1ZjdlZmQ3OWIxMGQyODI1NjljODczZTk1YmFhZGYwIn0=','2019-08-26 21:20:43.522823'),('ezx70wxc700qmb1rwnyyei8nk3odd4g2','ZDhhMWI0ZDIzMzdjOTk2ZDgzYTk2MTM5NzA5OWVmNzIwNGQwOTEzOTp7Il9hdXRoX3VzZXJfaWQiOiIxIiwiX2F1dGhfdXNlcl9iYWNrZW5kIjoiZGphbmdvLmNvbnRyaWIuYXV0aC5iYWNrZW5kcy5Nb2RlbEJhY2tlbmQiLCJfYXV0aF91c2VyX2hhc2giOiI4MjRhNzExMzQ1ZmYxNWQwZTgzZTAwNDBjZGEzOGM3NmQ4YmQxOTA3In0=','2019-07-09 15:36:29.330000'),('f1pai1uxbpt4tq53hrvl78px7k6o8zs9','YTkxODY0ZTA0OTg1MzMzMDdiMDNjNThkNzU0NTkyZDZhMTBiNTU4Nzp7Il9hdXRoX3VzZXJfaWQiOiIxIiwiX2F1dGhfdXNlcl9iYWNrZW5kIjoiZGphbmdvLmNvbnRyaWIuYXV0aC5iYWNrZW5kcy5Nb2RlbEJhY2tlbmQiLCJfYXV0aF91c2VyX2hhc2giOiI0OGU1ZWQ3MjhlNjhlZGFhYmVlYTU2YWU3MTc3NTE0MGVlZGIwYTg5In0=','2021-02-23 22:07:17.419935'),('f28xkqzh1frqyqqk8c00q8qt4nzf0m08','MzVmMTVhOGFkOWYyZDY3NjVjNjYwODc0MjY2MzFhMzFiZjdmN2JmNDp7Il9hdXRoX3VzZXJfaWQiOiIxIiwiX2F1dGhfdXNlcl9iYWNrZW5kIjoiZGphbmdvLmNvbnRyaWIuYXV0aC5iYWNrZW5kcy5Nb2RlbEJhY2tlbmQiLCJfYXV0aF91c2VyX2hhc2giOiJkYzMwODYwMGQ1ZjdlZmQ3OWIxMGQyODI1NjljODczZTk1YmFhZGYwIn0=','2019-08-02 17:40:48.101123'),('f2cseq0i5g1vz2dx0wfk32r5qc4uuk71','ZDhhMWI0ZDIzMzdjOTk2ZDgzYTk2MTM5NzA5OWVmNzIwNGQwOTEzOTp7Il9hdXRoX3VzZXJfaWQiOiIxIiwiX2F1dGhfdXNlcl9iYWNrZW5kIjoiZGphbmdvLmNvbnRyaWIuYXV0aC5iYWNrZW5kcy5Nb2RlbEJhY2tlbmQiLCJfYXV0aF91c2VyX2hhc2giOiI4MjRhNzExMzQ1ZmYxNWQwZTgzZTAwNDBjZGEzOGM3NmQ4YmQxOTA3In0=','2019-07-04 21:41:20.519000'),('f7ihkk7fi8fm5yonxmd943hq05lgxxkc','MzVmMTVhOGFkOWYyZDY3NjVjNjYwODc0MjY2MzFhMzFiZjdmN2JmNDp7Il9hdXRoX3VzZXJfaWQiOiIxIiwiX2F1dGhfdXNlcl9iYWNrZW5kIjoiZGphbmdvLmNvbnRyaWIuYXV0aC5iYWNrZW5kcy5Nb2RlbEJhY2tlbmQiLCJfYXV0aF91c2VyX2hhc2giOiJkYzMwODYwMGQ1ZjdlZmQ3OWIxMGQyODI1NjljODczZTk1YmFhZGYwIn0=','2019-10-05 18:42:10.669418'),('f7u3fbvgb25nektpbee44xl4qn77nzd5','MzVmMTVhOGFkOWYyZDY3NjVjNjYwODc0MjY2MzFhMzFiZjdmN2JmNDp7Il9hdXRoX3VzZXJfaWQiOiIxIiwiX2F1dGhfdXNlcl9iYWNrZW5kIjoiZGphbmdvLmNvbnRyaWIuYXV0aC5iYWNrZW5kcy5Nb2RlbEJhY2tlbmQiLCJfYXV0aF91c2VyX2hhc2giOiJkYzMwODYwMGQ1ZjdlZmQ3OWIxMGQyODI1NjljODczZTk1YmFhZGYwIn0=','2019-10-07 13:38:31.051373'),('f992suhxq0z7io1cyjs9rjlyltrdredd','MzVmMTVhOGFkOWYyZDY3NjVjNjYwODc0MjY2MzFhMzFiZjdmN2JmNDp7Il9hdXRoX3VzZXJfaWQiOiIxIiwiX2F1dGhfdXNlcl9iYWNrZW5kIjoiZGphbmdvLmNvbnRyaWIuYXV0aC5iYWNrZW5kcy5Nb2RlbEJhY2tlbmQiLCJfYXV0aF91c2VyX2hhc2giOiJkYzMwODYwMGQ1ZjdlZmQ3OWIxMGQyODI1NjljODczZTk1YmFhZGYwIn0=','2019-08-07 19:32:12.016459'),('ffhp7p8rd1q9s32cxb3lh8u4phlw8886','MzVmMTVhOGFkOWYyZDY3NjVjNjYwODc0MjY2MzFhMzFiZjdmN2JmNDp7Il9hdXRoX3VzZXJfaWQiOiIxIiwiX2F1dGhfdXNlcl9iYWNrZW5kIjoiZGphbmdvLmNvbnRyaWIuYXV0aC5iYWNrZW5kcy5Nb2RlbEJhY2tlbmQiLCJfYXV0aF91c2VyX2hhc2giOiJkYzMwODYwMGQ1ZjdlZmQ3OWIxMGQyODI1NjljODczZTk1YmFhZGYwIn0=','2019-08-29 15:15:15.493260'),('fiaqzpmudus14jmf3prrj5grftm8j7re','ZDhhMWI0ZDIzMzdjOTk2ZDgzYTk2MTM5NzA5OWVmNzIwNGQwOTEzOTp7Il9hdXRoX3VzZXJfaWQiOiIxIiwiX2F1dGhfdXNlcl9iYWNrZW5kIjoiZGphbmdvLmNvbnRyaWIuYXV0aC5iYWNrZW5kcy5Nb2RlbEJhY2tlbmQiLCJfYXV0aF91c2VyX2hhc2giOiI4MjRhNzExMzQ1ZmYxNWQwZTgzZTAwNDBjZGEzOGM3NmQ4YmQxOTA3In0=','2019-05-10 15:32:32.944000'),('fjlp9hab2vae8fjibsfoswbnmiocoeaa','YTkxODY0ZTA0OTg1MzMzMDdiMDNjNThkNzU0NTkyZDZhMTBiNTU4Nzp7Il9hdXRoX3VzZXJfaWQiOiIxIiwiX2F1dGhfdXNlcl9iYWNrZW5kIjoiZGphbmdvLmNvbnRyaWIuYXV0aC5iYWNrZW5kcy5Nb2RlbEJhY2tlbmQiLCJfYXV0aF91c2VyX2hhc2giOiI0OGU1ZWQ3MjhlNjhlZGFhYmVlYTU2YWU3MTc3NTE0MGVlZGIwYTg5In0=','2019-12-16 14:42:20.441149'),('fl6rhao3oe57ckzowdtr47to7sgbzpuc','ZDhhMWI0ZDIzMzdjOTk2ZDgzYTk2MTM5NzA5OWVmNzIwNGQwOTEzOTp7Il9hdXRoX3VzZXJfaWQiOiIxIiwiX2F1dGhfdXNlcl9iYWNrZW5kIjoiZGphbmdvLmNvbnRyaWIuYXV0aC5iYWNrZW5kcy5Nb2RlbEJhY2tlbmQiLCJfYXV0aF91c2VyX2hhc2giOiI4MjRhNzExMzQ1ZmYxNWQwZTgzZTAwNDBjZGEzOGM3NmQ4YmQxOTA3In0=','2019-05-23 14:02:32.050000'),('fr0bvbrx2zrcjumt9vinaiywgbfn13f1','ZDhhMWI0ZDIzMzdjOTk2ZDgzYTk2MTM5NzA5OWVmNzIwNGQwOTEzOTp7Il9hdXRoX3VzZXJfaWQiOiIxIiwiX2F1dGhfdXNlcl9iYWNrZW5kIjoiZGphbmdvLmNvbnRyaWIuYXV0aC5iYWNrZW5kcy5Nb2RlbEJhY2tlbmQiLCJfYXV0aF91c2VyX2hhc2giOiI4MjRhNzExMzQ1ZmYxNWQwZTgzZTAwNDBjZGEzOGM3NmQ4YmQxOTA3In0=','2019-05-22 15:20:52.812000'),('fsdmb6lexnggfvia8izsvce5nfnugm48','ZDhhMWI0ZDIzMzdjOTk2ZDgzYTk2MTM5NzA5OWVmNzIwNGQwOTEzOTp7Il9hdXRoX3VzZXJfaWQiOiIxIiwiX2F1dGhfdXNlcl9iYWNrZW5kIjoiZGphbmdvLmNvbnRyaWIuYXV0aC5iYWNrZW5kcy5Nb2RlbEJhY2tlbmQiLCJfYXV0aF91c2VyX2hhc2giOiI4MjRhNzExMzQ1ZmYxNWQwZTgzZTAwNDBjZGEzOGM3NmQ4YmQxOTA3In0=','2019-05-21 19:15:36.176000'),('fu384tg3ohyg1al7mazsf0s671cihrbt','MzVmMTVhOGFkOWYyZDY3NjVjNjYwODc0MjY2MzFhMzFiZjdmN2JmNDp7Il9hdXRoX3VzZXJfaWQiOiIxIiwiX2F1dGhfdXNlcl9iYWNrZW5kIjoiZGphbmdvLmNvbnRyaWIuYXV0aC5iYWNrZW5kcy5Nb2RlbEJhY2tlbmQiLCJfYXV0aF91c2VyX2hhc2giOiJkYzMwODYwMGQ1ZjdlZmQ3OWIxMGQyODI1NjljODczZTk1YmFhZGYwIn0=','2019-11-14 22:37:20.693282'),('fucxemqjjr7j5go0o00ofhkbf2iyj1oq','MzVmMTVhOGFkOWYyZDY3NjVjNjYwODc0MjY2MzFhMzFiZjdmN2JmNDp7Il9hdXRoX3VzZXJfaWQiOiIxIiwiX2F1dGhfdXNlcl9iYWNrZW5kIjoiZGphbmdvLmNvbnRyaWIuYXV0aC5iYWNrZW5kcy5Nb2RlbEJhY2tlbmQiLCJfYXV0aF91c2VyX2hhc2giOiJkYzMwODYwMGQ1ZjdlZmQ3OWIxMGQyODI1NjljODczZTk1YmFhZGYwIn0=','2019-08-07 17:33:55.682844'),('ful0yvg0hvjmjobd5je7oww83ofhj0sm','ZDhhMWI0ZDIzMzdjOTk2ZDgzYTk2MTM5NzA5OWVmNzIwNGQwOTEzOTp7Il9hdXRoX3VzZXJfaWQiOiIxIiwiX2F1dGhfdXNlcl9iYWNrZW5kIjoiZGphbmdvLmNvbnRyaWIuYXV0aC5iYWNrZW5kcy5Nb2RlbEJhY2tlbmQiLCJfYXV0aF91c2VyX2hhc2giOiI4MjRhNzExMzQ1ZmYxNWQwZTgzZTAwNDBjZGEzOGM3NmQ4YmQxOTA3In0=','2019-07-09 15:20:58.470000'),('fw7blnm7stvmpmaaxxt8dv1gw69j0uhw','MzVmMTVhOGFkOWYyZDY3NjVjNjYwODc0MjY2MzFhMzFiZjdmN2JmNDp7Il9hdXRoX3VzZXJfaWQiOiIxIiwiX2F1dGhfdXNlcl9iYWNrZW5kIjoiZGphbmdvLmNvbnRyaWIuYXV0aC5iYWNrZW5kcy5Nb2RlbEJhY2tlbmQiLCJfYXV0aF91c2VyX2hhc2giOiJkYzMwODYwMGQ1ZjdlZmQ3OWIxMGQyODI1NjljODczZTk1YmFhZGYwIn0=','2019-09-03 21:06:57.019350'),('fxda8d77cau1gpaprfhxtkbutzoiq5wx','MzVmMTVhOGFkOWYyZDY3NjVjNjYwODc0MjY2MzFhMzFiZjdmN2JmNDp7Il9hdXRoX3VzZXJfaWQiOiIxIiwiX2F1dGhfdXNlcl9iYWNrZW5kIjoiZGphbmdvLmNvbnRyaWIuYXV0aC5iYWNrZW5kcy5Nb2RlbEJhY2tlbmQiLCJfYXV0aF91c2VyX2hhc2giOiJkYzMwODYwMGQ1ZjdlZmQ3OWIxMGQyODI1NjljODczZTk1YmFhZGYwIn0=','2019-07-31 19:27:54.441879'),('fxqf221qdhrpwrztd8qcifjyo442uccs','ZDhhMWI0ZDIzMzdjOTk2ZDgzYTk2MTM5NzA5OWVmNzIwNGQwOTEzOTp7Il9hdXRoX3VzZXJfaWQiOiIxIiwiX2F1dGhfdXNlcl9iYWNrZW5kIjoiZGphbmdvLmNvbnRyaWIuYXV0aC5iYWNrZW5kcy5Nb2RlbEJhY2tlbmQiLCJfYXV0aF91c2VyX2hhc2giOiI4MjRhNzExMzQ1ZmYxNWQwZTgzZTAwNDBjZGEzOGM3NmQ4YmQxOTA3In0=','2019-06-13 13:37:04.744000'),('g0k07kdigz3bq1erzv4kppekqw0q5v9i','MzVmMTVhOGFkOWYyZDY3NjVjNjYwODc0MjY2MzFhMzFiZjdmN2JmNDp7Il9hdXRoX3VzZXJfaWQiOiIxIiwiX2F1dGhfdXNlcl9iYWNrZW5kIjoiZGphbmdvLmNvbnRyaWIuYXV0aC5iYWNrZW5kcy5Nb2RlbEJhY2tlbmQiLCJfYXV0aF91c2VyX2hhc2giOiJkYzMwODYwMGQ1ZjdlZmQ3OWIxMGQyODI1NjljODczZTk1YmFhZGYwIn0=','2019-07-12 19:47:31.421000'),('g2vtjvcpmqsiho8ihgo7fqk5yq1bmtp3','MzVmMTVhOGFkOWYyZDY3NjVjNjYwODc0MjY2MzFhMzFiZjdmN2JmNDp7Il9hdXRoX3VzZXJfaWQiOiIxIiwiX2F1dGhfdXNlcl9iYWNrZW5kIjoiZGphbmdvLmNvbnRyaWIuYXV0aC5iYWNrZW5kcy5Nb2RlbEJhY2tlbmQiLCJfYXV0aF91c2VyX2hhc2giOiJkYzMwODYwMGQ1ZjdlZmQ3OWIxMGQyODI1NjljODczZTk1YmFhZGYwIn0=','2019-07-09 19:55:50.777000'),('g31vsc3ye4vxmqifks1vv6guc6mbzpi9','ZDhhMWI0ZDIzMzdjOTk2ZDgzYTk2MTM5NzA5OWVmNzIwNGQwOTEzOTp7Il9hdXRoX3VzZXJfaWQiOiIxIiwiX2F1dGhfdXNlcl9iYWNrZW5kIjoiZGphbmdvLmNvbnRyaWIuYXV0aC5iYWNrZW5kcy5Nb2RlbEJhY2tlbmQiLCJfYXV0aF91c2VyX2hhc2giOiI4MjRhNzExMzQ1ZmYxNWQwZTgzZTAwNDBjZGEzOGM3NmQ4YmQxOTA3In0=','2019-07-09 20:09:48.268000'),('g9tdnc119wbtcs4j2m49w6k1ydu6ux19','MzVmMTVhOGFkOWYyZDY3NjVjNjYwODc0MjY2MzFhMzFiZjdmN2JmNDp7Il9hdXRoX3VzZXJfaWQiOiIxIiwiX2F1dGhfdXNlcl9iYWNrZW5kIjoiZGphbmdvLmNvbnRyaWIuYXV0aC5iYWNrZW5kcy5Nb2RlbEJhY2tlbmQiLCJfYXV0aF91c2VyX2hhc2giOiJkYzMwODYwMGQ1ZjdlZmQ3OWIxMGQyODI1NjljODczZTk1YmFhZGYwIn0=','2019-07-12 20:19:00.601000'),('ga1ov5eod3846bwwen16kjmj6aabuvcd','MzVmMTVhOGFkOWYyZDY3NjVjNjYwODc0MjY2MzFhMzFiZjdmN2JmNDp7Il9hdXRoX3VzZXJfaWQiOiIxIiwiX2F1dGhfdXNlcl9iYWNrZW5kIjoiZGphbmdvLmNvbnRyaWIuYXV0aC5iYWNrZW5kcy5Nb2RlbEJhY2tlbmQiLCJfYXV0aF91c2VyX2hhc2giOiJkYzMwODYwMGQ1ZjdlZmQ3OWIxMGQyODI1NjljODczZTk1YmFhZGYwIn0=','2019-11-13 14:01:29.735269'),('ggmeaj6okbaazbzjp9fq2ft7lmh8kpmw','ZDhhMWI0ZDIzMzdjOTk2ZDgzYTk2MTM5NzA5OWVmNzIwNGQwOTEzOTp7Il9hdXRoX3VzZXJfaWQiOiIxIiwiX2F1dGhfdXNlcl9iYWNrZW5kIjoiZGphbmdvLmNvbnRyaWIuYXV0aC5iYWNrZW5kcy5Nb2RlbEJhY2tlbmQiLCJfYXV0aF91c2VyX2hhc2giOiI4MjRhNzExMzQ1ZmYxNWQwZTgzZTAwNDBjZGEzOGM3NmQ4YmQxOTA3In0=','2019-07-09 19:15:58.550000'),('gl8g8p70xvd5ru9isk1h254ok74ojz80','MzVmMTVhOGFkOWYyZDY3NjVjNjYwODc0MjY2MzFhMzFiZjdmN2JmNDp7Il9hdXRoX3VzZXJfaWQiOiIxIiwiX2F1dGhfdXNlcl9iYWNrZW5kIjoiZGphbmdvLmNvbnRyaWIuYXV0aC5iYWNrZW5kcy5Nb2RlbEJhY2tlbmQiLCJfYXV0aF91c2VyX2hhc2giOiJkYzMwODYwMGQ1ZjdlZmQ3OWIxMGQyODI1NjljODczZTk1YmFhZGYwIn0=','2019-08-05 21:12:09.998443'),('gly0cg0tlf0l6ahaq487dv5je9tv05y2','ZDhhMWI0ZDIzMzdjOTk2ZDgzYTk2MTM5NzA5OWVmNzIwNGQwOTEzOTp7Il9hdXRoX3VzZXJfaWQiOiIxIiwiX2F1dGhfdXNlcl9iYWNrZW5kIjoiZGphbmdvLmNvbnRyaWIuYXV0aC5iYWNrZW5kcy5Nb2RlbEJhY2tlbmQiLCJfYXV0aF91c2VyX2hhc2giOiI4MjRhNzExMzQ1ZmYxNWQwZTgzZTAwNDBjZGEzOGM3NmQ4YmQxOTA3In0=','2019-07-04 16:08:50.114000'),('gp7senz6u96a5fbhcp27fj95ufllk5lz','MzVmMTVhOGFkOWYyZDY3NjVjNjYwODc0MjY2MzFhMzFiZjdmN2JmNDp7Il9hdXRoX3VzZXJfaWQiOiIxIiwiX2F1dGhfdXNlcl9iYWNrZW5kIjoiZGphbmdvLmNvbnRyaWIuYXV0aC5iYWNrZW5kcy5Nb2RlbEJhY2tlbmQiLCJfYXV0aF91c2VyX2hhc2giOiJkYzMwODYwMGQ1ZjdlZmQ3OWIxMGQyODI1NjljODczZTk1YmFhZGYwIn0=','2019-08-29 20:19:13.393298'),('gq981gf1hmfnb09ek4yixg2tukivty9l','ZDhhMWI0ZDIzMzdjOTk2ZDgzYTk2MTM5NzA5OWVmNzIwNGQwOTEzOTp7Il9hdXRoX3VzZXJfaWQiOiIxIiwiX2F1dGhfdXNlcl9iYWNrZW5kIjoiZGphbmdvLmNvbnRyaWIuYXV0aC5iYWNrZW5kcy5Nb2RlbEJhY2tlbmQiLCJfYXV0aF91c2VyX2hhc2giOiI4MjRhNzExMzQ1ZmYxNWQwZTgzZTAwNDBjZGEzOGM3NmQ4YmQxOTA3In0=','2019-07-09 15:08:30.594000'),('groe8e0k0vuqi9lnqnmn6f0xwy42xl5s','MzVmMTVhOGFkOWYyZDY3NjVjNjYwODc0MjY2MzFhMzFiZjdmN2JmNDp7Il9hdXRoX3VzZXJfaWQiOiIxIiwiX2F1dGhfdXNlcl9iYWNrZW5kIjoiZGphbmdvLmNvbnRyaWIuYXV0aC5iYWNrZW5kcy5Nb2RlbEJhY2tlbmQiLCJfYXV0aF91c2VyX2hhc2giOiJkYzMwODYwMGQ1ZjdlZmQ3OWIxMGQyODI1NjljODczZTk1YmFhZGYwIn0=','2019-08-28 04:44:25.243407'),('gty9syvn3x5s1nqu44vye463biq2mrnh','ZDhhMWI0ZDIzMzdjOTk2ZDgzYTk2MTM5NzA5OWVmNzIwNGQwOTEzOTp7Il9hdXRoX3VzZXJfaWQiOiIxIiwiX2F1dGhfdXNlcl9iYWNrZW5kIjoiZGphbmdvLmNvbnRyaWIuYXV0aC5iYWNrZW5kcy5Nb2RlbEJhY2tlbmQiLCJfYXV0aF91c2VyX2hhc2giOiI4MjRhNzExMzQ1ZmYxNWQwZTgzZTAwNDBjZGEzOGM3NmQ4YmQxOTA3In0=','2019-07-09 19:27:49.036000'),('guvs9gdklz5w8znkmrykct74vj9wwkrf','MzVmMTVhOGFkOWYyZDY3NjVjNjYwODc0MjY2MzFhMzFiZjdmN2JmNDp7Il9hdXRoX3VzZXJfaWQiOiIxIiwiX2F1dGhfdXNlcl9iYWNrZW5kIjoiZGphbmdvLmNvbnRyaWIuYXV0aC5iYWNrZW5kcy5Nb2RlbEJhY2tlbmQiLCJfYXV0aF91c2VyX2hhc2giOiJkYzMwODYwMGQ1ZjdlZmQ3OWIxMGQyODI1NjljODczZTk1YmFhZGYwIn0=','2019-08-12 05:31:55.396667'),('gw3qu9aeyt81o8uf5wq2f13nrslpmz63','ZDhhMWI0ZDIzMzdjOTk2ZDgzYTk2MTM5NzA5OWVmNzIwNGQwOTEzOTp7Il9hdXRoX3VzZXJfaWQiOiIxIiwiX2F1dGhfdXNlcl9iYWNrZW5kIjoiZGphbmdvLmNvbnRyaWIuYXV0aC5iYWNrZW5kcy5Nb2RlbEJhY2tlbmQiLCJfYXV0aF91c2VyX2hhc2giOiI4MjRhNzExMzQ1ZmYxNWQwZTgzZTAwNDBjZGEzOGM3NmQ4YmQxOTA3In0=','2019-06-11 05:45:46.719000'),('h34z88hq27ypun94ig6dmyj20jqd2g79','MzVmMTVhOGFkOWYyZDY3NjVjNjYwODc0MjY2MzFhMzFiZjdmN2JmNDp7Il9hdXRoX3VzZXJfaWQiOiIxIiwiX2F1dGhfdXNlcl9iYWNrZW5kIjoiZGphbmdvLmNvbnRyaWIuYXV0aC5iYWNrZW5kcy5Nb2RlbEJhY2tlbmQiLCJfYXV0aF91c2VyX2hhc2giOiJkYzMwODYwMGQ1ZjdlZmQ3OWIxMGQyODI1NjljODczZTk1YmFhZGYwIn0=','2019-08-11 18:11:13.174476'),('h3u4tze3beutg8ae2e5l8v3nz7n5zh26','YTkxODY0ZTA0OTg1MzMzMDdiMDNjNThkNzU0NTkyZDZhMTBiNTU4Nzp7Il9hdXRoX3VzZXJfaWQiOiIxIiwiX2F1dGhfdXNlcl9iYWNrZW5kIjoiZGphbmdvLmNvbnRyaWIuYXV0aC5iYWNrZW5kcy5Nb2RlbEJhY2tlbmQiLCJfYXV0aF91c2VyX2hhc2giOiI0OGU1ZWQ3MjhlNjhlZGFhYmVlYTU2YWU3MTc3NTE0MGVlZGIwYTg5In0=','2020-02-28 14:14:45.808237'),('hc65pwc6jfke9f62mcch6if2x9sw4yvn','ZDhhMWI0ZDIzMzdjOTk2ZDgzYTk2MTM5NzA5OWVmNzIwNGQwOTEzOTp7Il9hdXRoX3VzZXJfaWQiOiIxIiwiX2F1dGhfdXNlcl9iYWNrZW5kIjoiZGphbmdvLmNvbnRyaWIuYXV0aC5iYWNrZW5kcy5Nb2RlbEJhY2tlbmQiLCJfYXV0aF91c2VyX2hhc2giOiI4MjRhNzExMzQ1ZmYxNWQwZTgzZTAwNDBjZGEzOGM3NmQ4YmQxOTA3In0=','2019-07-05 21:47:20.728000'),('hd4wde0w05n1i60jdm5qrae6q4htr2mh','ZDhhMWI0ZDIzMzdjOTk2ZDgzYTk2MTM5NzA5OWVmNzIwNGQwOTEzOTp7Il9hdXRoX3VzZXJfaWQiOiIxIiwiX2F1dGhfdXNlcl9iYWNrZW5kIjoiZGphbmdvLmNvbnRyaWIuYXV0aC5iYWNrZW5kcy5Nb2RlbEJhY2tlbmQiLCJfYXV0aF91c2VyX2hhc2giOiI4MjRhNzExMzQ1ZmYxNWQwZTgzZTAwNDBjZGEzOGM3NmQ4YmQxOTA3In0=','2019-07-09 19:26:31.796000'),('hgesppu4jh2xmcljw0bi0zvgw6iyvg1l','ZDhhMWI0ZDIzMzdjOTk2ZDgzYTk2MTM5NzA5OWVmNzIwNGQwOTEzOTp7Il9hdXRoX3VzZXJfaWQiOiIxIiwiX2F1dGhfdXNlcl9iYWNrZW5kIjoiZGphbmdvLmNvbnRyaWIuYXV0aC5iYWNrZW5kcy5Nb2RlbEJhY2tlbmQiLCJfYXV0aF91c2VyX2hhc2giOiI4MjRhNzExMzQ1ZmYxNWQwZTgzZTAwNDBjZGEzOGM3NmQ4YmQxOTA3In0=','2019-05-10 20:40:18.348000'),('hj27ss9pxja3okq3zu4q6sni0u1l773n','MzVmMTVhOGFkOWYyZDY3NjVjNjYwODc0MjY2MzFhMzFiZjdmN2JmNDp7Il9hdXRoX3VzZXJfaWQiOiIxIiwiX2F1dGhfdXNlcl9iYWNrZW5kIjoiZGphbmdvLmNvbnRyaWIuYXV0aC5iYWNrZW5kcy5Nb2RlbEJhY2tlbmQiLCJfYXV0aF91c2VyX2hhc2giOiJkYzMwODYwMGQ1ZjdlZmQ3OWIxMGQyODI1NjljODczZTk1YmFhZGYwIn0=','2019-07-09 22:31:08.299000'),('hooktul45q3jiqe80r1tmqueu0trdobn','MzVmMTVhOGFkOWYyZDY3NjVjNjYwODc0MjY2MzFhMzFiZjdmN2JmNDp7Il9hdXRoX3VzZXJfaWQiOiIxIiwiX2F1dGhfdXNlcl9iYWNrZW5kIjoiZGphbmdvLmNvbnRyaWIuYXV0aC5iYWNrZW5kcy5Nb2RlbEJhY2tlbmQiLCJfYXV0aF91c2VyX2hhc2giOiJkYzMwODYwMGQ1ZjdlZmQ3OWIxMGQyODI1NjljODczZTk1YmFhZGYwIn0=','2019-08-07 19:30:55.078793'),('hoslr7ef0etmaez4bgn1pcm0nevbf00i','MzVmMTVhOGFkOWYyZDY3NjVjNjYwODc0MjY2MzFhMzFiZjdmN2JmNDp7Il9hdXRoX3VzZXJfaWQiOiIxIiwiX2F1dGhfdXNlcl9iYWNrZW5kIjoiZGphbmdvLmNvbnRyaWIuYXV0aC5iYWNrZW5kcy5Nb2RlbEJhY2tlbmQiLCJfYXV0aF91c2VyX2hhc2giOiJkYzMwODYwMGQ1ZjdlZmQ3OWIxMGQyODI1NjljODczZTk1YmFhZGYwIn0=','2019-08-06 15:09:29.159997'),('hrq4g56qz0a0f9d91wmbr5kwlshhg4ny','MzVmMTVhOGFkOWYyZDY3NjVjNjYwODc0MjY2MzFhMzFiZjdmN2JmNDp7Il9hdXRoX3VzZXJfaWQiOiIxIiwiX2F1dGhfdXNlcl9iYWNrZW5kIjoiZGphbmdvLmNvbnRyaWIuYXV0aC5iYWNrZW5kcy5Nb2RlbEJhY2tlbmQiLCJfYXV0aF91c2VyX2hhc2giOiJkYzMwODYwMGQ1ZjdlZmQ3OWIxMGQyODI1NjljODczZTk1YmFhZGYwIn0=','2019-10-29 13:18:28.980986'),('hu1v2g3q7jlphdecew3g46qdo8aeuui4','MzVmMTVhOGFkOWYyZDY3NjVjNjYwODc0MjY2MzFhMzFiZjdmN2JmNDp7Il9hdXRoX3VzZXJfaWQiOiIxIiwiX2F1dGhfdXNlcl9iYWNrZW5kIjoiZGphbmdvLmNvbnRyaWIuYXV0aC5iYWNrZW5kcy5Nb2RlbEJhY2tlbmQiLCJfYXV0aF91c2VyX2hhc2giOiJkYzMwODYwMGQ1ZjdlZmQ3OWIxMGQyODI1NjljODczZTk1YmFhZGYwIn0=','2019-08-12 05:31:25.738611'),('hx2u8s235hwdr8oza297pc11mlf6qqv8','MzVmMTVhOGFkOWYyZDY3NjVjNjYwODc0MjY2MzFhMzFiZjdmN2JmNDp7Il9hdXRoX3VzZXJfaWQiOiIxIiwiX2F1dGhfdXNlcl9iYWNrZW5kIjoiZGphbmdvLmNvbnRyaWIuYXV0aC5iYWNrZW5kcy5Nb2RlbEJhY2tlbmQiLCJfYXV0aF91c2VyX2hhc2giOiJkYzMwODYwMGQ1ZjdlZmQ3OWIxMGQyODI1NjljODczZTk1YmFhZGYwIn0=','2019-09-13 16:12:33.748427'),('i2cvi7bdls5jltkz1tw8a0wgbmtvqsc3','MzVmMTVhOGFkOWYyZDY3NjVjNjYwODc0MjY2MzFhMzFiZjdmN2JmNDp7Il9hdXRoX3VzZXJfaWQiOiIxIiwiX2F1dGhfdXNlcl9iYWNrZW5kIjoiZGphbmdvLmNvbnRyaWIuYXV0aC5iYWNrZW5kcy5Nb2RlbEJhY2tlbmQiLCJfYXV0aF91c2VyX2hhc2giOiJkYzMwODYwMGQ1ZjdlZmQ3OWIxMGQyODI1NjljODczZTk1YmFhZGYwIn0=','2019-11-13 14:05:09.861340'),('i779ovxjq04cw4jmf3856cddio1jsdvk','MzVmMTVhOGFkOWYyZDY3NjVjNjYwODc0MjY2MzFhMzFiZjdmN2JmNDp7Il9hdXRoX3VzZXJfaWQiOiIxIiwiX2F1dGhfdXNlcl9iYWNrZW5kIjoiZGphbmdvLmNvbnRyaWIuYXV0aC5iYWNrZW5kcy5Nb2RlbEJhY2tlbmQiLCJfYXV0aF91c2VyX2hhc2giOiJkYzMwODYwMGQ1ZjdlZmQ3OWIxMGQyODI1NjljODczZTk1YmFhZGYwIn0=','2019-08-07 19:30:36.453883'),('i9lwe994y6ut9jvooa8j3jn9i0x5yuvc','MzVmMTVhOGFkOWYyZDY3NjVjNjYwODc0MjY2MzFhMzFiZjdmN2JmNDp7Il9hdXRoX3VzZXJfaWQiOiIxIiwiX2F1dGhfdXNlcl9iYWNrZW5kIjoiZGphbmdvLmNvbnRyaWIuYXV0aC5iYWNrZW5kcy5Nb2RlbEJhY2tlbmQiLCJfYXV0aF91c2VyX2hhc2giOiJkYzMwODYwMGQ1ZjdlZmQ3OWIxMGQyODI1NjljODczZTk1YmFhZGYwIn0=','2019-09-10 04:27:51.123716'),('ido15j4tye5foni73wakrrv24vy5s4uv','MzVmMTVhOGFkOWYyZDY3NjVjNjYwODc0MjY2MzFhMzFiZjdmN2JmNDp7Il9hdXRoX3VzZXJfaWQiOiIxIiwiX2F1dGhfdXNlcl9iYWNrZW5kIjoiZGphbmdvLmNvbnRyaWIuYXV0aC5iYWNrZW5kcy5Nb2RlbEJhY2tlbmQiLCJfYXV0aF91c2VyX2hhc2giOiJkYzMwODYwMGQ1ZjdlZmQ3OWIxMGQyODI1NjljODczZTk1YmFhZGYwIn0=','2019-10-30 19:18:47.242279'),('iea7afotdrai0upc2kq5zt4nbzzf3u74','ZDhhMWI0ZDIzMzdjOTk2ZDgzYTk2MTM5NzA5OWVmNzIwNGQwOTEzOTp7Il9hdXRoX3VzZXJfaWQiOiIxIiwiX2F1dGhfdXNlcl9iYWNrZW5kIjoiZGphbmdvLmNvbnRyaWIuYXV0aC5iYWNrZW5kcy5Nb2RlbEJhY2tlbmQiLCJfYXV0aF91c2VyX2hhc2giOiI4MjRhNzExMzQ1ZmYxNWQwZTgzZTAwNDBjZGEzOGM3NmQ4YmQxOTA3In0=','2019-07-04 21:07:56.390000'),('ii0ceho6gq50um2fgz0weki5e29stt89','ZDhhMWI0ZDIzMzdjOTk2ZDgzYTk2MTM5NzA5OWVmNzIwNGQwOTEzOTp7Il9hdXRoX3VzZXJfaWQiOiIxIiwiX2F1dGhfdXNlcl9iYWNrZW5kIjoiZGphbmdvLmNvbnRyaWIuYXV0aC5iYWNrZW5kcy5Nb2RlbEJhY2tlbmQiLCJfYXV0aF91c2VyX2hhc2giOiI4MjRhNzExMzQ1ZmYxNWQwZTgzZTAwNDBjZGEzOGM3NmQ4YmQxOTA3In0=','2019-07-09 15:22:15.263000'),('itddk8bjnypab34jop614z67pa3vlkso','MzVmMTVhOGFkOWYyZDY3NjVjNjYwODc0MjY2MzFhMzFiZjdmN2JmNDp7Il9hdXRoX3VzZXJfaWQiOiIxIiwiX2F1dGhfdXNlcl9iYWNrZW5kIjoiZGphbmdvLmNvbnRyaWIuYXV0aC5iYWNrZW5kcy5Nb2RlbEJhY2tlbmQiLCJfYXV0aF91c2VyX2hhc2giOiJkYzMwODYwMGQ1ZjdlZmQ3OWIxMGQyODI1NjljODczZTk1YmFhZGYwIn0=','2019-07-12 23:14:15.191000'),('iu5ex0d5qjadhsvpudict2tniibwwv2z','MzVmMTVhOGFkOWYyZDY3NjVjNjYwODc0MjY2MzFhMzFiZjdmN2JmNDp7Il9hdXRoX3VzZXJfaWQiOiIxIiwiX2F1dGhfdXNlcl9iYWNrZW5kIjoiZGphbmdvLmNvbnRyaWIuYXV0aC5iYWNrZW5kcy5Nb2RlbEJhY2tlbmQiLCJfYXV0aF91c2VyX2hhc2giOiJkYzMwODYwMGQ1ZjdlZmQ3OWIxMGQyODI1NjljODczZTk1YmFhZGYwIn0=','2019-08-26 20:55:35.435528'),('iw2apfuylusuxmw1tu2fr60w8c1b84ns','YTkxODY0ZTA0OTg1MzMzMDdiMDNjNThkNzU0NTkyZDZhMTBiNTU4Nzp7Il9hdXRoX3VzZXJfaWQiOiIxIiwiX2F1dGhfdXNlcl9iYWNrZW5kIjoiZGphbmdvLmNvbnRyaWIuYXV0aC5iYWNrZW5kcy5Nb2RlbEJhY2tlbmQiLCJfYXV0aF91c2VyX2hhc2giOiI0OGU1ZWQ3MjhlNjhlZGFhYmVlYTU2YWU3MTc3NTE0MGVlZGIwYTg5In0=','2020-03-26 23:08:47.003279'),('iypmp0xcsojjz7innyrkzh56ij6sc2u0','MzVmMTVhOGFkOWYyZDY3NjVjNjYwODc0MjY2MzFhMzFiZjdmN2JmNDp7Il9hdXRoX3VzZXJfaWQiOiIxIiwiX2F1dGhfdXNlcl9iYWNrZW5kIjoiZGphbmdvLmNvbnRyaWIuYXV0aC5iYWNrZW5kcy5Nb2RlbEJhY2tlbmQiLCJfYXV0aF91c2VyX2hhc2giOiJkYzMwODYwMGQ1ZjdlZmQ3OWIxMGQyODI1NjljODczZTk1YmFhZGYwIn0=','2019-08-05 21:12:01.573281'),('j0hg7wv12lhr4okirnp6kb4gipaorxyl','YTkxODY0ZTA0OTg1MzMzMDdiMDNjNThkNzU0NTkyZDZhMTBiNTU4Nzp7Il9hdXRoX3VzZXJfaWQiOiIxIiwiX2F1dGhfdXNlcl9iYWNrZW5kIjoiZGphbmdvLmNvbnRyaWIuYXV0aC5iYWNrZW5kcy5Nb2RlbEJhY2tlbmQiLCJfYXV0aF91c2VyX2hhc2giOiI0OGU1ZWQ3MjhlNjhlZGFhYmVlYTU2YWU3MTc3NTE0MGVlZGIwYTg5In0=','2019-12-16 00:47:20.689421'),('j2afdhm7lash9qhipuix8qz7c6xdrjue','ZDhhMWI0ZDIzMzdjOTk2ZDgzYTk2MTM5NzA5OWVmNzIwNGQwOTEzOTp7Il9hdXRoX3VzZXJfaWQiOiIxIiwiX2F1dGhfdXNlcl9iYWNrZW5kIjoiZGphbmdvLmNvbnRyaWIuYXV0aC5iYWNrZW5kcy5Nb2RlbEJhY2tlbmQiLCJfYXV0aF91c2VyX2hhc2giOiI4MjRhNzExMzQ1ZmYxNWQwZTgzZTAwNDBjZGEzOGM3NmQ4YmQxOTA3In0=','2019-06-25 14:14:15.311000'),('jb0wd1b5g7e5800zwefsxv8g0zg1x4d5','MzVmMTVhOGFkOWYyZDY3NjVjNjYwODc0MjY2MzFhMzFiZjdmN2JmNDp7Il9hdXRoX3VzZXJfaWQiOiIxIiwiX2F1dGhfdXNlcl9iYWNrZW5kIjoiZGphbmdvLmNvbnRyaWIuYXV0aC5iYWNrZW5kcy5Nb2RlbEJhY2tlbmQiLCJfYXV0aF91c2VyX2hhc2giOiJkYzMwODYwMGQ1ZjdlZmQ3OWIxMGQyODI1NjljODczZTk1YmFhZGYwIn0=','2019-10-30 19:18:20.629692'),('jf1irl3b0do2ymp0yw1p73jcl1h47len','MzVmMTVhOGFkOWYyZDY3NjVjNjYwODc0MjY2MzFhMzFiZjdmN2JmNDp7Il9hdXRoX3VzZXJfaWQiOiIxIiwiX2F1dGhfdXNlcl9iYWNrZW5kIjoiZGphbmdvLmNvbnRyaWIuYXV0aC5iYWNrZW5kcy5Nb2RlbEJhY2tlbmQiLCJfYXV0aF91c2VyX2hhc2giOiJkYzMwODYwMGQ1ZjdlZmQ3OWIxMGQyODI1NjljODczZTk1YmFhZGYwIn0=','2019-07-12 12:34:20.488000'),('jfm9oyr0s4onuq5noxticqigv3xb8yg6','MzVmMTVhOGFkOWYyZDY3NjVjNjYwODc0MjY2MzFhMzFiZjdmN2JmNDp7Il9hdXRoX3VzZXJfaWQiOiIxIiwiX2F1dGhfdXNlcl9iYWNrZW5kIjoiZGphbmdvLmNvbnRyaWIuYXV0aC5iYWNrZW5kcy5Nb2RlbEJhY2tlbmQiLCJfYXV0aF91c2VyX2hhc2giOiJkYzMwODYwMGQ1ZjdlZmQ3OWIxMGQyODI1NjljODczZTk1YmFhZGYwIn0=','2019-11-22 22:37:15.224371'),('jga9bhvrcp4gg1tpu8ril8j2nhxwnnu4','MzVmMTVhOGFkOWYyZDY3NjVjNjYwODc0MjY2MzFhMzFiZjdmN2JmNDp7Il9hdXRoX3VzZXJfaWQiOiIxIiwiX2F1dGhfdXNlcl9iYWNrZW5kIjoiZGphbmdvLmNvbnRyaWIuYXV0aC5iYWNrZW5kcy5Nb2RlbEJhY2tlbmQiLCJfYXV0aF91c2VyX2hhc2giOiJkYzMwODYwMGQ1ZjdlZmQ3OWIxMGQyODI1NjljODczZTk1YmFhZGYwIn0=','2019-08-12 06:50:53.247944'),('jgawrptqybw2toyh9asuwmgjdtsiuyjk','ZDhhMWI0ZDIzMzdjOTk2ZDgzYTk2MTM5NzA5OWVmNzIwNGQwOTEzOTp7Il9hdXRoX3VzZXJfaWQiOiIxIiwiX2F1dGhfdXNlcl9iYWNrZW5kIjoiZGphbmdvLmNvbnRyaWIuYXV0aC5iYWNrZW5kcy5Nb2RlbEJhY2tlbmQiLCJfYXV0aF91c2VyX2hhc2giOiI4MjRhNzExMzQ1ZmYxNWQwZTgzZTAwNDBjZGEzOGM3NmQ4YmQxOTA3In0=','2019-05-08 23:03:45.226000'),('jj72pj4qfafvl90wwwjnkbb261wxn01s','MzVmMTVhOGFkOWYyZDY3NjVjNjYwODc0MjY2MzFhMzFiZjdmN2JmNDp7Il9hdXRoX3VzZXJfaWQiOiIxIiwiX2F1dGhfdXNlcl9iYWNrZW5kIjoiZGphbmdvLmNvbnRyaWIuYXV0aC5iYWNrZW5kcy5Nb2RlbEJhY2tlbmQiLCJfYXV0aF91c2VyX2hhc2giOiJkYzMwODYwMGQ1ZjdlZmQ3OWIxMGQyODI1NjljODczZTk1YmFhZGYwIn0=','2019-07-16 17:09:28.076000'),('jjpkv484iuwzf7ydb5gr9inzml8at4ki','MzVmMTVhOGFkOWYyZDY3NjVjNjYwODc0MjY2MzFhMzFiZjdmN2JmNDp7Il9hdXRoX3VzZXJfaWQiOiIxIiwiX2F1dGhfdXNlcl9iYWNrZW5kIjoiZGphbmdvLmNvbnRyaWIuYXV0aC5iYWNrZW5kcy5Nb2RlbEJhY2tlbmQiLCJfYXV0aF91c2VyX2hhc2giOiJkYzMwODYwMGQ1ZjdlZmQ3OWIxMGQyODI1NjljODczZTk1YmFhZGYwIn0=','2019-08-12 06:39:56.430914'),('jp32f56prpclcu342gign4o9bqp65myb','ZDhhMWI0ZDIzMzdjOTk2ZDgzYTk2MTM5NzA5OWVmNzIwNGQwOTEzOTp7Il9hdXRoX3VzZXJfaWQiOiIxIiwiX2F1dGhfdXNlcl9iYWNrZW5kIjoiZGphbmdvLmNvbnRyaWIuYXV0aC5iYWNrZW5kcy5Nb2RlbEJhY2tlbmQiLCJfYXV0aF91c2VyX2hhc2giOiI4MjRhNzExMzQ1ZmYxNWQwZTgzZTAwNDBjZGEzOGM3NmQ4YmQxOTA3In0=','2019-05-22 18:00:15.995000'),('jp70w6jb45eecuoscgb1gwk1odypho67','ZDhhMWI0ZDIzMzdjOTk2ZDgzYTk2MTM5NzA5OWVmNzIwNGQwOTEzOTp7Il9hdXRoX3VzZXJfaWQiOiIxIiwiX2F1dGhfdXNlcl9iYWNrZW5kIjoiZGphbmdvLmNvbnRyaWIuYXV0aC5iYWNrZW5kcy5Nb2RlbEJhY2tlbmQiLCJfYXV0aF91c2VyX2hhc2giOiI4MjRhNzExMzQ1ZmYxNWQwZTgzZTAwNDBjZGEzOGM3NmQ4YmQxOTA3In0=','2019-07-09 19:28:46.312000'),('jvcqrn3w81xdvwwx48qopfeuii5f1m6l','YTkxODY0ZTA0OTg1MzMzMDdiMDNjNThkNzU0NTkyZDZhMTBiNTU4Nzp7Il9hdXRoX3VzZXJfaWQiOiIxIiwiX2F1dGhfdXNlcl9iYWNrZW5kIjoiZGphbmdvLmNvbnRyaWIuYXV0aC5iYWNrZW5kcy5Nb2RlbEJhY2tlbmQiLCJfYXV0aF91c2VyX2hhc2giOiI0OGU1ZWQ3MjhlNjhlZGFhYmVlYTU2YWU3MTc3NTE0MGVlZGIwYTg5In0=','2020-03-02 15:26:54.600605'),('jyfiok1kwb2ytauawmk1wg7e5yryqk75','MzVmMTVhOGFkOWYyZDY3NjVjNjYwODc0MjY2MzFhMzFiZjdmN2JmNDp7Il9hdXRoX3VzZXJfaWQiOiIxIiwiX2F1dGhfdXNlcl9iYWNrZW5kIjoiZGphbmdvLmNvbnRyaWIuYXV0aC5iYWNrZW5kcy5Nb2RlbEJhY2tlbmQiLCJfYXV0aF91c2VyX2hhc2giOiJkYzMwODYwMGQ1ZjdlZmQ3OWIxMGQyODI1NjljODczZTk1YmFhZGYwIn0=','2019-08-29 15:45:28.776076'),('jym6ch57aoggbgsv8uft3oej9rspdoxk','MzVmMTVhOGFkOWYyZDY3NjVjNjYwODc0MjY2MzFhMzFiZjdmN2JmNDp7Il9hdXRoX3VzZXJfaWQiOiIxIiwiX2F1dGhfdXNlcl9iYWNrZW5kIjoiZGphbmdvLmNvbnRyaWIuYXV0aC5iYWNrZW5kcy5Nb2RlbEJhY2tlbmQiLCJfYXV0aF91c2VyX2hhc2giOiJkYzMwODYwMGQ1ZjdlZmQ3OWIxMGQyODI1NjljODczZTk1YmFhZGYwIn0=','2019-07-24 21:18:48.593300'),('k1131m7q082zuwkprnfglxkiebrve13c','ZDhhMWI0ZDIzMzdjOTk2ZDgzYTk2MTM5NzA5OWVmNzIwNGQwOTEzOTp7Il9hdXRoX3VzZXJfaWQiOiIxIiwiX2F1dGhfdXNlcl9iYWNrZW5kIjoiZGphbmdvLmNvbnRyaWIuYXV0aC5iYWNrZW5kcy5Nb2RlbEJhY2tlbmQiLCJfYXV0aF91c2VyX2hhc2giOiI4MjRhNzExMzQ1ZmYxNWQwZTgzZTAwNDBjZGEzOGM3NmQ4YmQxOTA3In0=','2019-07-05 21:48:29.484000'),('k9gmpov2862henlagblftdelx8qj59ob','MzVmMTVhOGFkOWYyZDY3NjVjNjYwODc0MjY2MzFhMzFiZjdmN2JmNDp7Il9hdXRoX3VzZXJfaWQiOiIxIiwiX2F1dGhfdXNlcl9iYWNrZW5kIjoiZGphbmdvLmNvbnRyaWIuYXV0aC5iYWNrZW5kcy5Nb2RlbEJhY2tlbmQiLCJfYXV0aF91c2VyX2hhc2giOiJkYzMwODYwMGQ1ZjdlZmQ3OWIxMGQyODI1NjljODczZTk1YmFhZGYwIn0=','2019-07-12 19:47:33.888000'),('kalt6zsqzzlwvkug5qul83cwbgb9r7qs','MzVmMTVhOGFkOWYyZDY3NjVjNjYwODc0MjY2MzFhMzFiZjdmN2JmNDp7Il9hdXRoX3VzZXJfaWQiOiIxIiwiX2F1dGhfdXNlcl9iYWNrZW5kIjoiZGphbmdvLmNvbnRyaWIuYXV0aC5iYWNrZW5kcy5Nb2RlbEJhY2tlbmQiLCJfYXV0aF91c2VyX2hhc2giOiJkYzMwODYwMGQ1ZjdlZmQ3OWIxMGQyODI1NjljODczZTk1YmFhZGYwIn0=','2019-11-14 22:56:40.313736'),('kda44hida3c7bojh88gzzf787xert2kq','ZDhhMWI0ZDIzMzdjOTk2ZDgzYTk2MTM5NzA5OWVmNzIwNGQwOTEzOTp7Il9hdXRoX3VzZXJfaWQiOiIxIiwiX2F1dGhfdXNlcl9iYWNrZW5kIjoiZGphbmdvLmNvbnRyaWIuYXV0aC5iYWNrZW5kcy5Nb2RlbEJhY2tlbmQiLCJfYXV0aF91c2VyX2hhc2giOiI4MjRhNzExMzQ1ZmYxNWQwZTgzZTAwNDBjZGEzOGM3NmQ4YmQxOTA3In0=','2019-07-03 20:52:12.230000'),('kduqj7ithw9zjrpi1nz8199pv0txond1','ZDhhMWI0ZDIzMzdjOTk2ZDgzYTk2MTM5NzA5OWVmNzIwNGQwOTEzOTp7Il9hdXRoX3VzZXJfaWQiOiIxIiwiX2F1dGhfdXNlcl9iYWNrZW5kIjoiZGphbmdvLmNvbnRyaWIuYXV0aC5iYWNrZW5kcy5Nb2RlbEJhY2tlbmQiLCJfYXV0aF91c2VyX2hhc2giOiI4MjRhNzExMzQ1ZmYxNWQwZTgzZTAwNDBjZGEzOGM3NmQ4YmQxOTA3In0=','2019-06-28 22:44:59.502000'),('kheleh3saxyx4d1yd4m2706zf0xibml0','MzVmMTVhOGFkOWYyZDY3NjVjNjYwODc0MjY2MzFhMzFiZjdmN2JmNDp7Il9hdXRoX3VzZXJfaWQiOiIxIiwiX2F1dGhfdXNlcl9iYWNrZW5kIjoiZGphbmdvLmNvbnRyaWIuYXV0aC5iYWNrZW5kcy5Nb2RlbEJhY2tlbmQiLCJfYXV0aF91c2VyX2hhc2giOiJkYzMwODYwMGQ1ZjdlZmQ3OWIxMGQyODI1NjljODczZTk1YmFhZGYwIn0=','2019-07-12 23:14:19.550000'),('khqrlmzb34b5g8elq634hz056hyk1d4z','MzVmMTVhOGFkOWYyZDY3NjVjNjYwODc0MjY2MzFhMzFiZjdmN2JmNDp7Il9hdXRoX3VzZXJfaWQiOiIxIiwiX2F1dGhfdXNlcl9iYWNrZW5kIjoiZGphbmdvLmNvbnRyaWIuYXV0aC5iYWNrZW5kcy5Nb2RlbEJhY2tlbmQiLCJfYXV0aF91c2VyX2hhc2giOiJkYzMwODYwMGQ1ZjdlZmQ3OWIxMGQyODI1NjljODczZTk1YmFhZGYwIn0=','2019-09-03 17:23:57.082569'),('kjbgqgobspp42e327y1r5dt06cgm83zm','ZDhhMWI0ZDIzMzdjOTk2ZDgzYTk2MTM5NzA5OWVmNzIwNGQwOTEzOTp7Il9hdXRoX3VzZXJfaWQiOiIxIiwiX2F1dGhfdXNlcl9iYWNrZW5kIjoiZGphbmdvLmNvbnRyaWIuYXV0aC5iYWNrZW5kcy5Nb2RlbEJhY2tlbmQiLCJfYXV0aF91c2VyX2hhc2giOiI4MjRhNzExMzQ1ZmYxNWQwZTgzZTAwNDBjZGEzOGM3NmQ4YmQxOTA3In0=','2019-06-28 20:42:22.155000'),('km5dw6qtf23h58tn9yzzdo0u8viqapbj','MzVmMTVhOGFkOWYyZDY3NjVjNjYwODc0MjY2MzFhMzFiZjdmN2JmNDp7Il9hdXRoX3VzZXJfaWQiOiIxIiwiX2F1dGhfdXNlcl9iYWNrZW5kIjoiZGphbmdvLmNvbnRyaWIuYXV0aC5iYWNrZW5kcy5Nb2RlbEJhY2tlbmQiLCJfYXV0aF91c2VyX2hhc2giOiJkYzMwODYwMGQ1ZjdlZmQ3OWIxMGQyODI1NjljODczZTk1YmFhZGYwIn0=','2019-07-16 16:41:11.260000'),('kmx6tv4cylz7ylnm48uj1oxjh1huzjaa','MzVmMTVhOGFkOWYyZDY3NjVjNjYwODc0MjY2MzFhMzFiZjdmN2JmNDp7Il9hdXRoX3VzZXJfaWQiOiIxIiwiX2F1dGhfdXNlcl9iYWNrZW5kIjoiZGphbmdvLmNvbnRyaWIuYXV0aC5iYWNrZW5kcy5Nb2RlbEJhY2tlbmQiLCJfYXV0aF91c2VyX2hhc2giOiJkYzMwODYwMGQ1ZjdlZmQ3OWIxMGQyODI1NjljODczZTk1YmFhZGYwIn0=','2019-08-02 21:12:49.467948'),('knodptez2eoukkeggud4lcojc0iswk0c','ZDhhMWI0ZDIzMzdjOTk2ZDgzYTk2MTM5NzA5OWVmNzIwNGQwOTEzOTp7Il9hdXRoX3VzZXJfaWQiOiIxIiwiX2F1dGhfdXNlcl9iYWNrZW5kIjoiZGphbmdvLmNvbnRyaWIuYXV0aC5iYWNrZW5kcy5Nb2RlbEJhY2tlbmQiLCJfYXV0aF91c2VyX2hhc2giOiI4MjRhNzExMzQ1ZmYxNWQwZTgzZTAwNDBjZGEzOGM3NmQ4YmQxOTA3In0=','2019-06-20 14:10:24.995000'),('knuqsdp2bcdvopnil7g8libnnuauwl30','MzVmMTVhOGFkOWYyZDY3NjVjNjYwODc0MjY2MzFhMzFiZjdmN2JmNDp7Il9hdXRoX3VzZXJfaWQiOiIxIiwiX2F1dGhfdXNlcl9iYWNrZW5kIjoiZGphbmdvLmNvbnRyaWIuYXV0aC5iYWNrZW5kcy5Nb2RlbEJhY2tlbmQiLCJfYXV0aF91c2VyX2hhc2giOiJkYzMwODYwMGQ1ZjdlZmQ3OWIxMGQyODI1NjljODczZTk1YmFhZGYwIn0=','2019-08-12 06:40:50.948925'),('kwqx7fjsh841sxko4xqhj7rj0hjr0ahy','MzVmMTVhOGFkOWYyZDY3NjVjNjYwODc0MjY2MzFhMzFiZjdmN2JmNDp7Il9hdXRoX3VzZXJfaWQiOiIxIiwiX2F1dGhfdXNlcl9iYWNrZW5kIjoiZGphbmdvLmNvbnRyaWIuYXV0aC5iYWNrZW5kcy5Nb2RlbEJhY2tlbmQiLCJfYXV0aF91c2VyX2hhc2giOiJkYzMwODYwMGQ1ZjdlZmQ3OWIxMGQyODI1NjljODczZTk1YmFhZGYwIn0=','2019-08-30 21:18:32.183274'),('kyyc87bk771xa92h6e6wz4k0dibgqzu3','MzVmMTVhOGFkOWYyZDY3NjVjNjYwODc0MjY2MzFhMzFiZjdmN2JmNDp7Il9hdXRoX3VzZXJfaWQiOiIxIiwiX2F1dGhfdXNlcl9iYWNrZW5kIjoiZGphbmdvLmNvbnRyaWIuYXV0aC5iYWNrZW5kcy5Nb2RlbEJhY2tlbmQiLCJfYXV0aF91c2VyX2hhc2giOiJkYzMwODYwMGQ1ZjdlZmQ3OWIxMGQyODI1NjljODczZTk1YmFhZGYwIn0=','2019-07-12 20:18:10.866000'),('kz6v27ft0av5l9rp93agj1hgq2xuyx33','MzVmMTVhOGFkOWYyZDY3NjVjNjYwODc0MjY2MzFhMzFiZjdmN2JmNDp7Il9hdXRoX3VzZXJfaWQiOiIxIiwiX2F1dGhfdXNlcl9iYWNrZW5kIjoiZGphbmdvLmNvbnRyaWIuYXV0aC5iYWNrZW5kcy5Nb2RlbEJhY2tlbmQiLCJfYXV0aF91c2VyX2hhc2giOiJkYzMwODYwMGQ1ZjdlZmQ3OWIxMGQyODI1NjljODczZTk1YmFhZGYwIn0=','2019-08-28 04:44:10.753846'),('l5k2dtaii7wdckckwokvtur9wvy3znft','MzVmMTVhOGFkOWYyZDY3NjVjNjYwODc0MjY2MzFhMzFiZjdmN2JmNDp7Il9hdXRoX3VzZXJfaWQiOiIxIiwiX2F1dGhfdXNlcl9iYWNrZW5kIjoiZGphbmdvLmNvbnRyaWIuYXV0aC5iYWNrZW5kcy5Nb2RlbEJhY2tlbmQiLCJfYXV0aF91c2VyX2hhc2giOiJkYzMwODYwMGQ1ZjdlZmQ3OWIxMGQyODI1NjljODczZTk1YmFhZGYwIn0=','2019-07-12 20:19:37.934000'),('l6lq2ra8o7z24yudh411cvijh1f7qpyp','MzVmMTVhOGFkOWYyZDY3NjVjNjYwODc0MjY2MzFhMzFiZjdmN2JmNDp7Il9hdXRoX3VzZXJfaWQiOiIxIiwiX2F1dGhfdXNlcl9iYWNrZW5kIjoiZGphbmdvLmNvbnRyaWIuYXV0aC5iYWNrZW5kcy5Nb2RlbEJhY2tlbmQiLCJfYXV0aF91c2VyX2hhc2giOiJkYzMwODYwMGQ1ZjdlZmQ3OWIxMGQyODI1NjljODczZTk1YmFhZGYwIn0=','2019-08-28 04:43:56.455022'),('l7s4qch18mlass351xdl6i73bduls688','ZDhhMWI0ZDIzMzdjOTk2ZDgzYTk2MTM5NzA5OWVmNzIwNGQwOTEzOTp7Il9hdXRoX3VzZXJfaWQiOiIxIiwiX2F1dGhfdXNlcl9iYWNrZW5kIjoiZGphbmdvLmNvbnRyaWIuYXV0aC5iYWNrZW5kcy5Nb2RlbEJhY2tlbmQiLCJfYXV0aF91c2VyX2hhc2giOiI4MjRhNzExMzQ1ZmYxNWQwZTgzZTAwNDBjZGEzOGM3NmQ4YmQxOTA3In0=','2019-07-09 15:09:38.510000'),('l8qq7ke8k70ijuduxporaon1lrjv8rn7','ZDIwN2NiZGQ5ZWZmNThjZjM5MWRlYjY2ZmI0MDBiYzE4ODgyMmMyZjp7Il9hdXRoX3VzZXJfaWQiOiIyIiwiX2F1dGhfdXNlcl9iYWNrZW5kIjoiZGphbmdvLmNvbnRyaWIuYXV0aC5iYWNrZW5kcy5Nb2RlbEJhY2tlbmQiLCJfYXV0aF91c2VyX2hhc2giOiI2MzczNmExYjMyYzQ1NGFkNWNjYTgzMGM0MjM0ZjAwOWQwMTZmN2Y0In0=','2019-12-16 15:32:03.633003'),('l9ktybhe5ecwhbo9fvefsg1ihazauifw','ZDhhMWI0ZDIzMzdjOTk2ZDgzYTk2MTM5NzA5OWVmNzIwNGQwOTEzOTp7Il9hdXRoX3VzZXJfaWQiOiIxIiwiX2F1dGhfdXNlcl9iYWNrZW5kIjoiZGphbmdvLmNvbnRyaWIuYXV0aC5iYWNrZW5kcy5Nb2RlbEJhY2tlbmQiLCJfYXV0aF91c2VyX2hhc2giOiI4MjRhNzExMzQ1ZmYxNWQwZTgzZTAwNDBjZGEzOGM3NmQ4YmQxOTA3In0=','2019-07-05 21:48:09.617000'),('ld3p8tbmqk952pclasde749teqrw8xj2','ZDhhMWI0ZDIzMzdjOTk2ZDgzYTk2MTM5NzA5OWVmNzIwNGQwOTEzOTp7Il9hdXRoX3VzZXJfaWQiOiIxIiwiX2F1dGhfdXNlcl9iYWNrZW5kIjoiZGphbmdvLmNvbnRyaWIuYXV0aC5iYWNrZW5kcy5Nb2RlbEJhY2tlbmQiLCJfYXV0aF91c2VyX2hhc2giOiI4MjRhNzExMzQ1ZmYxNWQwZTgzZTAwNDBjZGEzOGM3NmQ4YmQxOTA3In0=','2019-06-27 17:48:50.129000'),('lf7tnu5sr3cli759lra8x67lpnjtp6fu','MzVmMTVhOGFkOWYyZDY3NjVjNjYwODc0MjY2MzFhMzFiZjdmN2JmNDp7Il9hdXRoX3VzZXJfaWQiOiIxIiwiX2F1dGhfdXNlcl9iYWNrZW5kIjoiZGphbmdvLmNvbnRyaWIuYXV0aC5iYWNrZW5kcy5Nb2RlbEJhY2tlbmQiLCJfYXV0aF91c2VyX2hhc2giOiJkYzMwODYwMGQ1ZjdlZmQ3OWIxMGQyODI1NjljODczZTk1YmFhZGYwIn0=','2019-11-18 22:59:40.777296'),('lizeh6sfb47x062p727eqbdebo5iho56','MzVmMTVhOGFkOWYyZDY3NjVjNjYwODc0MjY2MzFhMzFiZjdmN2JmNDp7Il9hdXRoX3VzZXJfaWQiOiIxIiwiX2F1dGhfdXNlcl9iYWNrZW5kIjoiZGphbmdvLmNvbnRyaWIuYXV0aC5iYWNrZW5kcy5Nb2RlbEJhY2tlbmQiLCJfYXV0aF91c2VyX2hhc2giOiJkYzMwODYwMGQ1ZjdlZmQ3OWIxMGQyODI1NjljODczZTk1YmFhZGYwIn0=','2019-11-19 00:20:10.172732'),('ljnjm7mhvqcfphrqdhk0eqqa08bkp76l','ZDhhMWI0ZDIzMzdjOTk2ZDgzYTk2MTM5NzA5OWVmNzIwNGQwOTEzOTp7Il9hdXRoX3VzZXJfaWQiOiIxIiwiX2F1dGhfdXNlcl9iYWNrZW5kIjoiZGphbmdvLmNvbnRyaWIuYXV0aC5iYWNrZW5kcy5Nb2RlbEJhY2tlbmQiLCJfYXV0aF91c2VyX2hhc2giOiI4MjRhNzExMzQ1ZmYxNWQwZTgzZTAwNDBjZGEzOGM3NmQ4YmQxOTA3In0=','2019-05-20 17:09:14.386000'),('lrbpe1hj0fwx3rfi90vy0i28mwuofzmm','ZDhhMWI0ZDIzMzdjOTk2ZDgzYTk2MTM5NzA5OWVmNzIwNGQwOTEzOTp7Il9hdXRoX3VzZXJfaWQiOiIxIiwiX2F1dGhfdXNlcl9iYWNrZW5kIjoiZGphbmdvLmNvbnRyaWIuYXV0aC5iYWNrZW5kcy5Nb2RlbEJhY2tlbmQiLCJfYXV0aF91c2VyX2hhc2giOiI4MjRhNzExMzQ1ZmYxNWQwZTgzZTAwNDBjZGEzOGM3NmQ4YmQxOTA3In0=','2019-05-22 17:18:13.218000'),('ls5byds7khe7dtlq31mz7owyb0osg013','MzVmMTVhOGFkOWYyZDY3NjVjNjYwODc0MjY2MzFhMzFiZjdmN2JmNDp7Il9hdXRoX3VzZXJfaWQiOiIxIiwiX2F1dGhfdXNlcl9iYWNrZW5kIjoiZGphbmdvLmNvbnRyaWIuYXV0aC5iYWNrZW5kcy5Nb2RlbEJhY2tlbmQiLCJfYXV0aF91c2VyX2hhc2giOiJkYzMwODYwMGQ1ZjdlZmQ3OWIxMGQyODI1NjljODczZTk1YmFhZGYwIn0=','2019-11-21 20:12:19.443064'),('lswv10fem6zdnj0w1sfrl9d7alcj23bb','ZDhhMWI0ZDIzMzdjOTk2ZDgzYTk2MTM5NzA5OWVmNzIwNGQwOTEzOTp7Il9hdXRoX3VzZXJfaWQiOiIxIiwiX2F1dGhfdXNlcl9iYWNrZW5kIjoiZGphbmdvLmNvbnRyaWIuYXV0aC5iYWNrZW5kcy5Nb2RlbEJhY2tlbmQiLCJfYXV0aF91c2VyX2hhc2giOiI4MjRhNzExMzQ1ZmYxNWQwZTgzZTAwNDBjZGEzOGM3NmQ4YmQxOTA3In0=','2019-07-09 17:37:49.992000'),('lv5t6db8eupqs4fr9d9pcsz0ql16wl4z','ZDhhMWI0ZDIzMzdjOTk2ZDgzYTk2MTM5NzA5OWVmNzIwNGQwOTEzOTp7Il9hdXRoX3VzZXJfaWQiOiIxIiwiX2F1dGhfdXNlcl9iYWNrZW5kIjoiZGphbmdvLmNvbnRyaWIuYXV0aC5iYWNrZW5kcy5Nb2RlbEJhY2tlbmQiLCJfYXV0aF91c2VyX2hhc2giOiI4MjRhNzExMzQ1ZmYxNWQwZTgzZTAwNDBjZGEzOGM3NmQ4YmQxOTA3In0=','2019-07-09 19:26:52.118000'),('lyyur0bouw1mgep8gvdtcrlj4hj4as41','ZDhhMWI0ZDIzMzdjOTk2ZDgzYTk2MTM5NzA5OWVmNzIwNGQwOTEzOTp7Il9hdXRoX3VzZXJfaWQiOiIxIiwiX2F1dGhfdXNlcl9iYWNrZW5kIjoiZGphbmdvLmNvbnRyaWIuYXV0aC5iYWNrZW5kcy5Nb2RlbEJhY2tlbmQiLCJfYXV0aF91c2VyX2hhc2giOiI4MjRhNzExMzQ1ZmYxNWQwZTgzZTAwNDBjZGEzOGM3NmQ4YmQxOTA3In0=','2019-05-24 15:02:48.165000'),('m8evtzeuxjs226txsvqwzq6rn28jnruz','ZDhhMWI0ZDIzMzdjOTk2ZDgzYTk2MTM5NzA5OWVmNzIwNGQwOTEzOTp7Il9hdXRoX3VzZXJfaWQiOiIxIiwiX2F1dGhfdXNlcl9iYWNrZW5kIjoiZGphbmdvLmNvbnRyaWIuYXV0aC5iYWNrZW5kcy5Nb2RlbEJhY2tlbmQiLCJfYXV0aF91c2VyX2hhc2giOiI4MjRhNzExMzQ1ZmYxNWQwZTgzZTAwNDBjZGEzOGM3NmQ4YmQxOTA3In0=','2019-07-05 14:38:51.543000'),('m98q50lqknofkvgjif8xgbea7vhkz6v8','MzVmMTVhOGFkOWYyZDY3NjVjNjYwODc0MjY2MzFhMzFiZjdmN2JmNDp7Il9hdXRoX3VzZXJfaWQiOiIxIiwiX2F1dGhfdXNlcl9iYWNrZW5kIjoiZGphbmdvLmNvbnRyaWIuYXV0aC5iYWNrZW5kcy5Nb2RlbEJhY2tlbmQiLCJfYXV0aF91c2VyX2hhc2giOiJkYzMwODYwMGQ1ZjdlZmQ3OWIxMGQyODI1NjljODczZTk1YmFhZGYwIn0=','2019-08-26 20:56:24.945120'),('m9il7wzswiaicowodurqtnjg2do1ebjv','ZDhhMWI0ZDIzMzdjOTk2ZDgzYTk2MTM5NzA5OWVmNzIwNGQwOTEzOTp7Il9hdXRoX3VzZXJfaWQiOiIxIiwiX2F1dGhfdXNlcl9iYWNrZW5kIjoiZGphbmdvLmNvbnRyaWIuYXV0aC5iYWNrZW5kcy5Nb2RlbEJhY2tlbmQiLCJfYXV0aF91c2VyX2hhc2giOiI4MjRhNzExMzQ1ZmYxNWQwZTgzZTAwNDBjZGEzOGM3NmQ4YmQxOTA3In0=','2019-06-21 14:26:57.144000'),('mcaxz2ka9gvp1zhcbt7vjqpndw4jr6w2','ZDhhMWI0ZDIzMzdjOTk2ZDgzYTk2MTM5NzA5OWVmNzIwNGQwOTEzOTp7Il9hdXRoX3VzZXJfaWQiOiIxIiwiX2F1dGhfdXNlcl9iYWNrZW5kIjoiZGphbmdvLmNvbnRyaWIuYXV0aC5iYWNrZW5kcy5Nb2RlbEJhY2tlbmQiLCJfYXV0aF91c2VyX2hhc2giOiI4MjRhNzExMzQ1ZmYxNWQwZTgzZTAwNDBjZGEzOGM3NmQ4YmQxOTA3In0=','2019-07-03 12:45:36.061000'),('mge78jth8f4koazcqgt48a3jxznpku38','ZDhhMWI0ZDIzMzdjOTk2ZDgzYTk2MTM5NzA5OWVmNzIwNGQwOTEzOTp7Il9hdXRoX3VzZXJfaWQiOiIxIiwiX2F1dGhfdXNlcl9iYWNrZW5kIjoiZGphbmdvLmNvbnRyaWIuYXV0aC5iYWNrZW5kcy5Nb2RlbEJhY2tlbmQiLCJfYXV0aF91c2VyX2hhc2giOiI4MjRhNzExMzQ1ZmYxNWQwZTgzZTAwNDBjZGEzOGM3NmQ4YmQxOTA3In0=','2019-06-26 13:41:37.036000'),('mh1o1nhe9nvuc8spnypyvkhgdjns7crk','YTkxODY0ZTA0OTg1MzMzMDdiMDNjNThkNzU0NTkyZDZhMTBiNTU4Nzp7Il9hdXRoX3VzZXJfaWQiOiIxIiwiX2F1dGhfdXNlcl9iYWNrZW5kIjoiZGphbmdvLmNvbnRyaWIuYXV0aC5iYWNrZW5kcy5Nb2RlbEJhY2tlbmQiLCJfYXV0aF91c2VyX2hhc2giOiI0OGU1ZWQ3MjhlNjhlZGFhYmVlYTU2YWU3MTc3NTE0MGVlZGIwYTg5In0=','2020-08-18 19:04:24.490881'),('mk9vesyxbgqczjq8eed02j1j5o72sjtm','MzVmMTVhOGFkOWYyZDY3NjVjNjYwODc0MjY2MzFhMzFiZjdmN2JmNDp7Il9hdXRoX3VzZXJfaWQiOiIxIiwiX2F1dGhfdXNlcl9iYWNrZW5kIjoiZGphbmdvLmNvbnRyaWIuYXV0aC5iYWNrZW5kcy5Nb2RlbEJhY2tlbmQiLCJfYXV0aF91c2VyX2hhc2giOiJkYzMwODYwMGQ1ZjdlZmQ3OWIxMGQyODI1NjljODczZTk1YmFhZGYwIn0=','2019-07-12 23:05:28.090000'),('mkomk228dhdgtf041zuj2cxegsombon2','MzVmMTVhOGFkOWYyZDY3NjVjNjYwODc0MjY2MzFhMzFiZjdmN2JmNDp7Il9hdXRoX3VzZXJfaWQiOiIxIiwiX2F1dGhfdXNlcl9iYWNrZW5kIjoiZGphbmdvLmNvbnRyaWIuYXV0aC5iYWNrZW5kcy5Nb2RlbEJhY2tlbmQiLCJfYXV0aF91c2VyX2hhc2giOiJkYzMwODYwMGQ1ZjdlZmQ3OWIxMGQyODI1NjljODczZTk1YmFhZGYwIn0=','2019-07-09 22:31:20.550000'),('mmekhgpa79uen8usjhd22bzebrnbab0m','ZDhhMWI0ZDIzMzdjOTk2ZDgzYTk2MTM5NzA5OWVmNzIwNGQwOTEzOTp7Il9hdXRoX3VzZXJfaWQiOiIxIiwiX2F1dGhfdXNlcl9iYWNrZW5kIjoiZGphbmdvLmNvbnRyaWIuYXV0aC5iYWNrZW5kcy5Nb2RlbEJhY2tlbmQiLCJfYXV0aF91c2VyX2hhc2giOiI4MjRhNzExMzQ1ZmYxNWQwZTgzZTAwNDBjZGEzOGM3NmQ4YmQxOTA3In0=','2019-07-09 15:36:24.885000'),('mn7fgz6ywwo1orxfb2fszlv9yfvx992y','ZDhhMWI0ZDIzMzdjOTk2ZDgzYTk2MTM5NzA5OWVmNzIwNGQwOTEzOTp7Il9hdXRoX3VzZXJfaWQiOiIxIiwiX2F1dGhfdXNlcl9iYWNrZW5kIjoiZGphbmdvLmNvbnRyaWIuYXV0aC5iYWNrZW5kcy5Nb2RlbEJhY2tlbmQiLCJfYXV0aF91c2VyX2hhc2giOiI4MjRhNzExMzQ1ZmYxNWQwZTgzZTAwNDBjZGEzOGM3NmQ4YmQxOTA3In0=','2019-04-29 23:20:54.267000'),('mpz9qjmaqyg23qinra4m0tllbdcpcshq','YTkxODY0ZTA0OTg1MzMzMDdiMDNjNThkNzU0NTkyZDZhMTBiNTU4Nzp7Il9hdXRoX3VzZXJfaWQiOiIxIiwiX2F1dGhfdXNlcl9iYWNrZW5kIjoiZGphbmdvLmNvbnRyaWIuYXV0aC5iYWNrZW5kcy5Nb2RlbEJhY2tlbmQiLCJfYXV0aF91c2VyX2hhc2giOiI0OGU1ZWQ3MjhlNjhlZGFhYmVlYTU2YWU3MTc3NTE0MGVlZGIwYTg5In0=','2020-02-05 00:10:55.948062'),('mr7jy4qam8awyak7ktv96lojgrlupf1t','MzVmMTVhOGFkOWYyZDY3NjVjNjYwODc0MjY2MzFhMzFiZjdmN2JmNDp7Il9hdXRoX3VzZXJfaWQiOiIxIiwiX2F1dGhfdXNlcl9iYWNrZW5kIjoiZGphbmdvLmNvbnRyaWIuYXV0aC5iYWNrZW5kcy5Nb2RlbEJhY2tlbmQiLCJfYXV0aF91c2VyX2hhc2giOiJkYzMwODYwMGQ1ZjdlZmQ3OWIxMGQyODI1NjljODczZTk1YmFhZGYwIn0=','2019-07-22 20:28:59.726632'),('mrks7yrrqdxwgxkn05zy9zob1yt2hxot','MzVmMTVhOGFkOWYyZDY3NjVjNjYwODc0MjY2MzFhMzFiZjdmN2JmNDp7Il9hdXRoX3VzZXJfaWQiOiIxIiwiX2F1dGhfdXNlcl9iYWNrZW5kIjoiZGphbmdvLmNvbnRyaWIuYXV0aC5iYWNrZW5kcy5Nb2RlbEJhY2tlbmQiLCJfYXV0aF91c2VyX2hhc2giOiJkYzMwODYwMGQ1ZjdlZmQ3OWIxMGQyODI1NjljODczZTk1YmFhZGYwIn0=','2019-10-25 17:35:13.744977'),('mtkw4jp7ondxcr5yo0d64jddzpbra0ep','MzVmMTVhOGFkOWYyZDY3NjVjNjYwODc0MjY2MzFhMzFiZjdmN2JmNDp7Il9hdXRoX3VzZXJfaWQiOiIxIiwiX2F1dGhfdXNlcl9iYWNrZW5kIjoiZGphbmdvLmNvbnRyaWIuYXV0aC5iYWNrZW5kcy5Nb2RlbEJhY2tlbmQiLCJfYXV0aF91c2VyX2hhc2giOiJkYzMwODYwMGQ1ZjdlZmQ3OWIxMGQyODI1NjljODczZTk1YmFhZGYwIn0=','2019-07-12 20:18:32.392000'),('mu2tn2ums1txrbb8863zlnn8gaxbxwe6','ZDhhMWI0ZDIzMzdjOTk2ZDgzYTk2MTM5NzA5OWVmNzIwNGQwOTEzOTp7Il9hdXRoX3VzZXJfaWQiOiIxIiwiX2F1dGhfdXNlcl9iYWNrZW5kIjoiZGphbmdvLmNvbnRyaWIuYXV0aC5iYWNrZW5kcy5Nb2RlbEJhY2tlbmQiLCJfYXV0aF91c2VyX2hhc2giOiI4MjRhNzExMzQ1ZmYxNWQwZTgzZTAwNDBjZGEzOGM3NmQ4YmQxOTA3In0=','2019-06-25 20:57:41.478000'),('mugcaenrwwq8i7s8vc0ypks4m1vwb683','ZDhhMWI0ZDIzMzdjOTk2ZDgzYTk2MTM5NzA5OWVmNzIwNGQwOTEzOTp7Il9hdXRoX3VzZXJfaWQiOiIxIiwiX2F1dGhfdXNlcl9iYWNrZW5kIjoiZGphbmdvLmNvbnRyaWIuYXV0aC5iYWNrZW5kcy5Nb2RlbEJhY2tlbmQiLCJfYXV0aF91c2VyX2hhc2giOiI4MjRhNzExMzQ1ZmYxNWQwZTgzZTAwNDBjZGEzOGM3NmQ4YmQxOTA3In0=','2019-05-16 20:30:50.963000'),('mxhhl33a724i5ht3xmo2hg5qipw942yc','ZDhhMWI0ZDIzMzdjOTk2ZDgzYTk2MTM5NzA5OWVmNzIwNGQwOTEzOTp7Il9hdXRoX3VzZXJfaWQiOiIxIiwiX2F1dGhfdXNlcl9iYWNrZW5kIjoiZGphbmdvLmNvbnRyaWIuYXV0aC5iYWNrZW5kcy5Nb2RlbEJhY2tlbmQiLCJfYXV0aF91c2VyX2hhc2giOiI4MjRhNzExMzQ1ZmYxNWQwZTgzZTAwNDBjZGEzOGM3NmQ4YmQxOTA3In0=','2019-06-25 16:14:33.980000'),('n1sm0fy14r8xlbbo6z1sx3jxdnu09qcs','ZDhhMWI0ZDIzMzdjOTk2ZDgzYTk2MTM5NzA5OWVmNzIwNGQwOTEzOTp7Il9hdXRoX3VzZXJfaWQiOiIxIiwiX2F1dGhfdXNlcl9iYWNrZW5kIjoiZGphbmdvLmNvbnRyaWIuYXV0aC5iYWNrZW5kcy5Nb2RlbEJhY2tlbmQiLCJfYXV0aF91c2VyX2hhc2giOiI4MjRhNzExMzQ1ZmYxNWQwZTgzZTAwNDBjZGEzOGM3NmQ4YmQxOTA3In0=','2019-07-09 15:23:02.480000'),('n69c0crcrsi6bz5z7kty7iwdq8mwdbq1','MzVmMTVhOGFkOWYyZDY3NjVjNjYwODc0MjY2MzFhMzFiZjdmN2JmNDp7Il9hdXRoX3VzZXJfaWQiOiIxIiwiX2F1dGhfdXNlcl9iYWNrZW5kIjoiZGphbmdvLmNvbnRyaWIuYXV0aC5iYWNrZW5kcy5Nb2RlbEJhY2tlbmQiLCJfYXV0aF91c2VyX2hhc2giOiJkYzMwODYwMGQ1ZjdlZmQ3OWIxMGQyODI1NjljODczZTk1YmFhZGYwIn0=','2019-08-16 22:39:02.885579'),('n82hob7kwcyx2w2xaf3hg4sj4lwht8o3','MzVmMTVhOGFkOWYyZDY3NjVjNjYwODc0MjY2MzFhMzFiZjdmN2JmNDp7Il9hdXRoX3VzZXJfaWQiOiIxIiwiX2F1dGhfdXNlcl9iYWNrZW5kIjoiZGphbmdvLmNvbnRyaWIuYXV0aC5iYWNrZW5kcy5Nb2RlbEJhY2tlbmQiLCJfYXV0aF91c2VyX2hhc2giOiJkYzMwODYwMGQ1ZjdlZmQ3OWIxMGQyODI1NjljODczZTk1YmFhZGYwIn0=','2019-11-15 16:50:58.219128'),('n894xuapu1ss1tobly1dq7dfw1lethut','ZDhhMWI0ZDIzMzdjOTk2ZDgzYTk2MTM5NzA5OWVmNzIwNGQwOTEzOTp7Il9hdXRoX3VzZXJfaWQiOiIxIiwiX2F1dGhfdXNlcl9iYWNrZW5kIjoiZGphbmdvLmNvbnRyaWIuYXV0aC5iYWNrZW5kcy5Nb2RlbEJhY2tlbmQiLCJfYXV0aF91c2VyX2hhc2giOiI4MjRhNzExMzQ1ZmYxNWQwZTgzZTAwNDBjZGEzOGM3NmQ4YmQxOTA3In0=','2019-06-19 22:22:52.702000'),('n89w3mt80fa29e6sifbzj4bpur6xajjz','MzVmMTVhOGFkOWYyZDY3NjVjNjYwODc0MjY2MzFhMzFiZjdmN2JmNDp7Il9hdXRoX3VzZXJfaWQiOiIxIiwiX2F1dGhfdXNlcl9iYWNrZW5kIjoiZGphbmdvLmNvbnRyaWIuYXV0aC5iYWNrZW5kcy5Nb2RlbEJhY2tlbmQiLCJfYXV0aF91c2VyX2hhc2giOiJkYzMwODYwMGQ1ZjdlZmQ3OWIxMGQyODI1NjljODczZTk1YmFhZGYwIn0=','2019-08-02 21:58:17.472740'),('n8fcy94l2wbt5wzqcn28anmpoca43gu6','ZDhhMWI0ZDIzMzdjOTk2ZDgzYTk2MTM5NzA5OWVmNzIwNGQwOTEzOTp7Il9hdXRoX3VzZXJfaWQiOiIxIiwiX2F1dGhfdXNlcl9iYWNrZW5kIjoiZGphbmdvLmNvbnRyaWIuYXV0aC5iYWNrZW5kcy5Nb2RlbEJhY2tlbmQiLCJfYXV0aF91c2VyX2hhc2giOiI4MjRhNzExMzQ1ZmYxNWQwZTgzZTAwNDBjZGEzOGM3NmQ4YmQxOTA3In0=','2019-06-25 17:09:36.701000'),('n9cwg4rr4e1m6007rfp499yrra4kff81','MzVmMTVhOGFkOWYyZDY3NjVjNjYwODc0MjY2MzFhMzFiZjdmN2JmNDp7Il9hdXRoX3VzZXJfaWQiOiIxIiwiX2F1dGhfdXNlcl9iYWNrZW5kIjoiZGphbmdvLmNvbnRyaWIuYXV0aC5iYWNrZW5kcy5Nb2RlbEJhY2tlbmQiLCJfYXV0aF91c2VyX2hhc2giOiJkYzMwODYwMGQ1ZjdlZmQ3OWIxMGQyODI1NjljODczZTk1YmFhZGYwIn0=','2019-08-26 21:20:32.969124'),('nb15jl6smx1dk6z3w1thbvail16jk0de','MzVmMTVhOGFkOWYyZDY3NjVjNjYwODc0MjY2MzFhMzFiZjdmN2JmNDp7Il9hdXRoX3VzZXJfaWQiOiIxIiwiX2F1dGhfdXNlcl9iYWNrZW5kIjoiZGphbmdvLmNvbnRyaWIuYXV0aC5iYWNrZW5kcy5Nb2RlbEJhY2tlbmQiLCJfYXV0aF91c2VyX2hhc2giOiJkYzMwODYwMGQ1ZjdlZmQ3OWIxMGQyODI1NjljODczZTk1YmFhZGYwIn0=','2019-08-12 06:41:02.245247'),('nbd92aonagtvhgjtcgzvor4wn8qzqh89','ZDhhMWI0ZDIzMzdjOTk2ZDgzYTk2MTM5NzA5OWVmNzIwNGQwOTEzOTp7Il9hdXRoX3VzZXJfaWQiOiIxIiwiX2F1dGhfdXNlcl9iYWNrZW5kIjoiZGphbmdvLmNvbnRyaWIuYXV0aC5iYWNrZW5kcy5Nb2RlbEJhY2tlbmQiLCJfYXV0aF91c2VyX2hhc2giOiI4MjRhNzExMzQ1ZmYxNWQwZTgzZTAwNDBjZGEzOGM3NmQ4YmQxOTA3In0=','2019-06-25 15:27:49.375000'),('nbiy70u8685m1dptqupl104pkcii60za','MzVmMTVhOGFkOWYyZDY3NjVjNjYwODc0MjY2MzFhMzFiZjdmN2JmNDp7Il9hdXRoX3VzZXJfaWQiOiIxIiwiX2F1dGhfdXNlcl9iYWNrZW5kIjoiZGphbmdvLmNvbnRyaWIuYXV0aC5iYWNrZW5kcy5Nb2RlbEJhY2tlbmQiLCJfYXV0aF91c2VyX2hhc2giOiJkYzMwODYwMGQ1ZjdlZmQ3OWIxMGQyODI1NjljODczZTk1YmFhZGYwIn0=','2019-10-10 14:19:01.334613'),('nceawrpponeye2ee385sdd3dg252yj0j','MzVmMTVhOGFkOWYyZDY3NjVjNjYwODc0MjY2MzFhMzFiZjdmN2JmNDp7Il9hdXRoX3VzZXJfaWQiOiIxIiwiX2F1dGhfdXNlcl9iYWNrZW5kIjoiZGphbmdvLmNvbnRyaWIuYXV0aC5iYWNrZW5kcy5Nb2RlbEJhY2tlbmQiLCJfYXV0aF91c2VyX2hhc2giOiJkYzMwODYwMGQ1ZjdlZmQ3OWIxMGQyODI1NjljODczZTk1YmFhZGYwIn0=','2019-07-09 19:51:29.074000'),('nily4dgwkujqbg4dq6ntgyrnd5bb44pe','MzVmMTVhOGFkOWYyZDY3NjVjNjYwODc0MjY2MzFhMzFiZjdmN2JmNDp7Il9hdXRoX3VzZXJfaWQiOiIxIiwiX2F1dGhfdXNlcl9iYWNrZW5kIjoiZGphbmdvLmNvbnRyaWIuYXV0aC5iYWNrZW5kcy5Nb2RlbEJhY2tlbmQiLCJfYXV0aF91c2VyX2hhc2giOiJkYzMwODYwMGQ1ZjdlZmQ3OWIxMGQyODI1NjljODczZTk1YmFhZGYwIn0=','2019-07-12 19:51:16.306000'),('njoikitkk7qaqk9arminit6j61om1o4f','ZDhhMWI0ZDIzMzdjOTk2ZDgzYTk2MTM5NzA5OWVmNzIwNGQwOTEzOTp7Il9hdXRoX3VzZXJfaWQiOiIxIiwiX2F1dGhfdXNlcl9iYWNrZW5kIjoiZGphbmdvLmNvbnRyaWIuYXV0aC5iYWNrZW5kcy5Nb2RlbEJhY2tlbmQiLCJfYXV0aF91c2VyX2hhc2giOiI4MjRhNzExMzQ1ZmYxNWQwZTgzZTAwNDBjZGEzOGM3NmQ4YmQxOTA3In0=','2019-07-05 22:24:31.853000'),('njshsymaw0m16qhilqipfsanvveafvd9','MzVmMTVhOGFkOWYyZDY3NjVjNjYwODc0MjY2MzFhMzFiZjdmN2JmNDp7Il9hdXRoX3VzZXJfaWQiOiIxIiwiX2F1dGhfdXNlcl9iYWNrZW5kIjoiZGphbmdvLmNvbnRyaWIuYXV0aC5iYWNrZW5kcy5Nb2RlbEJhY2tlbmQiLCJfYXV0aF91c2VyX2hhc2giOiJkYzMwODYwMGQ1ZjdlZmQ3OWIxMGQyODI1NjljODczZTk1YmFhZGYwIn0=','2019-07-12 19:52:25.719000'),('nl2t77y63xmb6s2g6na4vhzdq60eh2fh','ZDhhMWI0ZDIzMzdjOTk2ZDgzYTk2MTM5NzA5OWVmNzIwNGQwOTEzOTp7Il9hdXRoX3VzZXJfaWQiOiIxIiwiX2F1dGhfdXNlcl9iYWNrZW5kIjoiZGphbmdvLmNvbnRyaWIuYXV0aC5iYWNrZW5kcy5Nb2RlbEJhY2tlbmQiLCJfYXV0aF91c2VyX2hhc2giOiI4MjRhNzExMzQ1ZmYxNWQwZTgzZTAwNDBjZGEzOGM3NmQ4YmQxOTA3In0=','2019-06-28 21:53:33.706000'),('nlcm5mzq20neqbksff5ms7lbe6f5qdnd','YTkxODY0ZTA0OTg1MzMzMDdiMDNjNThkNzU0NTkyZDZhMTBiNTU4Nzp7Il9hdXRoX3VzZXJfaWQiOiIxIiwiX2F1dGhfdXNlcl9iYWNrZW5kIjoiZGphbmdvLmNvbnRyaWIuYXV0aC5iYWNrZW5kcy5Nb2RlbEJhY2tlbmQiLCJfYXV0aF91c2VyX2hhc2giOiI0OGU1ZWQ3MjhlNjhlZGFhYmVlYTU2YWU3MTc3NTE0MGVlZGIwYTg5In0=','2020-01-31 19:20:50.331292'),('np86votsimzgy35a7rbnela3niatk29t','ZDhhMWI0ZDIzMzdjOTk2ZDgzYTk2MTM5NzA5OWVmNzIwNGQwOTEzOTp7Il9hdXRoX3VzZXJfaWQiOiIxIiwiX2F1dGhfdXNlcl9iYWNrZW5kIjoiZGphbmdvLmNvbnRyaWIuYXV0aC5iYWNrZW5kcy5Nb2RlbEJhY2tlbmQiLCJfYXV0aF91c2VyX2hhc2giOiI4MjRhNzExMzQ1ZmYxNWQwZTgzZTAwNDBjZGEzOGM3NmQ4YmQxOTA3In0=','2019-07-09 15:13:15.805000'),('ns63ix793zim03u21prunhfjpi4nolzu','MzVmMTVhOGFkOWYyZDY3NjVjNjYwODc0MjY2MzFhMzFiZjdmN2JmNDp7Il9hdXRoX3VzZXJfaWQiOiIxIiwiX2F1dGhfdXNlcl9iYWNrZW5kIjoiZGphbmdvLmNvbnRyaWIuYXV0aC5iYWNrZW5kcy5Nb2RlbEJhY2tlbmQiLCJfYXV0aF91c2VyX2hhc2giOiJkYzMwODYwMGQ1ZjdlZmQ3OWIxMGQyODI1NjljODczZTk1YmFhZGYwIn0=','2019-07-30 23:43:43.389403'),('nxtdkn98o1aniufn94db4lfgu62uipew','ZDhhMWI0ZDIzMzdjOTk2ZDgzYTk2MTM5NzA5OWVmNzIwNGQwOTEzOTp7Il9hdXRoX3VzZXJfaWQiOiIxIiwiX2F1dGhfdXNlcl9iYWNrZW5kIjoiZGphbmdvLmNvbnRyaWIuYXV0aC5iYWNrZW5kcy5Nb2RlbEJhY2tlbmQiLCJfYXV0aF91c2VyX2hhc2giOiI4MjRhNzExMzQ1ZmYxNWQwZTgzZTAwNDBjZGEzOGM3NmQ4YmQxOTA3In0=','2019-06-21 14:25:24.476000'),('o7aum6peky5lk2mo6m63stf8leg9ek8t','MzVmMTVhOGFkOWYyZDY3NjVjNjYwODc0MjY2MzFhMzFiZjdmN2JmNDp7Il9hdXRoX3VzZXJfaWQiOiIxIiwiX2F1dGhfdXNlcl9iYWNrZW5kIjoiZGphbmdvLmNvbnRyaWIuYXV0aC5iYWNrZW5kcy5Nb2RlbEJhY2tlbmQiLCJfYXV0aF91c2VyX2hhc2giOiJkYzMwODYwMGQ1ZjdlZmQ3OWIxMGQyODI1NjljODczZTk1YmFhZGYwIn0=','2019-08-29 22:14:07.896897'),('o919cfr3yldh916akgafwaolrvqhyph5','ZDhhMWI0ZDIzMzdjOTk2ZDgzYTk2MTM5NzA5OWVmNzIwNGQwOTEzOTp7Il9hdXRoX3VzZXJfaWQiOiIxIiwiX2F1dGhfdXNlcl9iYWNrZW5kIjoiZGphbmdvLmNvbnRyaWIuYXV0aC5iYWNrZW5kcy5Nb2RlbEJhY2tlbmQiLCJfYXV0aF91c2VyX2hhc2giOiI4MjRhNzExMzQ1ZmYxNWQwZTgzZTAwNDBjZGEzOGM3NmQ4YmQxOTA3In0=','2019-06-25 20:37:41.744000'),('oan34a9ong2wh7vphi0y932gxtrfs5fh','MzVmMTVhOGFkOWYyZDY3NjVjNjYwODc0MjY2MzFhMzFiZjdmN2JmNDp7Il9hdXRoX3VzZXJfaWQiOiIxIiwiX2F1dGhfdXNlcl9iYWNrZW5kIjoiZGphbmdvLmNvbnRyaWIuYXV0aC5iYWNrZW5kcy5Nb2RlbEJhY2tlbmQiLCJfYXV0aF91c2VyX2hhc2giOiJkYzMwODYwMGQ1ZjdlZmQ3OWIxMGQyODI1NjljODczZTk1YmFhZGYwIn0=','2019-11-22 22:37:01.946940'),('obc0e58lnlfch23i012rrzo7n0agkznb','MzVmMTVhOGFkOWYyZDY3NjVjNjYwODc0MjY2MzFhMzFiZjdmN2JmNDp7Il9hdXRoX3VzZXJfaWQiOiIxIiwiX2F1dGhfdXNlcl9iYWNrZW5kIjoiZGphbmdvLmNvbnRyaWIuYXV0aC5iYWNrZW5kcy5Nb2RlbEJhY2tlbmQiLCJfYXV0aF91c2VyX2hhc2giOiJkYzMwODYwMGQ1ZjdlZmQ3OWIxMGQyODI1NjljODczZTk1YmFhZGYwIn0=','2019-08-30 14:28:55.397713'),('oesqrt0rsn1gjylfgu3ycjw8su2uvo4s','ZDhhMWI0ZDIzMzdjOTk2ZDgzYTk2MTM5NzA5OWVmNzIwNGQwOTEzOTp7Il9hdXRoX3VzZXJfaWQiOiIxIiwiX2F1dGhfdXNlcl9iYWNrZW5kIjoiZGphbmdvLmNvbnRyaWIuYXV0aC5iYWNrZW5kcy5Nb2RlbEJhY2tlbmQiLCJfYXV0aF91c2VyX2hhc2giOiI4MjRhNzExMzQ1ZmYxNWQwZTgzZTAwNDBjZGEzOGM3NmQ4YmQxOTA3In0=','2019-05-21 19:46:16.687000'),('ogbw7bcqlyigkqqe2z67b0y3t323620l','MzVmMTVhOGFkOWYyZDY3NjVjNjYwODc0MjY2MzFhMzFiZjdmN2JmNDp7Il9hdXRoX3VzZXJfaWQiOiIxIiwiX2F1dGhfdXNlcl9iYWNrZW5kIjoiZGphbmdvLmNvbnRyaWIuYXV0aC5iYWNrZW5kcy5Nb2RlbEJhY2tlbmQiLCJfYXV0aF91c2VyX2hhc2giOiJkYzMwODYwMGQ1ZjdlZmQ3OWIxMGQyODI1NjljODczZTk1YmFhZGYwIn0=','2019-08-02 21:48:28.204752'),('ogna4vb7fht0nxlp48g71w5w2kk6fq7f','MzVmMTVhOGFkOWYyZDY3NjVjNjYwODc0MjY2MzFhMzFiZjdmN2JmNDp7Il9hdXRoX3VzZXJfaWQiOiIxIiwiX2F1dGhfdXNlcl9iYWNrZW5kIjoiZGphbmdvLmNvbnRyaWIuYXV0aC5iYWNrZW5kcy5Nb2RlbEJhY2tlbmQiLCJfYXV0aF91c2VyX2hhc2giOiJkYzMwODYwMGQ1ZjdlZmQ3OWIxMGQyODI1NjljODczZTk1YmFhZGYwIn0=','2019-08-30 20:34:47.811448'),('ogzw9om9trj1tf7jcpkulukvj5lwr2qk','MzVmMTVhOGFkOWYyZDY3NjVjNjYwODc0MjY2MzFhMzFiZjdmN2JmNDp7Il9hdXRoX3VzZXJfaWQiOiIxIiwiX2F1dGhfdXNlcl9iYWNrZW5kIjoiZGphbmdvLmNvbnRyaWIuYXV0aC5iYWNrZW5kcy5Nb2RlbEJhY2tlbmQiLCJfYXV0aF91c2VyX2hhc2giOiJkYzMwODYwMGQ1ZjdlZmQ3OWIxMGQyODI1NjljODczZTk1YmFhZGYwIn0=','2019-08-06 15:11:06.823011'),('ohe4wgwljr5kd3yf1i20493bldfunp7a','MzVmMTVhOGFkOWYyZDY3NjVjNjYwODc0MjY2MzFhMzFiZjdmN2JmNDp7Il9hdXRoX3VzZXJfaWQiOiIxIiwiX2F1dGhfdXNlcl9iYWNrZW5kIjoiZGphbmdvLmNvbnRyaWIuYXV0aC5iYWNrZW5kcy5Nb2RlbEJhY2tlbmQiLCJfYXV0aF91c2VyX2hhc2giOiJkYzMwODYwMGQ1ZjdlZmQ3OWIxMGQyODI1NjljODczZTk1YmFhZGYwIn0=','2019-08-30 16:27:55.034310'),('onyjcnfd945kwrkm3132rhgvpyebh291','MzVmMTVhOGFkOWYyZDY3NjVjNjYwODc0MjY2MzFhMzFiZjdmN2JmNDp7Il9hdXRoX3VzZXJfaWQiOiIxIiwiX2F1dGhfdXNlcl9iYWNrZW5kIjoiZGphbmdvLmNvbnRyaWIuYXV0aC5iYWNrZW5kcy5Nb2RlbEJhY2tlbmQiLCJfYXV0aF91c2VyX2hhc2giOiJkYzMwODYwMGQ1ZjdlZmQ3OWIxMGQyODI1NjljODczZTk1YmFhZGYwIn0=','2019-08-26 20:56:48.235859'),('oo31z0uqmti4qfuzhtvpjfyrkn4opt3b','ZDhhMWI0ZDIzMzdjOTk2ZDgzYTk2MTM5NzA5OWVmNzIwNGQwOTEzOTp7Il9hdXRoX3VzZXJfaWQiOiIxIiwiX2F1dGhfdXNlcl9iYWNrZW5kIjoiZGphbmdvLmNvbnRyaWIuYXV0aC5iYWNrZW5kcy5Nb2RlbEJhY2tlbmQiLCJfYXV0aF91c2VyX2hhc2giOiI4MjRhNzExMzQ1ZmYxNWQwZTgzZTAwNDBjZGEzOGM3NmQ4YmQxOTA3In0=','2019-06-20 14:10:49.301000'),('ooz7fb7rzebtlaavm7ioqt29fvqxmb1y','ZDhhMWI0ZDIzMzdjOTk2ZDgzYTk2MTM5NzA5OWVmNzIwNGQwOTEzOTp7Il9hdXRoX3VzZXJfaWQiOiIxIiwiX2F1dGhfdXNlcl9iYWNrZW5kIjoiZGphbmdvLmNvbnRyaWIuYXV0aC5iYWNrZW5kcy5Nb2RlbEJhY2tlbmQiLCJfYXV0aF91c2VyX2hhc2giOiI4MjRhNzExMzQ1ZmYxNWQwZTgzZTAwNDBjZGEzOGM3NmQ4YmQxOTA3In0=','2019-07-05 14:19:06.653000'),('oqgi0psq9l1kbynndfjbcitkxpp43x05','YTkxODY0ZTA0OTg1MzMzMDdiMDNjNThkNzU0NTkyZDZhMTBiNTU4Nzp7Il9hdXRoX3VzZXJfaWQiOiIxIiwiX2F1dGhfdXNlcl9iYWNrZW5kIjoiZGphbmdvLmNvbnRyaWIuYXV0aC5iYWNrZW5kcy5Nb2RlbEJhY2tlbmQiLCJfYXV0aF91c2VyX2hhc2giOiI0OGU1ZWQ3MjhlNjhlZGFhYmVlYTU2YWU3MTc3NTE0MGVlZGIwYTg5In0=','2019-12-19 19:49:29.770563'),('osjvj0xhinrhj0rnkg09rm73drq2rrgn','YTkxODY0ZTA0OTg1MzMzMDdiMDNjNThkNzU0NTkyZDZhMTBiNTU4Nzp7Il9hdXRoX3VzZXJfaWQiOiIxIiwiX2F1dGhfdXNlcl9iYWNrZW5kIjoiZGphbmdvLmNvbnRyaWIuYXV0aC5iYWNrZW5kcy5Nb2RlbEJhY2tlbmQiLCJfYXV0aF91c2VyX2hhc2giOiI0OGU1ZWQ3MjhlNjhlZGFhYmVlYTU2YWU3MTc3NTE0MGVlZGIwYTg5In0=','2020-03-31 22:27:28.241701'),('otkeu7h5q2oz2ql5xbe04j0xp3cve9ja','MzVmMTVhOGFkOWYyZDY3NjVjNjYwODc0MjY2MzFhMzFiZjdmN2JmNDp7Il9hdXRoX3VzZXJfaWQiOiIxIiwiX2F1dGhfdXNlcl9iYWNrZW5kIjoiZGphbmdvLmNvbnRyaWIuYXV0aC5iYWNrZW5kcy5Nb2RlbEJhY2tlbmQiLCJfYXV0aF91c2VyX2hhc2giOiJkYzMwODYwMGQ1ZjdlZmQ3OWIxMGQyODI1NjljODczZTk1YmFhZGYwIn0=','2019-08-12 06:44:45.406054'),('owp3klku4vi81k75bxsm9dw29buxgol6','ZDhhMWI0ZDIzMzdjOTk2ZDgzYTk2MTM5NzA5OWVmNzIwNGQwOTEzOTp7Il9hdXRoX3VzZXJfaWQiOiIxIiwiX2F1dGhfdXNlcl9iYWNrZW5kIjoiZGphbmdvLmNvbnRyaWIuYXV0aC5iYWNrZW5kcy5Nb2RlbEJhY2tlbmQiLCJfYXV0aF91c2VyX2hhc2giOiI4MjRhNzExMzQ1ZmYxNWQwZTgzZTAwNDBjZGEzOGM3NmQ4YmQxOTA3In0=','2019-05-22 16:55:21.570000'),('oyk5jrzjsn156g508kh1qad6aqc8ho03','MzVmMTVhOGFkOWYyZDY3NjVjNjYwODc0MjY2MzFhMzFiZjdmN2JmNDp7Il9hdXRoX3VzZXJfaWQiOiIxIiwiX2F1dGhfdXNlcl9iYWNrZW5kIjoiZGphbmdvLmNvbnRyaWIuYXV0aC5iYWNrZW5kcy5Nb2RlbEJhY2tlbmQiLCJfYXV0aF91c2VyX2hhc2giOiJkYzMwODYwMGQ1ZjdlZmQ3OWIxMGQyODI1NjljODczZTk1YmFhZGYwIn0=','2019-08-12 06:46:03.225524'),('p3k07ailcwv86zg9gjczv8ox3rah5a96','MzVmMTVhOGFkOWYyZDY3NjVjNjYwODc0MjY2MzFhMzFiZjdmN2JmNDp7Il9hdXRoX3VzZXJfaWQiOiIxIiwiX2F1dGhfdXNlcl9iYWNrZW5kIjoiZGphbmdvLmNvbnRyaWIuYXV0aC5iYWNrZW5kcy5Nb2RlbEJhY2tlbmQiLCJfYXV0aF91c2VyX2hhc2giOiJkYzMwODYwMGQ1ZjdlZmQ3OWIxMGQyODI1NjljODczZTk1YmFhZGYwIn0=','2019-08-26 20:58:14.405119'),('p41f6sjbw2d1asckdd08stzzqogzdske','MzVmMTVhOGFkOWYyZDY3NjVjNjYwODc0MjY2MzFhMzFiZjdmN2JmNDp7Il9hdXRoX3VzZXJfaWQiOiIxIiwiX2F1dGhfdXNlcl9iYWNrZW5kIjoiZGphbmdvLmNvbnRyaWIuYXV0aC5iYWNrZW5kcy5Nb2RlbEJhY2tlbmQiLCJfYXV0aF91c2VyX2hhc2giOiJkYzMwODYwMGQ1ZjdlZmQ3OWIxMGQyODI1NjljODczZTk1YmFhZGYwIn0=','2019-08-12 05:31:08.702887'),('p7jpx2kgxn1u2wmqr6n2uahaz14ii9lg','ZDhhMWI0ZDIzMzdjOTk2ZDgzYTk2MTM5NzA5OWVmNzIwNGQwOTEzOTp7Il9hdXRoX3VzZXJfaWQiOiIxIiwiX2F1dGhfdXNlcl9iYWNrZW5kIjoiZGphbmdvLmNvbnRyaWIuYXV0aC5iYWNrZW5kcy5Nb2RlbEJhY2tlbmQiLCJfYXV0aF91c2VyX2hhc2giOiI4MjRhNzExMzQ1ZmYxNWQwZTgzZTAwNDBjZGEzOGM3NmQ4YmQxOTA3In0=','2019-06-27 16:28:02.146000'),('p8lbpi31b0b33rjif4vqyvc8xlba9y8n','MzVmMTVhOGFkOWYyZDY3NjVjNjYwODc0MjY2MzFhMzFiZjdmN2JmNDp7Il9hdXRoX3VzZXJfaWQiOiIxIiwiX2F1dGhfdXNlcl9iYWNrZW5kIjoiZGphbmdvLmNvbnRyaWIuYXV0aC5iYWNrZW5kcy5Nb2RlbEJhY2tlbmQiLCJfYXV0aF91c2VyX2hhc2giOiJkYzMwODYwMGQ1ZjdlZmQ3OWIxMGQyODI1NjljODczZTk1YmFhZGYwIn0=','2019-07-09 20:13:57.633000'),('pda05a4xgcw60kn6xpgauk185zlk5746','MzVmMTVhOGFkOWYyZDY3NjVjNjYwODc0MjY2MzFhMzFiZjdmN2JmNDp7Il9hdXRoX3VzZXJfaWQiOiIxIiwiX2F1dGhfdXNlcl9iYWNrZW5kIjoiZGphbmdvLmNvbnRyaWIuYXV0aC5iYWNrZW5kcy5Nb2RlbEJhY2tlbmQiLCJfYXV0aF91c2VyX2hhc2giOiJkYzMwODYwMGQ1ZjdlZmQ3OWIxMGQyODI1NjljODczZTk1YmFhZGYwIn0=','2019-11-15 22:28:02.456273'),('pdvo6sjpaihoak2nv5dp5dkbr1vnj9hi','ZDhhMWI0ZDIzMzdjOTk2ZDgzYTk2MTM5NzA5OWVmNzIwNGQwOTEzOTp7Il9hdXRoX3VzZXJfaWQiOiIxIiwiX2F1dGhfdXNlcl9iYWNrZW5kIjoiZGphbmdvLmNvbnRyaWIuYXV0aC5iYWNrZW5kcy5Nb2RlbEJhY2tlbmQiLCJfYXV0aF91c2VyX2hhc2giOiI4MjRhNzExMzQ1ZmYxNWQwZTgzZTAwNDBjZGEzOGM3NmQ4YmQxOTA3In0=','2019-07-09 15:10:00.127000'),('phswalj24h0m28xu42g3fuxkmhz3ay80','MzVmMTVhOGFkOWYyZDY3NjVjNjYwODc0MjY2MzFhMzFiZjdmN2JmNDp7Il9hdXRoX3VzZXJfaWQiOiIxIiwiX2F1dGhfdXNlcl9iYWNrZW5kIjoiZGphbmdvLmNvbnRyaWIuYXV0aC5iYWNrZW5kcy5Nb2RlbEJhY2tlbmQiLCJfYXV0aF91c2VyX2hhc2giOiJkYzMwODYwMGQ1ZjdlZmQ3OWIxMGQyODI1NjljODczZTk1YmFhZGYwIn0=','2019-08-28 04:44:35.556124'),('pifv01wwle8rq1wt5w5vnp8pczsl1mjs','MzVmMTVhOGFkOWYyZDY3NjVjNjYwODc0MjY2MzFhMzFiZjdmN2JmNDp7Il9hdXRoX3VzZXJfaWQiOiIxIiwiX2F1dGhfdXNlcl9iYWNrZW5kIjoiZGphbmdvLmNvbnRyaWIuYXV0aC5iYWNrZW5kcy5Nb2RlbEJhY2tlbmQiLCJfYXV0aF91c2VyX2hhc2giOiJkYzMwODYwMGQ1ZjdlZmQ3OWIxMGQyODI1NjljODczZTk1YmFhZGYwIn0=','2019-08-02 21:59:11.879106'),('psi69lqd56u4v7gmfvz5f4hfk7n70ldf','MzVmMTVhOGFkOWYyZDY3NjVjNjYwODc0MjY2MzFhMzFiZjdmN2JmNDp7Il9hdXRoX3VzZXJfaWQiOiIxIiwiX2F1dGhfdXNlcl9iYWNrZW5kIjoiZGphbmdvLmNvbnRyaWIuYXV0aC5iYWNrZW5kcy5Nb2RlbEJhY2tlbmQiLCJfYXV0aF91c2VyX2hhc2giOiJkYzMwODYwMGQ1ZjdlZmQ3OWIxMGQyODI1NjljODczZTk1YmFhZGYwIn0=','2019-07-10 20:16:08.915000'),('psuovvy59pddyv03g92k59m8zn3i9epp','ZDhhMWI0ZDIzMzdjOTk2ZDgzYTk2MTM5NzA5OWVmNzIwNGQwOTEzOTp7Il9hdXRoX3VzZXJfaWQiOiIxIiwiX2F1dGhfdXNlcl9iYWNrZW5kIjoiZGphbmdvLmNvbnRyaWIuYXV0aC5iYWNrZW5kcy5Nb2RlbEJhY2tlbmQiLCJfYXV0aF91c2VyX2hhc2giOiI4MjRhNzExMzQ1ZmYxNWQwZTgzZTAwNDBjZGEzOGM3NmQ4YmQxOTA3In0=','2019-05-14 14:34:52.239000'),('putkvwd768t4ast1rflt76m3v037yajr','YTkxODY0ZTA0OTg1MzMzMDdiMDNjNThkNzU0NTkyZDZhMTBiNTU4Nzp7Il9hdXRoX3VzZXJfaWQiOiIxIiwiX2F1dGhfdXNlcl9iYWNrZW5kIjoiZGphbmdvLmNvbnRyaWIuYXV0aC5iYWNrZW5kcy5Nb2RlbEJhY2tlbmQiLCJfYXV0aF91c2VyX2hhc2giOiI0OGU1ZWQ3MjhlNjhlZGFhYmVlYTU2YWU3MTc3NTE0MGVlZGIwYTg5In0=','2020-02-06 13:54:56.364043'),('pv0fn4edjljig17sl37uhnb7egrn88ca','MzVmMTVhOGFkOWYyZDY3NjVjNjYwODc0MjY2MzFhMzFiZjdmN2JmNDp7Il9hdXRoX3VzZXJfaWQiOiIxIiwiX2F1dGhfdXNlcl9iYWNrZW5kIjoiZGphbmdvLmNvbnRyaWIuYXV0aC5iYWNrZW5kcy5Nb2RlbEJhY2tlbmQiLCJfYXV0aF91c2VyX2hhc2giOiJkYzMwODYwMGQ1ZjdlZmQ3OWIxMGQyODI1NjljODczZTk1YmFhZGYwIn0=','2019-07-16 17:16:01.726000'),('pvrbjbq4r67wbkuqhqes8c9ykga99v8x','ZDhhMWI0ZDIzMzdjOTk2ZDgzYTk2MTM5NzA5OWVmNzIwNGQwOTEzOTp7Il9hdXRoX3VzZXJfaWQiOiIxIiwiX2F1dGhfdXNlcl9iYWNrZW5kIjoiZGphbmdvLmNvbnRyaWIuYXV0aC5iYWNrZW5kcy5Nb2RlbEJhY2tlbmQiLCJfYXV0aF91c2VyX2hhc2giOiI4MjRhNzExMzQ1ZmYxNWQwZTgzZTAwNDBjZGEzOGM3NmQ4YmQxOTA3In0=','2019-05-20 14:50:43.896000'),('pxcn0tj2kzhujrvw1a23vhkajw3j9kzs','ZDhhMWI0ZDIzMzdjOTk2ZDgzYTk2MTM5NzA5OWVmNzIwNGQwOTEzOTp7Il9hdXRoX3VzZXJfaWQiOiIxIiwiX2F1dGhfdXNlcl9iYWNrZW5kIjoiZGphbmdvLmNvbnRyaWIuYXV0aC5iYWNrZW5kcy5Nb2RlbEJhY2tlbmQiLCJfYXV0aF91c2VyX2hhc2giOiI4MjRhNzExMzQ1ZmYxNWQwZTgzZTAwNDBjZGEzOGM3NmQ4YmQxOTA3In0=','2019-05-21 22:16:55.968000'),('q3of9du0zu3hr3jkbiduu38rfoda6z7u','MzVmMTVhOGFkOWYyZDY3NjVjNjYwODc0MjY2MzFhMzFiZjdmN2JmNDp7Il9hdXRoX3VzZXJfaWQiOiIxIiwiX2F1dGhfdXNlcl9iYWNrZW5kIjoiZGphbmdvLmNvbnRyaWIuYXV0aC5iYWNrZW5kcy5Nb2RlbEJhY2tlbmQiLCJfYXV0aF91c2VyX2hhc2giOiJkYzMwODYwMGQ1ZjdlZmQ3OWIxMGQyODI1NjljODczZTk1YmFhZGYwIn0=','2019-11-15 22:27:25.145113'),('q8f6ep1n2f9cz4xmp226ptwl14tfxg36','MzVmMTVhOGFkOWYyZDY3NjVjNjYwODc0MjY2MzFhMzFiZjdmN2JmNDp7Il9hdXRoX3VzZXJfaWQiOiIxIiwiX2F1dGhfdXNlcl9iYWNrZW5kIjoiZGphbmdvLmNvbnRyaWIuYXV0aC5iYWNrZW5kcy5Nb2RlbEJhY2tlbmQiLCJfYXV0aF91c2VyX2hhc2giOiJkYzMwODYwMGQ1ZjdlZmQ3OWIxMGQyODI1NjljODczZTk1YmFhZGYwIn0=','2019-09-13 16:12:27.321240'),('q8t7k3mx9cud4bq993dl4l9b6h7unl5h','ZDhhMWI0ZDIzMzdjOTk2ZDgzYTk2MTM5NzA5OWVmNzIwNGQwOTEzOTp7Il9hdXRoX3VzZXJfaWQiOiIxIiwiX2F1dGhfdXNlcl9iYWNrZW5kIjoiZGphbmdvLmNvbnRyaWIuYXV0aC5iYWNrZW5kcy5Nb2RlbEJhY2tlbmQiLCJfYXV0aF91c2VyX2hhc2giOiI4MjRhNzExMzQ1ZmYxNWQwZTgzZTAwNDBjZGEzOGM3NmQ4YmQxOTA3In0=','2019-07-05 20:26:13.188000'),('q92gn85aq65f5250t5c3adktko3esose','MzVmMTVhOGFkOWYyZDY3NjVjNjYwODc0MjY2MzFhMzFiZjdmN2JmNDp7Il9hdXRoX3VzZXJfaWQiOiIxIiwiX2F1dGhfdXNlcl9iYWNrZW5kIjoiZGphbmdvLmNvbnRyaWIuYXV0aC5iYWNrZW5kcy5Nb2RlbEJhY2tlbmQiLCJfYXV0aF91c2VyX2hhc2giOiJkYzMwODYwMGQ1ZjdlZmQ3OWIxMGQyODI1NjljODczZTk1YmFhZGYwIn0=','2019-07-29 17:37:06.702189'),('qmejnifu6sw5lwa9lqpzmdnoifsurjyl','ZDhhMWI0ZDIzMzdjOTk2ZDgzYTk2MTM5NzA5OWVmNzIwNGQwOTEzOTp7Il9hdXRoX3VzZXJfaWQiOiIxIiwiX2F1dGhfdXNlcl9iYWNrZW5kIjoiZGphbmdvLmNvbnRyaWIuYXV0aC5iYWNrZW5kcy5Nb2RlbEJhY2tlbmQiLCJfYXV0aF91c2VyX2hhc2giOiI4MjRhNzExMzQ1ZmYxNWQwZTgzZTAwNDBjZGEzOGM3NmQ4YmQxOTA3In0=','2019-05-09 19:09:23.271000'),('qnjw7ng03xk2s44clkm2r1m5tdi8u2vy','ZDhhMWI0ZDIzMzdjOTk2ZDgzYTk2MTM5NzA5OWVmNzIwNGQwOTEzOTp7Il9hdXRoX3VzZXJfaWQiOiIxIiwiX2F1dGhfdXNlcl9iYWNrZW5kIjoiZGphbmdvLmNvbnRyaWIuYXV0aC5iYWNrZW5kcy5Nb2RlbEJhY2tlbmQiLCJfYXV0aF91c2VyX2hhc2giOiI4MjRhNzExMzQ1ZmYxNWQwZTgzZTAwNDBjZGEzOGM3NmQ4YmQxOTA3In0=','2019-06-05 14:56:13.962000'),('qr51ktmtoj4ixmlb95g7xxy7ntk8okc9','ZDhhMWI0ZDIzMzdjOTk2ZDgzYTk2MTM5NzA5OWVmNzIwNGQwOTEzOTp7Il9hdXRoX3VzZXJfaWQiOiIxIiwiX2F1dGhfdXNlcl9iYWNrZW5kIjoiZGphbmdvLmNvbnRyaWIuYXV0aC5iYWNrZW5kcy5Nb2RlbEJhY2tlbmQiLCJfYXV0aF91c2VyX2hhc2giOiI4MjRhNzExMzQ1ZmYxNWQwZTgzZTAwNDBjZGEzOGM3NmQ4YmQxOTA3In0=','2019-07-09 15:09:51.427000'),('qsi2pm0bjfbam8uzf7wwnx0utvt7u9ma','MzVmMTVhOGFkOWYyZDY3NjVjNjYwODc0MjY2MzFhMzFiZjdmN2JmNDp7Il9hdXRoX3VzZXJfaWQiOiIxIiwiX2F1dGhfdXNlcl9iYWNrZW5kIjoiZGphbmdvLmNvbnRyaWIuYXV0aC5iYWNrZW5kcy5Nb2RlbEJhY2tlbmQiLCJfYXV0aF91c2VyX2hhc2giOiJkYzMwODYwMGQ1ZjdlZmQ3OWIxMGQyODI1NjljODczZTk1YmFhZGYwIn0=','2019-08-28 22:34:39.190083'),('qt45gxmjlfh9obxnl16yd783fwihc4vr','YTkxODY0ZTA0OTg1MzMzMDdiMDNjNThkNzU0NTkyZDZhMTBiNTU4Nzp7Il9hdXRoX3VzZXJfaWQiOiIxIiwiX2F1dGhfdXNlcl9iYWNrZW5kIjoiZGphbmdvLmNvbnRyaWIuYXV0aC5iYWNrZW5kcy5Nb2RlbEJhY2tlbmQiLCJfYXV0aF91c2VyX2hhc2giOiI0OGU1ZWQ3MjhlNjhlZGFhYmVlYTU2YWU3MTc3NTE0MGVlZGIwYTg5In0=','2019-12-11 01:38:01.583245'),('qv4oimbhmfbqlq2c4lhmp79dwyvun2um','MzVmMTVhOGFkOWYyZDY3NjVjNjYwODc0MjY2MzFhMzFiZjdmN2JmNDp7Il9hdXRoX3VzZXJfaWQiOiIxIiwiX2F1dGhfdXNlcl9iYWNrZW5kIjoiZGphbmdvLmNvbnRyaWIuYXV0aC5iYWNrZW5kcy5Nb2RlbEJhY2tlbmQiLCJfYXV0aF91c2VyX2hhc2giOiJkYzMwODYwMGQ1ZjdlZmQ3OWIxMGQyODI1NjljODczZTk1YmFhZGYwIn0=','2019-08-12 06:45:32.278967'),('qwex7uw0awt1q7q6b63oueph0ltiaz2d','MzVmMTVhOGFkOWYyZDY3NjVjNjYwODc0MjY2MzFhMzFiZjdmN2JmNDp7Il9hdXRoX3VzZXJfaWQiOiIxIiwiX2F1dGhfdXNlcl9iYWNrZW5kIjoiZGphbmdvLmNvbnRyaWIuYXV0aC5iYWNrZW5kcy5Nb2RlbEJhY2tlbmQiLCJfYXV0aF91c2VyX2hhc2giOiJkYzMwODYwMGQ1ZjdlZmQ3OWIxMGQyODI1NjljODczZTk1YmFhZGYwIn0=','2019-07-31 16:02:00.769906'),('qxixwc0zpb3y2hnmyxn7mey6tx2mlg7b','ZDhhMWI0ZDIzMzdjOTk2ZDgzYTk2MTM5NzA5OWVmNzIwNGQwOTEzOTp7Il9hdXRoX3VzZXJfaWQiOiIxIiwiX2F1dGhfdXNlcl9iYWNrZW5kIjoiZGphbmdvLmNvbnRyaWIuYXV0aC5iYWNrZW5kcy5Nb2RlbEJhY2tlbmQiLCJfYXV0aF91c2VyX2hhc2giOiI4MjRhNzExMzQ1ZmYxNWQwZTgzZTAwNDBjZGEzOGM3NmQ4YmQxOTA3In0=','2019-05-10 14:56:23.515000'),('qxnf93yoz9ujm7dze2tnpvg8ovdeb6aj','YTkxODY0ZTA0OTg1MzMzMDdiMDNjNThkNzU0NTkyZDZhMTBiNTU4Nzp7Il9hdXRoX3VzZXJfaWQiOiIxIiwiX2F1dGhfdXNlcl9iYWNrZW5kIjoiZGphbmdvLmNvbnRyaWIuYXV0aC5iYWNrZW5kcy5Nb2RlbEJhY2tlbmQiLCJfYXV0aF91c2VyX2hhc2giOiI0OGU1ZWQ3MjhlNjhlZGFhYmVlYTU2YWU3MTc3NTE0MGVlZGIwYTg5In0=','2019-12-17 19:55:23.343050'),('qyg0w7khh7v82s33pjacsn9wh0nu3ceu','MzVmMTVhOGFkOWYyZDY3NjVjNjYwODc0MjY2MzFhMzFiZjdmN2JmNDp7Il9hdXRoX3VzZXJfaWQiOiIxIiwiX2F1dGhfdXNlcl9iYWNrZW5kIjoiZGphbmdvLmNvbnRyaWIuYXV0aC5iYWNrZW5kcy5Nb2RlbEJhY2tlbmQiLCJfYXV0aF91c2VyX2hhc2giOiJkYzMwODYwMGQ1ZjdlZmQ3OWIxMGQyODI1NjljODczZTk1YmFhZGYwIn0=','2019-11-19 20:16:04.854220'),('qyp897tu7inb1u6n355j5zxrwhgmbyi7','MzVmMTVhOGFkOWYyZDY3NjVjNjYwODc0MjY2MzFhMzFiZjdmN2JmNDp7Il9hdXRoX3VzZXJfaWQiOiIxIiwiX2F1dGhfdXNlcl9iYWNrZW5kIjoiZGphbmdvLmNvbnRyaWIuYXV0aC5iYWNrZW5kcy5Nb2RlbEJhY2tlbmQiLCJfYXV0aF91c2VyX2hhc2giOiJkYzMwODYwMGQ1ZjdlZmQ3OWIxMGQyODI1NjljODczZTk1YmFhZGYwIn0=','2019-08-02 21:04:43.910326'),('qzyth958o4lcqo658y1n672na2tszajr','MzVmMTVhOGFkOWYyZDY3NjVjNjYwODc0MjY2MzFhMzFiZjdmN2JmNDp7Il9hdXRoX3VzZXJfaWQiOiIxIiwiX2F1dGhfdXNlcl9iYWNrZW5kIjoiZGphbmdvLmNvbnRyaWIuYXV0aC5iYWNrZW5kcy5Nb2RlbEJhY2tlbmQiLCJfYXV0aF91c2VyX2hhc2giOiJkYzMwODYwMGQ1ZjdlZmQ3OWIxMGQyODI1NjljODczZTk1YmFhZGYwIn0=','2019-07-12 19:51:12.740000'),('r2eswe4wpb9fd9teba5y3b8q1024wc5v','MzVmMTVhOGFkOWYyZDY3NjVjNjYwODc0MjY2MzFhMzFiZjdmN2JmNDp7Il9hdXRoX3VzZXJfaWQiOiIxIiwiX2F1dGhfdXNlcl9iYWNrZW5kIjoiZGphbmdvLmNvbnRyaWIuYXV0aC5iYWNrZW5kcy5Nb2RlbEJhY2tlbmQiLCJfYXV0aF91c2VyX2hhc2giOiJkYzMwODYwMGQ1ZjdlZmQ3OWIxMGQyODI1NjljODczZTk1YmFhZGYwIn0=','2019-10-10 23:49:18.293959'),('r3s6g9k8ts5t10z9yjevff9i8a2d6bnz','ZDhhMWI0ZDIzMzdjOTk2ZDgzYTk2MTM5NzA5OWVmNzIwNGQwOTEzOTp7Il9hdXRoX3VzZXJfaWQiOiIxIiwiX2F1dGhfdXNlcl9iYWNrZW5kIjoiZGphbmdvLmNvbnRyaWIuYXV0aC5iYWNrZW5kcy5Nb2RlbEJhY2tlbmQiLCJfYXV0aF91c2VyX2hhc2giOiI4MjRhNzExMzQ1ZmYxNWQwZTgzZTAwNDBjZGEzOGM3NmQ4YmQxOTA3In0=','2019-07-09 19:28:20.870000'),('r3snhs9xuow06nyzlvpww4hc09hpdv7a','MzVmMTVhOGFkOWYyZDY3NjVjNjYwODc0MjY2MzFhMzFiZjdmN2JmNDp7Il9hdXRoX3VzZXJfaWQiOiIxIiwiX2F1dGhfdXNlcl9iYWNrZW5kIjoiZGphbmdvLmNvbnRyaWIuYXV0aC5iYWNrZW5kcy5Nb2RlbEJhY2tlbmQiLCJfYXV0aF91c2VyX2hhc2giOiJkYzMwODYwMGQ1ZjdlZmQ3OWIxMGQyODI1NjljODczZTk1YmFhZGYwIn0=','2019-08-07 19:31:51.165458'),('r4rzib7sw1e09t7ytg0yjor1w2v3mvjk','MzVmMTVhOGFkOWYyZDY3NjVjNjYwODc0MjY2MzFhMzFiZjdmN2JmNDp7Il9hdXRoX3VzZXJfaWQiOiIxIiwiX2F1dGhfdXNlcl9iYWNrZW5kIjoiZGphbmdvLmNvbnRyaWIuYXV0aC5iYWNrZW5kcy5Nb2RlbEJhY2tlbmQiLCJfYXV0aF91c2VyX2hhc2giOiJkYzMwODYwMGQ1ZjdlZmQ3OWIxMGQyODI1NjljODczZTk1YmFhZGYwIn0=','2019-09-18 22:22:27.769598'),('racim2bo24tfpl6vazvng6ytsnqus4bm','MzVmMTVhOGFkOWYyZDY3NjVjNjYwODc0MjY2MzFhMzFiZjdmN2JmNDp7Il9hdXRoX3VzZXJfaWQiOiIxIiwiX2F1dGhfdXNlcl9iYWNrZW5kIjoiZGphbmdvLmNvbnRyaWIuYXV0aC5iYWNrZW5kcy5Nb2RlbEJhY2tlbmQiLCJfYXV0aF91c2VyX2hhc2giOiJkYzMwODYwMGQ1ZjdlZmQ3OWIxMGQyODI1NjljODczZTk1YmFhZGYwIn0=','2019-10-25 15:41:13.347214'),('rc797mwvliq13tgfglkgg6oc6h1wt2rd','MzVmMTVhOGFkOWYyZDY3NjVjNjYwODc0MjY2MzFhMzFiZjdmN2JmNDp7Il9hdXRoX3VzZXJfaWQiOiIxIiwiX2F1dGhfdXNlcl9iYWNrZW5kIjoiZGphbmdvLmNvbnRyaWIuYXV0aC5iYWNrZW5kcy5Nb2RlbEJhY2tlbmQiLCJfYXV0aF91c2VyX2hhc2giOiJkYzMwODYwMGQ1ZjdlZmQ3OWIxMGQyODI1NjljODczZTk1YmFhZGYwIn0=','2019-11-15 22:22:28.660017'),('rcj8vmhjcrv5ilf0ggan8yko5vfpp7n4','ZDhhMWI0ZDIzMzdjOTk2ZDgzYTk2MTM5NzA5OWVmNzIwNGQwOTEzOTp7Il9hdXRoX3VzZXJfaWQiOiIxIiwiX2F1dGhfdXNlcl9iYWNrZW5kIjoiZGphbmdvLmNvbnRyaWIuYXV0aC5iYWNrZW5kcy5Nb2RlbEJhY2tlbmQiLCJfYXV0aF91c2VyX2hhc2giOiI4MjRhNzExMzQ1ZmYxNWQwZTgzZTAwNDBjZGEzOGM3NmQ4YmQxOTA3In0=','2019-05-22 14:58:47.094000'),('rgjma2xdlazsu9udlhlwj91fzy21m825','ZDhhMWI0ZDIzMzdjOTk2ZDgzYTk2MTM5NzA5OWVmNzIwNGQwOTEzOTp7Il9hdXRoX3VzZXJfaWQiOiIxIiwiX2F1dGhfdXNlcl9iYWNrZW5kIjoiZGphbmdvLmNvbnRyaWIuYXV0aC5iYWNrZW5kcy5Nb2RlbEJhY2tlbmQiLCJfYXV0aF91c2VyX2hhc2giOiI4MjRhNzExMzQ1ZmYxNWQwZTgzZTAwNDBjZGEzOGM3NmQ4YmQxOTA3In0=','2019-07-09 15:10:11.909000'),('rii2748taeie3i01uidg8s2jl14e5kep','MzVmMTVhOGFkOWYyZDY3NjVjNjYwODc0MjY2MzFhMzFiZjdmN2JmNDp7Il9hdXRoX3VzZXJfaWQiOiIxIiwiX2F1dGhfdXNlcl9iYWNrZW5kIjoiZGphbmdvLmNvbnRyaWIuYXV0aC5iYWNrZW5kcy5Nb2RlbEJhY2tlbmQiLCJfYXV0aF91c2VyX2hhc2giOiJkYzMwODYwMGQ1ZjdlZmQ3OWIxMGQyODI1NjljODczZTk1YmFhZGYwIn0=','2019-09-03 21:03:18.216484'),('rjswkng49yitrpv9fnu60t8w7gqdpk6w','MzVmMTVhOGFkOWYyZDY3NjVjNjYwODc0MjY2MzFhMzFiZjdmN2JmNDp7Il9hdXRoX3VzZXJfaWQiOiIxIiwiX2F1dGhfdXNlcl9iYWNrZW5kIjoiZGphbmdvLmNvbnRyaWIuYXV0aC5iYWNrZW5kcy5Nb2RlbEJhY2tlbmQiLCJfYXV0aF91c2VyX2hhc2giOiJkYzMwODYwMGQ1ZjdlZmQ3OWIxMGQyODI1NjljODczZTk1YmFhZGYwIn0=','2019-08-12 05:30:58.075192'),('rk8g4d387hfux45k633hqot4c7uviijs','MzVmMTVhOGFkOWYyZDY3NjVjNjYwODc0MjY2MzFhMzFiZjdmN2JmNDp7Il9hdXRoX3VzZXJfaWQiOiIxIiwiX2F1dGhfdXNlcl9iYWNrZW5kIjoiZGphbmdvLmNvbnRyaWIuYXV0aC5iYWNrZW5kcy5Nb2RlbEJhY2tlbmQiLCJfYXV0aF91c2VyX2hhc2giOiJkYzMwODYwMGQ1ZjdlZmQ3OWIxMGQyODI1NjljODczZTk1YmFhZGYwIn0=','2019-08-02 18:00:51.832458'),('rr9uhm74aw3mn01t5nzgk7mhmw4cdi6x','ZDhhMWI0ZDIzMzdjOTk2ZDgzYTk2MTM5NzA5OWVmNzIwNGQwOTEzOTp7Il9hdXRoX3VzZXJfaWQiOiIxIiwiX2F1dGhfdXNlcl9iYWNrZW5kIjoiZGphbmdvLmNvbnRyaWIuYXV0aC5iYWNrZW5kcy5Nb2RlbEJhY2tlbmQiLCJfYXV0aF91c2VyX2hhc2giOiI4MjRhNzExMzQ1ZmYxNWQwZTgzZTAwNDBjZGEzOGM3NmQ4YmQxOTA3In0=','2019-07-09 15:21:50.471000'),('rwr3l6emrtbw8gxj2qjvua46cygst3hs','ZDhhMWI0ZDIzMzdjOTk2ZDgzYTk2MTM5NzA5OWVmNzIwNGQwOTEzOTp7Il9hdXRoX3VzZXJfaWQiOiIxIiwiX2F1dGhfdXNlcl9iYWNrZW5kIjoiZGphbmdvLmNvbnRyaWIuYXV0aC5iYWNrZW5kcy5Nb2RlbEJhY2tlbmQiLCJfYXV0aF91c2VyX2hhc2giOiI4MjRhNzExMzQ1ZmYxNWQwZTgzZTAwNDBjZGEzOGM3NmQ4YmQxOTA3In0=','2019-07-09 15:25:06.626000'),('rxn0ej0w7rbml16gk807jzp8qcg274v3','MzVmMTVhOGFkOWYyZDY3NjVjNjYwODc0MjY2MzFhMzFiZjdmN2JmNDp7Il9hdXRoX3VzZXJfaWQiOiIxIiwiX2F1dGhfdXNlcl9iYWNrZW5kIjoiZGphbmdvLmNvbnRyaWIuYXV0aC5iYWNrZW5kcy5Nb2RlbEJhY2tlbmQiLCJfYXV0aF91c2VyX2hhc2giOiJkYzMwODYwMGQ1ZjdlZmQ3OWIxMGQyODI1NjljODczZTk1YmFhZGYwIn0=','2019-07-12 19:47:50.546000'),('rykvf1u4xhpqewm7rrsbd8633a16a6oo','MzVmMTVhOGFkOWYyZDY3NjVjNjYwODc0MjY2MzFhMzFiZjdmN2JmNDp7Il9hdXRoX3VzZXJfaWQiOiIxIiwiX2F1dGhfdXNlcl9iYWNrZW5kIjoiZGphbmdvLmNvbnRyaWIuYXV0aC5iYWNrZW5kcy5Nb2RlbEJhY2tlbmQiLCJfYXV0aF91c2VyX2hhc2giOiJkYzMwODYwMGQ1ZjdlZmQ3OWIxMGQyODI1NjljODczZTk1YmFhZGYwIn0=','2019-08-07 19:32:36.595600'),('s168etj0eirm6i4ee2knt3znjiglmrde','ZDhhMWI0ZDIzMzdjOTk2ZDgzYTk2MTM5NzA5OWVmNzIwNGQwOTEzOTp7Il9hdXRoX3VzZXJfaWQiOiIxIiwiX2F1dGhfdXNlcl9iYWNrZW5kIjoiZGphbmdvLmNvbnRyaWIuYXV0aC5iYWNrZW5kcy5Nb2RlbEJhY2tlbmQiLCJfYXV0aF91c2VyX2hhc2giOiI4MjRhNzExMzQ1ZmYxNWQwZTgzZTAwNDBjZGEzOGM3NmQ4YmQxOTA3In0=','2019-07-03 20:53:56.569000'),('s3ujh70unrqi70jnveemp1r33ijbvsxv','MzVmMTVhOGFkOWYyZDY3NjVjNjYwODc0MjY2MzFhMzFiZjdmN2JmNDp7Il9hdXRoX3VzZXJfaWQiOiIxIiwiX2F1dGhfdXNlcl9iYWNrZW5kIjoiZGphbmdvLmNvbnRyaWIuYXV0aC5iYWNrZW5kcy5Nb2RlbEJhY2tlbmQiLCJfYXV0aF91c2VyX2hhc2giOiJkYzMwODYwMGQ1ZjdlZmQ3OWIxMGQyODI1NjljODczZTk1YmFhZGYwIn0=','2019-11-07 22:00:52.500848'),('s567h1ehxb8b4jknrfz1pgp6a7wx1udk','MzVmMTVhOGFkOWYyZDY3NjVjNjYwODc0MjY2MzFhMzFiZjdmN2JmNDp7Il9hdXRoX3VzZXJfaWQiOiIxIiwiX2F1dGhfdXNlcl9iYWNrZW5kIjoiZGphbmdvLmNvbnRyaWIuYXV0aC5iYWNrZW5kcy5Nb2RlbEJhY2tlbmQiLCJfYXV0aF91c2VyX2hhc2giOiJkYzMwODYwMGQ1ZjdlZmQ3OWIxMGQyODI1NjljODczZTk1YmFhZGYwIn0=','2019-10-07 13:19:43.883203'),('s5x183os8kcoz5z2iixvv3bx9vkzmmeo','MzVmMTVhOGFkOWYyZDY3NjVjNjYwODc0MjY2MzFhMzFiZjdmN2JmNDp7Il9hdXRoX3VzZXJfaWQiOiIxIiwiX2F1dGhfdXNlcl9iYWNrZW5kIjoiZGphbmdvLmNvbnRyaWIuYXV0aC5iYWNrZW5kcy5Nb2RlbEJhY2tlbmQiLCJfYXV0aF91c2VyX2hhc2giOiJkYzMwODYwMGQ1ZjdlZmQ3OWIxMGQyODI1NjljODczZTk1YmFhZGYwIn0=','2019-08-29 17:35:14.510261'),('scv01lq1sl7cgi3dzi0z6beqrcqym6kp','ZDhhMWI0ZDIzMzdjOTk2ZDgzYTk2MTM5NzA5OWVmNzIwNGQwOTEzOTp7Il9hdXRoX3VzZXJfaWQiOiIxIiwiX2F1dGhfdXNlcl9iYWNrZW5kIjoiZGphbmdvLmNvbnRyaWIuYXV0aC5iYWNrZW5kcy5Nb2RlbEJhY2tlbmQiLCJfYXV0aF91c2VyX2hhc2giOiI4MjRhNzExMzQ1ZmYxNWQwZTgzZTAwNDBjZGEzOGM3NmQ4YmQxOTA3In0=','2019-07-04 21:09:13.892000'),('sikz2hkunv3pn13i0mhzsk5fo546svhg','MzVmMTVhOGFkOWYyZDY3NjVjNjYwODc0MjY2MzFhMzFiZjdmN2JmNDp7Il9hdXRoX3VzZXJfaWQiOiIxIiwiX2F1dGhfdXNlcl9iYWNrZW5kIjoiZGphbmdvLmNvbnRyaWIuYXV0aC5iYWNrZW5kcy5Nb2RlbEJhY2tlbmQiLCJfYXV0aF91c2VyX2hhc2giOiJkYzMwODYwMGQ1ZjdlZmQ3OWIxMGQyODI1NjljODczZTk1YmFhZGYwIn0=','2019-07-11 14:04:36.661000'),('skkx3kj7hz8jqn6bvy329zhmx8acs1lf','MzVmMTVhOGFkOWYyZDY3NjVjNjYwODc0MjY2MzFhMzFiZjdmN2JmNDp7Il9hdXRoX3VzZXJfaWQiOiIxIiwiX2F1dGhfdXNlcl9iYWNrZW5kIjoiZGphbmdvLmNvbnRyaWIuYXV0aC5iYWNrZW5kcy5Nb2RlbEJhY2tlbmQiLCJfYXV0aF91c2VyX2hhc2giOiJkYzMwODYwMGQ1ZjdlZmQ3OWIxMGQyODI1NjljODczZTk1YmFhZGYwIn0=','2019-07-16 17:11:49.067000'),('slx2h1jxo50cow9j3pytlw3u66yb8ms1','ZDhhMWI0ZDIzMzdjOTk2ZDgzYTk2MTM5NzA5OWVmNzIwNGQwOTEzOTp7Il9hdXRoX3VzZXJfaWQiOiIxIiwiX2F1dGhfdXNlcl9iYWNrZW5kIjoiZGphbmdvLmNvbnRyaWIuYXV0aC5iYWNrZW5kcy5Nb2RlbEJhY2tlbmQiLCJfYXV0aF91c2VyX2hhc2giOiI4MjRhNzExMzQ1ZmYxNWQwZTgzZTAwNDBjZGEzOGM3NmQ4YmQxOTA3In0=','2019-07-09 20:10:50.178000'),('solut0ysyfqwzvrrjkcbbtzvpm0a2nu8','MzVmMTVhOGFkOWYyZDY3NjVjNjYwODc0MjY2MzFhMzFiZjdmN2JmNDp7Il9hdXRoX3VzZXJfaWQiOiIxIiwiX2F1dGhfdXNlcl9iYWNrZW5kIjoiZGphbmdvLmNvbnRyaWIuYXV0aC5iYWNrZW5kcy5Nb2RlbEJhY2tlbmQiLCJfYXV0aF91c2VyX2hhc2giOiJkYzMwODYwMGQ1ZjdlZmQ3OWIxMGQyODI1NjljODczZTk1YmFhZGYwIn0=','2019-07-09 19:53:31.826000'),('sq754ll8ucqojs2qcvphqxxlvyxtngej','MzVmMTVhOGFkOWYyZDY3NjVjNjYwODc0MjY2MzFhMzFiZjdmN2JmNDp7Il9hdXRoX3VzZXJfaWQiOiIxIiwiX2F1dGhfdXNlcl9iYWNrZW5kIjoiZGphbmdvLmNvbnRyaWIuYXV0aC5iYWNrZW5kcy5Nb2RlbEJhY2tlbmQiLCJfYXV0aF91c2VyX2hhc2giOiJkYzMwODYwMGQ1ZjdlZmQ3OWIxMGQyODI1NjljODczZTk1YmFhZGYwIn0=','2019-08-07 19:30:23.826064'),('svpv3ejyluxqf10z3swjsvmm5ntjl20e','MzVmMTVhOGFkOWYyZDY3NjVjNjYwODc0MjY2MzFhMzFiZjdmN2JmNDp7Il9hdXRoX3VzZXJfaWQiOiIxIiwiX2F1dGhfdXNlcl9iYWNrZW5kIjoiZGphbmdvLmNvbnRyaWIuYXV0aC5iYWNrZW5kcy5Nb2RlbEJhY2tlbmQiLCJfYXV0aF91c2VyX2hhc2giOiJkYzMwODYwMGQ1ZjdlZmQ3OWIxMGQyODI1NjljODczZTk1YmFhZGYwIn0=','2019-10-10 14:28:22.482660'),('swnrtq35euvbje8c0z0iev6c45g332ls','MzVmMTVhOGFkOWYyZDY3NjVjNjYwODc0MjY2MzFhMzFiZjdmN2JmNDp7Il9hdXRoX3VzZXJfaWQiOiIxIiwiX2F1dGhfdXNlcl9iYWNrZW5kIjoiZGphbmdvLmNvbnRyaWIuYXV0aC5iYWNrZW5kcy5Nb2RlbEJhY2tlbmQiLCJfYXV0aF91c2VyX2hhc2giOiJkYzMwODYwMGQ1ZjdlZmQ3OWIxMGQyODI1NjljODczZTk1YmFhZGYwIn0=','2019-08-29 20:06:40.936303'),('szdk2ud4an2rzb7662g84gvoi294qzx2','MzVmMTVhOGFkOWYyZDY3NjVjNjYwODc0MjY2MzFhMzFiZjdmN2JmNDp7Il9hdXRoX3VzZXJfaWQiOiIxIiwiX2F1dGhfdXNlcl9iYWNrZW5kIjoiZGphbmdvLmNvbnRyaWIuYXV0aC5iYWNrZW5kcy5Nb2RlbEJhY2tlbmQiLCJfYXV0aF91c2VyX2hhc2giOiJkYzMwODYwMGQ1ZjdlZmQ3OWIxMGQyODI1NjljODczZTk1YmFhZGYwIn0=','2019-08-12 06:44:32.893697'),('t0la5s6utydqon5o8xach9vsdpru7mma','ZDhhMWI0ZDIzMzdjOTk2ZDgzYTk2MTM5NzA5OWVmNzIwNGQwOTEzOTp7Il9hdXRoX3VzZXJfaWQiOiIxIiwiX2F1dGhfdXNlcl9iYWNrZW5kIjoiZGphbmdvLmNvbnRyaWIuYXV0aC5iYWNrZW5kcy5Nb2RlbEJhY2tlbmQiLCJfYXV0aF91c2VyX2hhc2giOiI4MjRhNzExMzQ1ZmYxNWQwZTgzZTAwNDBjZGEzOGM3NmQ4YmQxOTA3In0=','2019-07-03 19:23:54.195000'),('t12vsyhuk71xwvj56szwwbtt3tnmu4ji','ZDhhMWI0ZDIzMzdjOTk2ZDgzYTk2MTM5NzA5OWVmNzIwNGQwOTEzOTp7Il9hdXRoX3VzZXJfaWQiOiIxIiwiX2F1dGhfdXNlcl9iYWNrZW5kIjoiZGphbmdvLmNvbnRyaWIuYXV0aC5iYWNrZW5kcy5Nb2RlbEJhY2tlbmQiLCJfYXV0aF91c2VyX2hhc2giOiI4MjRhNzExMzQ1ZmYxNWQwZTgzZTAwNDBjZGEzOGM3NmQ4YmQxOTA3In0=','2019-06-05 16:27:10.794000'),('t1paa9klwqf1v3iqhopkv2l461yyxqo6','MzVmMTVhOGFkOWYyZDY3NjVjNjYwODc0MjY2MzFhMzFiZjdmN2JmNDp7Il9hdXRoX3VzZXJfaWQiOiIxIiwiX2F1dGhfdXNlcl9iYWNrZW5kIjoiZGphbmdvLmNvbnRyaWIuYXV0aC5iYWNrZW5kcy5Nb2RlbEJhY2tlbmQiLCJfYXV0aF91c2VyX2hhc2giOiJkYzMwODYwMGQ1ZjdlZmQ3OWIxMGQyODI1NjljODczZTk1YmFhZGYwIn0=','2019-09-26 17:50:01.020919'),('t2emuroq6xakv1bx92ce3rnqhfax5vq5','ZDhhMWI0ZDIzMzdjOTk2ZDgzYTk2MTM5NzA5OWVmNzIwNGQwOTEzOTp7Il9hdXRoX3VzZXJfaWQiOiIxIiwiX2F1dGhfdXNlcl9iYWNrZW5kIjoiZGphbmdvLmNvbnRyaWIuYXV0aC5iYWNrZW5kcy5Nb2RlbEJhY2tlbmQiLCJfYXV0aF91c2VyX2hhc2giOiI4MjRhNzExMzQ1ZmYxNWQwZTgzZTAwNDBjZGEzOGM3NmQ4YmQxOTA3In0=','2019-05-23 22:12:21.439000'),('t3hxkd6cpjfyvl3pwbro8svjmog8t5xt','MzVmMTVhOGFkOWYyZDY3NjVjNjYwODc0MjY2MzFhMzFiZjdmN2JmNDp7Il9hdXRoX3VzZXJfaWQiOiIxIiwiX2F1dGhfdXNlcl9iYWNrZW5kIjoiZGphbmdvLmNvbnRyaWIuYXV0aC5iYWNrZW5kcy5Nb2RlbEJhY2tlbmQiLCJfYXV0aF91c2VyX2hhc2giOiJkYzMwODYwMGQ1ZjdlZmQ3OWIxMGQyODI1NjljODczZTk1YmFhZGYwIn0=','2019-10-30 19:18:27.679170'),('tad07umf0vn5lgl6zi1vsq42dcpskltt','ZDhhMWI0ZDIzMzdjOTk2ZDgzYTk2MTM5NzA5OWVmNzIwNGQwOTEzOTp7Il9hdXRoX3VzZXJfaWQiOiIxIiwiX2F1dGhfdXNlcl9iYWNrZW5kIjoiZGphbmdvLmNvbnRyaWIuYXV0aC5iYWNrZW5kcy5Nb2RlbEJhY2tlbmQiLCJfYXV0aF91c2VyX2hhc2giOiI4MjRhNzExMzQ1ZmYxNWQwZTgzZTAwNDBjZGEzOGM3NmQ4YmQxOTA3In0=','2019-07-03 20:51:36.983000'),('tcdhkhg3pch2n9l3dw39g5fonmxjsq05','ZDhhMWI0ZDIzMzdjOTk2ZDgzYTk2MTM5NzA5OWVmNzIwNGQwOTEzOTp7Il9hdXRoX3VzZXJfaWQiOiIxIiwiX2F1dGhfdXNlcl9iYWNrZW5kIjoiZGphbmdvLmNvbnRyaWIuYXV0aC5iYWNrZW5kcy5Nb2RlbEJhY2tlbmQiLCJfYXV0aF91c2VyX2hhc2giOiI4MjRhNzExMzQ1ZmYxNWQwZTgzZTAwNDBjZGEzOGM3NmQ4YmQxOTA3In0=','2019-05-21 23:01:47.487000'),('tf2nom16gq4di7jlzrbiv2ykan4wmegy','ZDhhMWI0ZDIzMzdjOTk2ZDgzYTk2MTM5NzA5OWVmNzIwNGQwOTEzOTp7Il9hdXRoX3VzZXJfaWQiOiIxIiwiX2F1dGhfdXNlcl9iYWNrZW5kIjoiZGphbmdvLmNvbnRyaWIuYXV0aC5iYWNrZW5kcy5Nb2RlbEJhY2tlbmQiLCJfYXV0aF91c2VyX2hhc2giOiI4MjRhNzExMzQ1ZmYxNWQwZTgzZTAwNDBjZGEzOGM3NmQ4YmQxOTA3In0=','2019-04-30 22:29:09.290000'),('thm47mi3nanpi8r3yw6db6rl5zhwiiv2','MzVmMTVhOGFkOWYyZDY3NjVjNjYwODc0MjY2MzFhMzFiZjdmN2JmNDp7Il9hdXRoX3VzZXJfaWQiOiIxIiwiX2F1dGhfdXNlcl9iYWNrZW5kIjoiZGphbmdvLmNvbnRyaWIuYXV0aC5iYWNrZW5kcy5Nb2RlbEJhY2tlbmQiLCJfYXV0aF91c2VyX2hhc2giOiJkYzMwODYwMGQ1ZjdlZmQ3OWIxMGQyODI1NjljODczZTk1YmFhZGYwIn0=','2019-07-24 14:28:36.128022'),('tiqsxbjj9hoqpbf4ksffsq2xwkp206j2','MzVmMTVhOGFkOWYyZDY3NjVjNjYwODc0MjY2MzFhMzFiZjdmN2JmNDp7Il9hdXRoX3VzZXJfaWQiOiIxIiwiX2F1dGhfdXNlcl9iYWNrZW5kIjoiZGphbmdvLmNvbnRyaWIuYXV0aC5iYWNrZW5kcy5Nb2RlbEJhY2tlbmQiLCJfYXV0aF91c2VyX2hhc2giOiJkYzMwODYwMGQ1ZjdlZmQ3OWIxMGQyODI1NjljODczZTk1YmFhZGYwIn0=','2019-07-11 14:05:31.125000'),('tkwnq38mhijx6190wn3m2jd893ekpnd4','MzVmMTVhOGFkOWYyZDY3NjVjNjYwODc0MjY2MzFhMzFiZjdmN2JmNDp7Il9hdXRoX3VzZXJfaWQiOiIxIiwiX2F1dGhfdXNlcl9iYWNrZW5kIjoiZGphbmdvLmNvbnRyaWIuYXV0aC5iYWNrZW5kcy5Nb2RlbEJhY2tlbmQiLCJfYXV0aF91c2VyX2hhc2giOiJkYzMwODYwMGQ1ZjdlZmQ3OWIxMGQyODI1NjljODczZTk1YmFhZGYwIn0=','2019-07-11 14:04:42.601000'),('tl5n6qwcpwjcd73v1wchpv7d3ww3n56t','MzVmMTVhOGFkOWYyZDY3NjVjNjYwODc0MjY2MzFhMzFiZjdmN2JmNDp7Il9hdXRoX3VzZXJfaWQiOiIxIiwiX2F1dGhfdXNlcl9iYWNrZW5kIjoiZGphbmdvLmNvbnRyaWIuYXV0aC5iYWNrZW5kcy5Nb2RlbEJhY2tlbmQiLCJfYXV0aF91c2VyX2hhc2giOiJkYzMwODYwMGQ1ZjdlZmQ3OWIxMGQyODI1NjljODczZTk1YmFhZGYwIn0=','2019-08-07 19:32:07.344565'),('tmiukg24tpisi45bzyvcy0s5chloaa44','ZDhhMWI0ZDIzMzdjOTk2ZDgzYTk2MTM5NzA5OWVmNzIwNGQwOTEzOTp7Il9hdXRoX3VzZXJfaWQiOiIxIiwiX2F1dGhfdXNlcl9iYWNrZW5kIjoiZGphbmdvLmNvbnRyaWIuYXV0aC5iYWNrZW5kcy5Nb2RlbEJhY2tlbmQiLCJfYXV0aF91c2VyX2hhc2giOiI4MjRhNzExMzQ1ZmYxNWQwZTgzZTAwNDBjZGEzOGM3NmQ4YmQxOTA3In0=','2019-06-28 23:30:13.733000'),('tqp9kp7a7nysin7440qnc5vbt3ji9jwq','MzVmMTVhOGFkOWYyZDY3NjVjNjYwODc0MjY2MzFhMzFiZjdmN2JmNDp7Il9hdXRoX3VzZXJfaWQiOiIxIiwiX2F1dGhfdXNlcl9iYWNrZW5kIjoiZGphbmdvLmNvbnRyaWIuYXV0aC5iYWNrZW5kcy5Nb2RlbEJhY2tlbmQiLCJfYXV0aF91c2VyX2hhc2giOiJkYzMwODYwMGQ1ZjdlZmQ3OWIxMGQyODI1NjljODczZTk1YmFhZGYwIn0=','2019-07-24 15:37:47.516333'),('tr7g3v6enwfklocq88p7fhc64sh1b7z2','ZDhhMWI0ZDIzMzdjOTk2ZDgzYTk2MTM5NzA5OWVmNzIwNGQwOTEzOTp7Il9hdXRoX3VzZXJfaWQiOiIxIiwiX2F1dGhfdXNlcl9iYWNrZW5kIjoiZGphbmdvLmNvbnRyaWIuYXV0aC5iYWNrZW5kcy5Nb2RlbEJhY2tlbmQiLCJfYXV0aF91c2VyX2hhc2giOiI4MjRhNzExMzQ1ZmYxNWQwZTgzZTAwNDBjZGEzOGM3NmQ4YmQxOTA3In0=','2019-07-09 19:57:10.469000'),('trn1qtx15hrzymolco2b3iox0fjea1z0','MzVmMTVhOGFkOWYyZDY3NjVjNjYwODc0MjY2MzFhMzFiZjdmN2JmNDp7Il9hdXRoX3VzZXJfaWQiOiIxIiwiX2F1dGhfdXNlcl9iYWNrZW5kIjoiZGphbmdvLmNvbnRyaWIuYXV0aC5iYWNrZW5kcy5Nb2RlbEJhY2tlbmQiLCJfYXV0aF91c2VyX2hhc2giOiJkYzMwODYwMGQ1ZjdlZmQ3OWIxMGQyODI1NjljODczZTk1YmFhZGYwIn0=','2019-07-09 22:38:16.565000'),('tz69trcf3a3rcj9lry3hb53j9pfyx8rv','MzVmMTVhOGFkOWYyZDY3NjVjNjYwODc0MjY2MzFhMzFiZjdmN2JmNDp7Il9hdXRoX3VzZXJfaWQiOiIxIiwiX2F1dGhfdXNlcl9iYWNrZW5kIjoiZGphbmdvLmNvbnRyaWIuYXV0aC5iYWNrZW5kcy5Nb2RlbEJhY2tlbmQiLCJfYXV0aF91c2VyX2hhc2giOiJkYzMwODYwMGQ1ZjdlZmQ3OWIxMGQyODI1NjljODczZTk1YmFhZGYwIn0=','2019-09-10 04:26:52.314022'),('tz7zphv1oungu8cc5u2sh1z29rmjck60','ZDhhMWI0ZDIzMzdjOTk2ZDgzYTk2MTM5NzA5OWVmNzIwNGQwOTEzOTp7Il9hdXRoX3VzZXJfaWQiOiIxIiwiX2F1dGhfdXNlcl9iYWNrZW5kIjoiZGphbmdvLmNvbnRyaWIuYXV0aC5iYWNrZW5kcy5Nb2RlbEJhY2tlbmQiLCJfYXV0aF91c2VyX2hhc2giOiI4MjRhNzExMzQ1ZmYxNWQwZTgzZTAwNDBjZGEzOGM3NmQ4YmQxOTA3In0=','2019-06-25 21:13:20.422000'),('u5zuo7axkbs6x33hm08hftl7bu7oe3wd','ZDhhMWI0ZDIzMzdjOTk2ZDgzYTk2MTM5NzA5OWVmNzIwNGQwOTEzOTp7Il9hdXRoX3VzZXJfaWQiOiIxIiwiX2F1dGhfdXNlcl9iYWNrZW5kIjoiZGphbmdvLmNvbnRyaWIuYXV0aC5iYWNrZW5kcy5Nb2RlbEJhY2tlbmQiLCJfYXV0aF91c2VyX2hhc2giOiI4MjRhNzExMzQ1ZmYxNWQwZTgzZTAwNDBjZGEzOGM3NmQ4YmQxOTA3In0=','2019-05-22 14:07:24.127000'),('u6icujjmyt60i0lkvkv4va15vf3jpcgd','ZDhhMWI0ZDIzMzdjOTk2ZDgzYTk2MTM5NzA5OWVmNzIwNGQwOTEzOTp7Il9hdXRoX3VzZXJfaWQiOiIxIiwiX2F1dGhfdXNlcl9iYWNrZW5kIjoiZGphbmdvLmNvbnRyaWIuYXV0aC5iYWNrZW5kcy5Nb2RlbEJhY2tlbmQiLCJfYXV0aF91c2VyX2hhc2giOiI4MjRhNzExMzQ1ZmYxNWQwZTgzZTAwNDBjZGEzOGM3NmQ4YmQxOTA3In0=','2019-06-27 17:05:46.589000'),('u7ltygigr8o9ifasscvthff7w1me2tin','MzVmMTVhOGFkOWYyZDY3NjVjNjYwODc0MjY2MzFhMzFiZjdmN2JmNDp7Il9hdXRoX3VzZXJfaWQiOiIxIiwiX2F1dGhfdXNlcl9iYWNrZW5kIjoiZGphbmdvLmNvbnRyaWIuYXV0aC5iYWNrZW5kcy5Nb2RlbEJhY2tlbmQiLCJfYXV0aF91c2VyX2hhc2giOiJkYzMwODYwMGQ1ZjdlZmQ3OWIxMGQyODI1NjljODczZTk1YmFhZGYwIn0=','2019-09-03 21:03:43.829959'),('u988zpk099p2qfopa21uxprwzjyhh1rt','MzVmMTVhOGFkOWYyZDY3NjVjNjYwODc0MjY2MzFhMzFiZjdmN2JmNDp7Il9hdXRoX3VzZXJfaWQiOiIxIiwiX2F1dGhfdXNlcl9iYWNrZW5kIjoiZGphbmdvLmNvbnRyaWIuYXV0aC5iYWNrZW5kcy5Nb2RlbEJhY2tlbmQiLCJfYXV0aF91c2VyX2hhc2giOiJkYzMwODYwMGQ1ZjdlZmQ3OWIxMGQyODI1NjljODczZTk1YmFhZGYwIn0=','2019-08-02 21:48:07.766506'),('ua2smw47ayp5nhrm8grjfz9m1j081gal','MzVmMTVhOGFkOWYyZDY3NjVjNjYwODc0MjY2MzFhMzFiZjdmN2JmNDp7Il9hdXRoX3VzZXJfaWQiOiIxIiwiX2F1dGhfdXNlcl9iYWNrZW5kIjoiZGphbmdvLmNvbnRyaWIuYXV0aC5iYWNrZW5kcy5Nb2RlbEJhY2tlbmQiLCJfYXV0aF91c2VyX2hhc2giOiJkYzMwODYwMGQ1ZjdlZmQ3OWIxMGQyODI1NjljODczZTk1YmFhZGYwIn0=','2019-09-09 21:30:13.510338'),('uadxbbrk8lnp50l44bamp2nnafbmj1qy','MzVmMTVhOGFkOWYyZDY3NjVjNjYwODc0MjY2MzFhMzFiZjdmN2JmNDp7Il9hdXRoX3VzZXJfaWQiOiIxIiwiX2F1dGhfdXNlcl9iYWNrZW5kIjoiZGphbmdvLmNvbnRyaWIuYXV0aC5iYWNrZW5kcy5Nb2RlbEJhY2tlbmQiLCJfYXV0aF91c2VyX2hhc2giOiJkYzMwODYwMGQ1ZjdlZmQ3OWIxMGQyODI1NjljODczZTk1YmFhZGYwIn0=','2019-07-10 14:53:21.281000'),('uahzbcrhau6hqxvognqppipqyny57ngo','ZDhhMWI0ZDIzMzdjOTk2ZDgzYTk2MTM5NzA5OWVmNzIwNGQwOTEzOTp7Il9hdXRoX3VzZXJfaWQiOiIxIiwiX2F1dGhfdXNlcl9iYWNrZW5kIjoiZGphbmdvLmNvbnRyaWIuYXV0aC5iYWNrZW5kcy5Nb2RlbEJhY2tlbmQiLCJfYXV0aF91c2VyX2hhc2giOiI4MjRhNzExMzQ1ZmYxNWQwZTgzZTAwNDBjZGEzOGM3NmQ4YmQxOTA3In0=','2019-07-04 21:07:09.782000'),('uayjy1lly0vexi6ebbqcffyd2sky3cco','MzVmMTVhOGFkOWYyZDY3NjVjNjYwODc0MjY2MzFhMzFiZjdmN2JmNDp7Il9hdXRoX3VzZXJfaWQiOiIxIiwiX2F1dGhfdXNlcl9iYWNrZW5kIjoiZGphbmdvLmNvbnRyaWIuYXV0aC5iYWNrZW5kcy5Nb2RlbEJhY2tlbmQiLCJfYXV0aF91c2VyX2hhc2giOiJkYzMwODYwMGQ1ZjdlZmQ3OWIxMGQyODI1NjljODczZTk1YmFhZGYwIn0=','2019-08-26 20:56:15.490742'),('ucorvdqyougnwzacll8x2248jjnfnz66','ZDhhMWI0ZDIzMzdjOTk2ZDgzYTk2MTM5NzA5OWVmNzIwNGQwOTEzOTp7Il9hdXRoX3VzZXJfaWQiOiIxIiwiX2F1dGhfdXNlcl9iYWNrZW5kIjoiZGphbmdvLmNvbnRyaWIuYXV0aC5iYWNrZW5kcy5Nb2RlbEJhY2tlbmQiLCJfYXV0aF91c2VyX2hhc2giOiI4MjRhNzExMzQ1ZmYxNWQwZTgzZTAwNDBjZGEzOGM3NmQ4YmQxOTA3In0=','2019-05-16 20:20:13.649000'),('ud43jrg211r9981kndb1iw9ex1o2djy7','ZDhhMWI0ZDIzMzdjOTk2ZDgzYTk2MTM5NzA5OWVmNzIwNGQwOTEzOTp7Il9hdXRoX3VzZXJfaWQiOiIxIiwiX2F1dGhfdXNlcl9iYWNrZW5kIjoiZGphbmdvLmNvbnRyaWIuYXV0aC5iYWNrZW5kcy5Nb2RlbEJhY2tlbmQiLCJfYXV0aF91c2VyX2hhc2giOiI4MjRhNzExMzQ1ZmYxNWQwZTgzZTAwNDBjZGEzOGM3NmQ4YmQxOTA3In0=','2019-06-12 22:03:52.383000'),('ud6ziw81mz9xfgbf4ez2x7jt1zkyxhrv','MzVmMTVhOGFkOWYyZDY3NjVjNjYwODc0MjY2MzFhMzFiZjdmN2JmNDp7Il9hdXRoX3VzZXJfaWQiOiIxIiwiX2F1dGhfdXNlcl9iYWNrZW5kIjoiZGphbmdvLmNvbnRyaWIuYXV0aC5iYWNrZW5kcy5Nb2RlbEJhY2tlbmQiLCJfYXV0aF91c2VyX2hhc2giOiJkYzMwODYwMGQ1ZjdlZmQ3OWIxMGQyODI1NjljODczZTk1YmFhZGYwIn0=','2019-08-05 19:41:08.479467'),('uj6b7zcy3sdk7s9t6icjf296lik53v4g','MzVmMTVhOGFkOWYyZDY3NjVjNjYwODc0MjY2MzFhMzFiZjdmN2JmNDp7Il9hdXRoX3VzZXJfaWQiOiIxIiwiX2F1dGhfdXNlcl9iYWNrZW5kIjoiZGphbmdvLmNvbnRyaWIuYXV0aC5iYWNrZW5kcy5Nb2RlbEJhY2tlbmQiLCJfYXV0aF91c2VyX2hhc2giOiJkYzMwODYwMGQ1ZjdlZmQ3OWIxMGQyODI1NjljODczZTk1YmFhZGYwIn0=','2019-07-11 21:59:03.639000'),('uluqfglnuefspbdqwlqcr99kfzsjovlb','YTkxODY0ZTA0OTg1MzMzMDdiMDNjNThkNzU0NTkyZDZhMTBiNTU4Nzp7Il9hdXRoX3VzZXJfaWQiOiIxIiwiX2F1dGhfdXNlcl9iYWNrZW5kIjoiZGphbmdvLmNvbnRyaWIuYXV0aC5iYWNrZW5kcy5Nb2RlbEJhY2tlbmQiLCJfYXV0aF91c2VyX2hhc2giOiI0OGU1ZWQ3MjhlNjhlZGFhYmVlYTU2YWU3MTc3NTE0MGVlZGIwYTg5In0=','2019-12-18 17:33:09.652869'),('upo4kzqqd4k3j9u2hn9kif2rr13dlwkd','ZDhhMWI0ZDIzMzdjOTk2ZDgzYTk2MTM5NzA5OWVmNzIwNGQwOTEzOTp7Il9hdXRoX3VzZXJfaWQiOiIxIiwiX2F1dGhfdXNlcl9iYWNrZW5kIjoiZGphbmdvLmNvbnRyaWIuYXV0aC5iYWNrZW5kcy5Nb2RlbEJhY2tlbmQiLCJfYXV0aF91c2VyX2hhc2giOiI4MjRhNzExMzQ1ZmYxNWQwZTgzZTAwNDBjZGEzOGM3NmQ4YmQxOTA3In0=','2019-07-09 15:10:31.394000'),('ur72u94nkvgqphxuq2y24swd6kjvip7d','MzVmMTVhOGFkOWYyZDY3NjVjNjYwODc0MjY2MzFhMzFiZjdmN2JmNDp7Il9hdXRoX3VzZXJfaWQiOiIxIiwiX2F1dGhfdXNlcl9iYWNrZW5kIjoiZGphbmdvLmNvbnRyaWIuYXV0aC5iYWNrZW5kcy5Nb2RlbEJhY2tlbmQiLCJfYXV0aF91c2VyX2hhc2giOiJkYzMwODYwMGQ1ZjdlZmQ3OWIxMGQyODI1NjljODczZTk1YmFhZGYwIn0=','2019-08-29 20:06:32.641403'),('uv1jc49bef5jpfhv8aoufcx3o7rfp0vg','ZDhhMWI0ZDIzMzdjOTk2ZDgzYTk2MTM5NzA5OWVmNzIwNGQwOTEzOTp7Il9hdXRoX3VzZXJfaWQiOiIxIiwiX2F1dGhfdXNlcl9iYWNrZW5kIjoiZGphbmdvLmNvbnRyaWIuYXV0aC5iYWNrZW5kcy5Nb2RlbEJhY2tlbmQiLCJfYXV0aF91c2VyX2hhc2giOiI4MjRhNzExMzQ1ZmYxNWQwZTgzZTAwNDBjZGEzOGM3NmQ4YmQxOTA3In0=','2019-07-09 19:32:51.490000'),('uvsfrm65b8kjl2lnsahft9zzzl504ibx','ZDhhMWI0ZDIzMzdjOTk2ZDgzYTk2MTM5NzA5OWVmNzIwNGQwOTEzOTp7Il9hdXRoX3VzZXJfaWQiOiIxIiwiX2F1dGhfdXNlcl9iYWNrZW5kIjoiZGphbmdvLmNvbnRyaWIuYXV0aC5iYWNrZW5kcy5Nb2RlbEJhY2tlbmQiLCJfYXV0aF91c2VyX2hhc2giOiI4MjRhNzExMzQ1ZmYxNWQwZTgzZTAwNDBjZGEzOGM3NmQ4YmQxOTA3In0=','2019-05-29 01:12:37.682000'),('uwfmj066titzc5a854pulprhmavfcvap','MzVmMTVhOGFkOWYyZDY3NjVjNjYwODc0MjY2MzFhMzFiZjdmN2JmNDp7Il9hdXRoX3VzZXJfaWQiOiIxIiwiX2F1dGhfdXNlcl9iYWNrZW5kIjoiZGphbmdvLmNvbnRyaWIuYXV0aC5iYWNrZW5kcy5Nb2RlbEJhY2tlbmQiLCJfYXV0aF91c2VyX2hhc2giOiJkYzMwODYwMGQ1ZjdlZmQ3OWIxMGQyODI1NjljODczZTk1YmFhZGYwIn0=','2019-07-09 20:14:23.008000'),('uxv5qcfkaxj6y7vsv6kgkl3vaetfo3fr','ZDhhMWI0ZDIzMzdjOTk2ZDgzYTk2MTM5NzA5OWVmNzIwNGQwOTEzOTp7Il9hdXRoX3VzZXJfaWQiOiIxIiwiX2F1dGhfdXNlcl9iYWNrZW5kIjoiZGphbmdvLmNvbnRyaWIuYXV0aC5iYWNrZW5kcy5Nb2RlbEJhY2tlbmQiLCJfYXV0aF91c2VyX2hhc2giOiI4MjRhNzExMzQ1ZmYxNWQwZTgzZTAwNDBjZGEzOGM3NmQ4YmQxOTA3In0=','2019-06-20 13:39:46.232000'),('v278d1exzodh9ea3doxq6ls1ag8b33u8','MzVmMTVhOGFkOWYyZDY3NjVjNjYwODc0MjY2MzFhMzFiZjdmN2JmNDp7Il9hdXRoX3VzZXJfaWQiOiIxIiwiX2F1dGhfdXNlcl9iYWNrZW5kIjoiZGphbmdvLmNvbnRyaWIuYXV0aC5iYWNrZW5kcy5Nb2RlbEJhY2tlbmQiLCJfYXV0aF91c2VyX2hhc2giOiJkYzMwODYwMGQ1ZjdlZmQ3OWIxMGQyODI1NjljODczZTk1YmFhZGYwIn0=','2019-08-01 17:00:03.828731'),('v3abfw1i87xa3t7l0npcuq4tlstu5nqw','ZDhhMWI0ZDIzMzdjOTk2ZDgzYTk2MTM5NzA5OWVmNzIwNGQwOTEzOTp7Il9hdXRoX3VzZXJfaWQiOiIxIiwiX2F1dGhfdXNlcl9iYWNrZW5kIjoiZGphbmdvLmNvbnRyaWIuYXV0aC5iYWNrZW5kcy5Nb2RlbEJhY2tlbmQiLCJfYXV0aF91c2VyX2hhc2giOiI4MjRhNzExMzQ1ZmYxNWQwZTgzZTAwNDBjZGEzOGM3NmQ4YmQxOTA3In0=','2019-05-27 22:00:08.777000'),('v4jiww55xgz7juao4lguyr7iewqxgyz8','MzVmMTVhOGFkOWYyZDY3NjVjNjYwODc0MjY2MzFhMzFiZjdmN2JmNDp7Il9hdXRoX3VzZXJfaWQiOiIxIiwiX2F1dGhfdXNlcl9iYWNrZW5kIjoiZGphbmdvLmNvbnRyaWIuYXV0aC5iYWNrZW5kcy5Nb2RlbEJhY2tlbmQiLCJfYXV0aF91c2VyX2hhc2giOiJkYzMwODYwMGQ1ZjdlZmQ3OWIxMGQyODI1NjljODczZTk1YmFhZGYwIn0=','2019-09-03 21:04:44.286355'),('v53po1l1q0muv55gyk9y7haa170qi22k','MzVmMTVhOGFkOWYyZDY3NjVjNjYwODc0MjY2MzFhMzFiZjdmN2JmNDp7Il9hdXRoX3VzZXJfaWQiOiIxIiwiX2F1dGhfdXNlcl9iYWNrZW5kIjoiZGphbmdvLmNvbnRyaWIuYXV0aC5iYWNrZW5kcy5Nb2RlbEJhY2tlbmQiLCJfYXV0aF91c2VyX2hhc2giOiJkYzMwODYwMGQ1ZjdlZmQ3OWIxMGQyODI1NjljODczZTk1YmFhZGYwIn0=','2019-08-26 21:26:10.518819'),('v56o0wfl3tx23g8un3vsgy1c2uwuw8lx','MzVmMTVhOGFkOWYyZDY3NjVjNjYwODc0MjY2MzFhMzFiZjdmN2JmNDp7Il9hdXRoX3VzZXJfaWQiOiIxIiwiX2F1dGhfdXNlcl9iYWNrZW5kIjoiZGphbmdvLmNvbnRyaWIuYXV0aC5iYWNrZW5kcy5Nb2RlbEJhY2tlbmQiLCJfYXV0aF91c2VyX2hhc2giOiJkYzMwODYwMGQ1ZjdlZmQ3OWIxMGQyODI1NjljODczZTk1YmFhZGYwIn0=','2019-08-05 21:38:11.967305'),('v8s447atgg4amr4r5omjgd7gsb4llcof','MzVmMTVhOGFkOWYyZDY3NjVjNjYwODc0MjY2MzFhMzFiZjdmN2JmNDp7Il9hdXRoX3VzZXJfaWQiOiIxIiwiX2F1dGhfdXNlcl9iYWNrZW5kIjoiZGphbmdvLmNvbnRyaWIuYXV0aC5iYWNrZW5kcy5Nb2RlbEJhY2tlbmQiLCJfYXV0aF91c2VyX2hhc2giOiJkYzMwODYwMGQ1ZjdlZmQ3OWIxMGQyODI1NjljODczZTk1YmFhZGYwIn0=','2019-09-10 04:27:01.045089'),('va1m5o0oq0lill5u46uvzm98nkli347g','MzVmMTVhOGFkOWYyZDY3NjVjNjYwODc0MjY2MzFhMzFiZjdmN2JmNDp7Il9hdXRoX3VzZXJfaWQiOiIxIiwiX2F1dGhfdXNlcl9iYWNrZW5kIjoiZGphbmdvLmNvbnRyaWIuYXV0aC5iYWNrZW5kcy5Nb2RlbEJhY2tlbmQiLCJfYXV0aF91c2VyX2hhc2giOiJkYzMwODYwMGQ1ZjdlZmQ3OWIxMGQyODI1NjljODczZTk1YmFhZGYwIn0=','2019-08-12 20:56:10.177568'),('vfim1qqtxfd3vrxbur7e6h2o23nc4ayf','MzVmMTVhOGFkOWYyZDY3NjVjNjYwODc0MjY2MzFhMzFiZjdmN2JmNDp7Il9hdXRoX3VzZXJfaWQiOiIxIiwiX2F1dGhfdXNlcl9iYWNrZW5kIjoiZGphbmdvLmNvbnRyaWIuYXV0aC5iYWNrZW5kcy5Nb2RlbEJhY2tlbmQiLCJfYXV0aF91c2VyX2hhc2giOiJkYzMwODYwMGQ1ZjdlZmQ3OWIxMGQyODI1NjljODczZTk1YmFhZGYwIn0=','2019-09-03 21:03:37.050057'),('vg5q3bjnof2n0m9s3bhnuwvvom4dp42c','MzVmMTVhOGFkOWYyZDY3NjVjNjYwODc0MjY2MzFhMzFiZjdmN2JmNDp7Il9hdXRoX3VzZXJfaWQiOiIxIiwiX2F1dGhfdXNlcl9iYWNrZW5kIjoiZGphbmdvLmNvbnRyaWIuYXV0aC5iYWNrZW5kcy5Nb2RlbEJhY2tlbmQiLCJfYXV0aF91c2VyX2hhc2giOiJkYzMwODYwMGQ1ZjdlZmQ3OWIxMGQyODI1NjljODczZTk1YmFhZGYwIn0=','2019-11-19 14:48:40.369616'),('vh3n8lxshosmp99gj9xt1inaq5itxj9o','ZDhhMWI0ZDIzMzdjOTk2ZDgzYTk2MTM5NzA5OWVmNzIwNGQwOTEzOTp7Il9hdXRoX3VzZXJfaWQiOiIxIiwiX2F1dGhfdXNlcl9iYWNrZW5kIjoiZGphbmdvLmNvbnRyaWIuYXV0aC5iYWNrZW5kcy5Nb2RlbEJhY2tlbmQiLCJfYXV0aF91c2VyX2hhc2giOiI4MjRhNzExMzQ1ZmYxNWQwZTgzZTAwNDBjZGEzOGM3NmQ4YmQxOTA3In0=','2019-05-22 20:18:03.140000'),('vhxbd4t75zmew3bgc9hog3qml9c1egt2','ZDhhMWI0ZDIzMzdjOTk2ZDgzYTk2MTM5NzA5OWVmNzIwNGQwOTEzOTp7Il9hdXRoX3VzZXJfaWQiOiIxIiwiX2F1dGhfdXNlcl9iYWNrZW5kIjoiZGphbmdvLmNvbnRyaWIuYXV0aC5iYWNrZW5kcy5Nb2RlbEJhY2tlbmQiLCJfYXV0aF91c2VyX2hhc2giOiI4MjRhNzExMzQ1ZmYxNWQwZTgzZTAwNDBjZGEzOGM3NmQ4YmQxOTA3In0=','2019-05-22 14:38:38.307000'),('vk5t48qaewrokm5phajtf0watzydy1g5','ZDhhMWI0ZDIzMzdjOTk2ZDgzYTk2MTM5NzA5OWVmNzIwNGQwOTEzOTp7Il9hdXRoX3VzZXJfaWQiOiIxIiwiX2F1dGhfdXNlcl9iYWNrZW5kIjoiZGphbmdvLmNvbnRyaWIuYXV0aC5iYWNrZW5kcy5Nb2RlbEJhY2tlbmQiLCJfYXV0aF91c2VyX2hhc2giOiI4MjRhNzExMzQ1ZmYxNWQwZTgzZTAwNDBjZGEzOGM3NmQ4YmQxOTA3In0=','2019-05-22 17:29:34.605000'),('vktmmvd2kznnbdn55709svm12shsuk4e','MzVmMTVhOGFkOWYyZDY3NjVjNjYwODc0MjY2MzFhMzFiZjdmN2JmNDp7Il9hdXRoX3VzZXJfaWQiOiIxIiwiX2F1dGhfdXNlcl9iYWNrZW5kIjoiZGphbmdvLmNvbnRyaWIuYXV0aC5iYWNrZW5kcy5Nb2RlbEJhY2tlbmQiLCJfYXV0aF91c2VyX2hhc2giOiJkYzMwODYwMGQ1ZjdlZmQ3OWIxMGQyODI1NjljODczZTk1YmFhZGYwIn0=','2019-07-09 21:38:08.605000'),('vodmimtpg3vus1vcax6afjehh2517m0b','ZDhhMWI0ZDIzMzdjOTk2ZDgzYTk2MTM5NzA5OWVmNzIwNGQwOTEzOTp7Il9hdXRoX3VzZXJfaWQiOiIxIiwiX2F1dGhfdXNlcl9iYWNrZW5kIjoiZGphbmdvLmNvbnRyaWIuYXV0aC5iYWNrZW5kcy5Nb2RlbEJhY2tlbmQiLCJfYXV0aF91c2VyX2hhc2giOiI4MjRhNzExMzQ1ZmYxNWQwZTgzZTAwNDBjZGEzOGM3NmQ4YmQxOTA3In0=','2019-07-01 22:34:49.735000'),('voi8ik4fyvjxndg0quojld97v4lh9cu0','ZDhhMWI0ZDIzMzdjOTk2ZDgzYTk2MTM5NzA5OWVmNzIwNGQwOTEzOTp7Il9hdXRoX3VzZXJfaWQiOiIxIiwiX2F1dGhfdXNlcl9iYWNrZW5kIjoiZGphbmdvLmNvbnRyaWIuYXV0aC5iYWNrZW5kcy5Nb2RlbEJhY2tlbmQiLCJfYXV0aF91c2VyX2hhc2giOiI4MjRhNzExMzQ1ZmYxNWQwZTgzZTAwNDBjZGEzOGM3NmQ4YmQxOTA3In0=','2019-06-27 16:34:27.885000'),('vs6fd206p8aupj4k1ubhqp3vkagxakcb','MzVmMTVhOGFkOWYyZDY3NjVjNjYwODc0MjY2MzFhMzFiZjdmN2JmNDp7Il9hdXRoX3VzZXJfaWQiOiIxIiwiX2F1dGhfdXNlcl9iYWNrZW5kIjoiZGphbmdvLmNvbnRyaWIuYXV0aC5iYWNrZW5kcy5Nb2RlbEJhY2tlbmQiLCJfYXV0aF91c2VyX2hhc2giOiJkYzMwODYwMGQ1ZjdlZmQ3OWIxMGQyODI1NjljODczZTk1YmFhZGYwIn0=','2019-10-04 23:05:33.040548'),('vt45sqykr3icxhtknm0yp506hlbakt11','MzVmMTVhOGFkOWYyZDY3NjVjNjYwODc0MjY2MzFhMzFiZjdmN2JmNDp7Il9hdXRoX3VzZXJfaWQiOiIxIiwiX2F1dGhfdXNlcl9iYWNrZW5kIjoiZGphbmdvLmNvbnRyaWIuYXV0aC5iYWNrZW5kcy5Nb2RlbEJhY2tlbmQiLCJfYXV0aF91c2VyX2hhc2giOiJkYzMwODYwMGQ1ZjdlZmQ3OWIxMGQyODI1NjljODczZTk1YmFhZGYwIn0=','2019-07-24 15:37:12.034621'),('vtn7l464g0ajkb31lj6n1d2f1c0pcx5v','MzVmMTVhOGFkOWYyZDY3NjVjNjYwODc0MjY2MzFhMzFiZjdmN2JmNDp7Il9hdXRoX3VzZXJfaWQiOiIxIiwiX2F1dGhfdXNlcl9iYWNrZW5kIjoiZGphbmdvLmNvbnRyaWIuYXV0aC5iYWNrZW5kcy5Nb2RlbEJhY2tlbmQiLCJfYXV0aF91c2VyX2hhc2giOiJkYzMwODYwMGQ1ZjdlZmQ3OWIxMGQyODI1NjljODczZTk1YmFhZGYwIn0=','2019-08-07 17:34:04.023448'),('vvj6f7h2giqv9l536zxo0a4eqs0vvg5x','MzVmMTVhOGFkOWYyZDY3NjVjNjYwODc0MjY2MzFhMzFiZjdmN2JmNDp7Il9hdXRoX3VzZXJfaWQiOiIxIiwiX2F1dGhfdXNlcl9iYWNrZW5kIjoiZGphbmdvLmNvbnRyaWIuYXV0aC5iYWNrZW5kcy5Nb2RlbEJhY2tlbmQiLCJfYXV0aF91c2VyX2hhc2giOiJkYzMwODYwMGQ1ZjdlZmQ3OWIxMGQyODI1NjljODczZTk1YmFhZGYwIn0=','2019-07-12 23:05:06.940000'),('vvyuq5rzcqd9yyazgn01u21u5f4b768y','ZDhhMWI0ZDIzMzdjOTk2ZDgzYTk2MTM5NzA5OWVmNzIwNGQwOTEzOTp7Il9hdXRoX3VzZXJfaWQiOiIxIiwiX2F1dGhfdXNlcl9iYWNrZW5kIjoiZGphbmdvLmNvbnRyaWIuYXV0aC5iYWNrZW5kcy5Nb2RlbEJhY2tlbmQiLCJfYXV0aF91c2VyX2hhc2giOiI4MjRhNzExMzQ1ZmYxNWQwZTgzZTAwNDBjZGEzOGM3NmQ4YmQxOTA3In0=','2019-07-03 21:09:44.989000'),('vw5zli4g8v7vgx7jiol9qszg3c9w5qt9','MzVmMTVhOGFkOWYyZDY3NjVjNjYwODc0MjY2MzFhMzFiZjdmN2JmNDp7Il9hdXRoX3VzZXJfaWQiOiIxIiwiX2F1dGhfdXNlcl9iYWNrZW5kIjoiZGphbmdvLmNvbnRyaWIuYXV0aC5iYWNrZW5kcy5Nb2RlbEJhY2tlbmQiLCJfYXV0aF91c2VyX2hhc2giOiJkYzMwODYwMGQ1ZjdlZmQ3OWIxMGQyODI1NjljODczZTk1YmFhZGYwIn0=','2019-08-12 05:31:03.378555'),('w0x6iawmnpfxgjzpclpag9hyljw84eyr','MzVmMTVhOGFkOWYyZDY3NjVjNjYwODc0MjY2MzFhMzFiZjdmN2JmNDp7Il9hdXRoX3VzZXJfaWQiOiIxIiwiX2F1dGhfdXNlcl9iYWNrZW5kIjoiZGphbmdvLmNvbnRyaWIuYXV0aC5iYWNrZW5kcy5Nb2RlbEJhY2tlbmQiLCJfYXV0aF91c2VyX2hhc2giOiJkYzMwODYwMGQ1ZjdlZmQ3OWIxMGQyODI1NjljODczZTk1YmFhZGYwIn0=','2019-08-30 13:39:02.103343'),('w2eu4rsmgedioo0ad53d8a9my3517zyr','MzVmMTVhOGFkOWYyZDY3NjVjNjYwODc0MjY2MzFhMzFiZjdmN2JmNDp7Il9hdXRoX3VzZXJfaWQiOiIxIiwiX2F1dGhfdXNlcl9iYWNrZW5kIjoiZGphbmdvLmNvbnRyaWIuYXV0aC5iYWNrZW5kcy5Nb2RlbEJhY2tlbmQiLCJfYXV0aF91c2VyX2hhc2giOiJkYzMwODYwMGQ1ZjdlZmQ3OWIxMGQyODI1NjljODczZTk1YmFhZGYwIn0=','2019-08-07 17:34:12.039720'),('w3ediqmt73fxeg09pnrx1t76kstqjz8i','MzVmMTVhOGFkOWYyZDY3NjVjNjYwODc0MjY2MzFhMzFiZjdmN2JmNDp7Il9hdXRoX3VzZXJfaWQiOiIxIiwiX2F1dGhfdXNlcl9iYWNrZW5kIjoiZGphbmdvLmNvbnRyaWIuYXV0aC5iYWNrZW5kcy5Nb2RlbEJhY2tlbmQiLCJfYXV0aF91c2VyX2hhc2giOiJkYzMwODYwMGQ1ZjdlZmQ3OWIxMGQyODI1NjljODczZTk1YmFhZGYwIn0=','2019-07-12 20:18:22.175000'),('w4tabrbj55od7mvrxcwhr5blqwvmuooc','MzVmMTVhOGFkOWYyZDY3NjVjNjYwODc0MjY2MzFhMzFiZjdmN2JmNDp7Il9hdXRoX3VzZXJfaWQiOiIxIiwiX2F1dGhfdXNlcl9iYWNrZW5kIjoiZGphbmdvLmNvbnRyaWIuYXV0aC5iYWNrZW5kcy5Nb2RlbEJhY2tlbmQiLCJfYXV0aF91c2VyX2hhc2giOiJkYzMwODYwMGQ1ZjdlZmQ3OWIxMGQyODI1NjljODczZTk1YmFhZGYwIn0=','2019-08-28 04:45:51.373692'),('w631lwmg39jv35pe70pqywwon48hbw7p','ZDhhMWI0ZDIzMzdjOTk2ZDgzYTk2MTM5NzA5OWVmNzIwNGQwOTEzOTp7Il9hdXRoX3VzZXJfaWQiOiIxIiwiX2F1dGhfdXNlcl9iYWNrZW5kIjoiZGphbmdvLmNvbnRyaWIuYXV0aC5iYWNrZW5kcy5Nb2RlbEJhY2tlbmQiLCJfYXV0aF91c2VyX2hhc2giOiI4MjRhNzExMzQ1ZmYxNWQwZTgzZTAwNDBjZGEzOGM3NmQ4YmQxOTA3In0=','2019-07-03 21:02:43.601000'),('w9t3r9cdcqpvfu943gb2fbz3h3mwkpz7','ZDhhMWI0ZDIzMzdjOTk2ZDgzYTk2MTM5NzA5OWVmNzIwNGQwOTEzOTp7Il9hdXRoX3VzZXJfaWQiOiIxIiwiX2F1dGhfdXNlcl9iYWNrZW5kIjoiZGphbmdvLmNvbnRyaWIuYXV0aC5iYWNrZW5kcy5Nb2RlbEJhY2tlbmQiLCJfYXV0aF91c2VyX2hhc2giOiI4MjRhNzExMzQ1ZmYxNWQwZTgzZTAwNDBjZGEzOGM3NmQ4YmQxOTA3In0=','2019-07-09 15:09:15.018000'),('wde2yyj6dqaltk3deh17c0fsb3mg1t7e','ZDhhMWI0ZDIzMzdjOTk2ZDgzYTk2MTM5NzA5OWVmNzIwNGQwOTEzOTp7Il9hdXRoX3VzZXJfaWQiOiIxIiwiX2F1dGhfdXNlcl9iYWNrZW5kIjoiZGphbmdvLmNvbnRyaWIuYXV0aC5iYWNrZW5kcy5Nb2RlbEJhY2tlbmQiLCJfYXV0aF91c2VyX2hhc2giOiI4MjRhNzExMzQ1ZmYxNWQwZTgzZTAwNDBjZGEzOGM3NmQ4YmQxOTA3In0=','2019-06-20 17:56:04.692000'),('wew6fw49uomyo7whsf7cynimp0pcmxo6','MzVmMTVhOGFkOWYyZDY3NjVjNjYwODc0MjY2MzFhMzFiZjdmN2JmNDp7Il9hdXRoX3VzZXJfaWQiOiIxIiwiX2F1dGhfdXNlcl9iYWNrZW5kIjoiZGphbmdvLmNvbnRyaWIuYXV0aC5iYWNrZW5kcy5Nb2RlbEJhY2tlbmQiLCJfYXV0aF91c2VyX2hhc2giOiJkYzMwODYwMGQ1ZjdlZmQ3OWIxMGQyODI1NjljODczZTk1YmFhZGYwIn0=','2019-11-21 20:04:14.116743'),('wguvcf6f0259xmig9quu278h5jkedami','MzVmMTVhOGFkOWYyZDY3NjVjNjYwODc0MjY2MzFhMzFiZjdmN2JmNDp7Il9hdXRoX3VzZXJfaWQiOiIxIiwiX2F1dGhfdXNlcl9iYWNrZW5kIjoiZGphbmdvLmNvbnRyaWIuYXV0aC5iYWNrZW5kcy5Nb2RlbEJhY2tlbmQiLCJfYXV0aF91c2VyX2hhc2giOiJkYzMwODYwMGQ1ZjdlZmQ3OWIxMGQyODI1NjljODczZTk1YmFhZGYwIn0=','2019-07-11 13:20:50.460000'),('whbwyzbc39681mxqx4th1jedkto9kg9e','ZDhhMWI0ZDIzMzdjOTk2ZDgzYTk2MTM5NzA5OWVmNzIwNGQwOTEzOTp7Il9hdXRoX3VzZXJfaWQiOiIxIiwiX2F1dGhfdXNlcl9iYWNrZW5kIjoiZGphbmdvLmNvbnRyaWIuYXV0aC5iYWNrZW5kcy5Nb2RlbEJhY2tlbmQiLCJfYXV0aF91c2VyX2hhc2giOiI4MjRhNzExMzQ1ZmYxNWQwZTgzZTAwNDBjZGEzOGM3NmQ4YmQxOTA3In0=','2019-07-05 21:47:10.650000'),('wnc8gn94fz2i0441ykx99llo7crfuq3w','ZDhhMWI0ZDIzMzdjOTk2ZDgzYTk2MTM5NzA5OWVmNzIwNGQwOTEzOTp7Il9hdXRoX3VzZXJfaWQiOiIxIiwiX2F1dGhfdXNlcl9iYWNrZW5kIjoiZGphbmdvLmNvbnRyaWIuYXV0aC5iYWNrZW5kcy5Nb2RlbEJhY2tlbmQiLCJfYXV0aF91c2VyX2hhc2giOiI4MjRhNzExMzQ1ZmYxNWQwZTgzZTAwNDBjZGEzOGM3NmQ4YmQxOTA3In0=','2019-07-09 15:09:26.527000'),('wo7spi3jl5edskawnvz8cycls9sa995g','ZDhhMWI0ZDIzMzdjOTk2ZDgzYTk2MTM5NzA5OWVmNzIwNGQwOTEzOTp7Il9hdXRoX3VzZXJfaWQiOiIxIiwiX2F1dGhfdXNlcl9iYWNrZW5kIjoiZGphbmdvLmNvbnRyaWIuYXV0aC5iYWNrZW5kcy5Nb2RlbEJhY2tlbmQiLCJfYXV0aF91c2VyX2hhc2giOiI4MjRhNzExMzQ1ZmYxNWQwZTgzZTAwNDBjZGEzOGM3NmQ4YmQxOTA3In0=','2019-07-09 19:31:08.905000'),('wp1ts29ozsc8htnqtjfubgmyex01iy9m','ZDhhMWI0ZDIzMzdjOTk2ZDgzYTk2MTM5NzA5OWVmNzIwNGQwOTEzOTp7Il9hdXRoX3VzZXJfaWQiOiIxIiwiX2F1dGhfdXNlcl9iYWNrZW5kIjoiZGphbmdvLmNvbnRyaWIuYXV0aC5iYWNrZW5kcy5Nb2RlbEJhY2tlbmQiLCJfYXV0aF91c2VyX2hhc2giOiI4MjRhNzExMzQ1ZmYxNWQwZTgzZTAwNDBjZGEzOGM3NmQ4YmQxOTA3In0=','2019-07-05 16:51:02.514000'),('wp9ycdib2uf0kx99ywvxx92opledu3ce','MzVmMTVhOGFkOWYyZDY3NjVjNjYwODc0MjY2MzFhMzFiZjdmN2JmNDp7Il9hdXRoX3VzZXJfaWQiOiIxIiwiX2F1dGhfdXNlcl9iYWNrZW5kIjoiZGphbmdvLmNvbnRyaWIuYXV0aC5iYWNrZW5kcy5Nb2RlbEJhY2tlbmQiLCJfYXV0aF91c2VyX2hhc2giOiJkYzMwODYwMGQ1ZjdlZmQ3OWIxMGQyODI1NjljODczZTk1YmFhZGYwIn0=','2019-10-07 13:53:46.357894'),('wrktwk93x0k56qui9ay8ul0t6oxvdab0','MzVmMTVhOGFkOWYyZDY3NjVjNjYwODc0MjY2MzFhMzFiZjdmN2JmNDp7Il9hdXRoX3VzZXJfaWQiOiIxIiwiX2F1dGhfdXNlcl9iYWNrZW5kIjoiZGphbmdvLmNvbnRyaWIuYXV0aC5iYWNrZW5kcy5Nb2RlbEJhY2tlbmQiLCJfYXV0aF91c2VyX2hhc2giOiJkYzMwODYwMGQ1ZjdlZmQ3OWIxMGQyODI1NjljODczZTk1YmFhZGYwIn0=','2019-11-15 22:26:56.974751'),('wv9yecli13htc3mgozsssc87ucb036g3','MzVmMTVhOGFkOWYyZDY3NjVjNjYwODc0MjY2MzFhMzFiZjdmN2JmNDp7Il9hdXRoX3VzZXJfaWQiOiIxIiwiX2F1dGhfdXNlcl9iYWNrZW5kIjoiZGphbmdvLmNvbnRyaWIuYXV0aC5iYWNrZW5kcy5Nb2RlbEJhY2tlbmQiLCJfYXV0aF91c2VyX2hhc2giOiJkYzMwODYwMGQ1ZjdlZmQ3OWIxMGQyODI1NjljODczZTk1YmFhZGYwIn0=','2019-08-02 18:00:45.391696'),('ww2dh5h0g1l90tun3ysqdspqtvk04jeh','ZDhhMWI0ZDIzMzdjOTk2ZDgzYTk2MTM5NzA5OWVmNzIwNGQwOTEzOTp7Il9hdXRoX3VzZXJfaWQiOiIxIiwiX2F1dGhfdXNlcl9iYWNrZW5kIjoiZGphbmdvLmNvbnRyaWIuYXV0aC5iYWNrZW5kcy5Nb2RlbEJhY2tlbmQiLCJfYXV0aF91c2VyX2hhc2giOiI4MjRhNzExMzQ1ZmYxNWQwZTgzZTAwNDBjZGEzOGM3NmQ4YmQxOTA3In0=','2019-07-05 17:11:36.621000'),('wxkegn3sradagi1hc5k69z58r89u1gv7','ZDhhMWI0ZDIzMzdjOTk2ZDgzYTk2MTM5NzA5OWVmNzIwNGQwOTEzOTp7Il9hdXRoX3VzZXJfaWQiOiIxIiwiX2F1dGhfdXNlcl9iYWNrZW5kIjoiZGphbmdvLmNvbnRyaWIuYXV0aC5iYWNrZW5kcy5Nb2RlbEJhY2tlbmQiLCJfYXV0aF91c2VyX2hhc2giOiI4MjRhNzExMzQ1ZmYxNWQwZTgzZTAwNDBjZGEzOGM3NmQ4YmQxOTA3In0=','2019-07-05 14:39:00.142000'),('wzqothye3u3855u520jc75y7qqdtik1q','ZDhhMWI0ZDIzMzdjOTk2ZDgzYTk2MTM5NzA5OWVmNzIwNGQwOTEzOTp7Il9hdXRoX3VzZXJfaWQiOiIxIiwiX2F1dGhfdXNlcl9iYWNrZW5kIjoiZGphbmdvLmNvbnRyaWIuYXV0aC5iYWNrZW5kcy5Nb2RlbEJhY2tlbmQiLCJfYXV0aF91c2VyX2hhc2giOiI4MjRhNzExMzQ1ZmYxNWQwZTgzZTAwNDBjZGEzOGM3NmQ4YmQxOTA3In0=','2019-05-22 15:17:14.344000'),('x2la6652hdlzt4cvtrm6qr96f4ki16y0','ZDhhMWI0ZDIzMzdjOTk2ZDgzYTk2MTM5NzA5OWVmNzIwNGQwOTEzOTp7Il9hdXRoX3VzZXJfaWQiOiIxIiwiX2F1dGhfdXNlcl9iYWNrZW5kIjoiZGphbmdvLmNvbnRyaWIuYXV0aC5iYWNrZW5kcy5Nb2RlbEJhY2tlbmQiLCJfYXV0aF91c2VyX2hhc2giOiI4MjRhNzExMzQ1ZmYxNWQwZTgzZTAwNDBjZGEzOGM3NmQ4YmQxOTA3In0=','2019-07-09 19:07:22.408000'),('x6zbslswitq87wdm7v8h77ioq09qgnnz','YTkxODY0ZTA0OTg1MzMzMDdiMDNjNThkNzU0NTkyZDZhMTBiNTU4Nzp7Il9hdXRoX3VzZXJfaWQiOiIxIiwiX2F1dGhfdXNlcl9iYWNrZW5kIjoiZGphbmdvLmNvbnRyaWIuYXV0aC5iYWNrZW5kcy5Nb2RlbEJhY2tlbmQiLCJfYXV0aF91c2VyX2hhc2giOiI0OGU1ZWQ3MjhlNjhlZGFhYmVlYTU2YWU3MTc3NTE0MGVlZGIwYTg5In0=','2020-01-06 14:37:52.339283'),('x7vb1acon1emoy2zytohchwc8flih23u','ZDhhMWI0ZDIzMzdjOTk2ZDgzYTk2MTM5NzA5OWVmNzIwNGQwOTEzOTp7Il9hdXRoX3VzZXJfaWQiOiIxIiwiX2F1dGhfdXNlcl9iYWNrZW5kIjoiZGphbmdvLmNvbnRyaWIuYXV0aC5iYWNrZW5kcy5Nb2RlbEJhY2tlbmQiLCJfYXV0aF91c2VyX2hhc2giOiI4MjRhNzExMzQ1ZmYxNWQwZTgzZTAwNDBjZGEzOGM3NmQ4YmQxOTA3In0=','2019-05-24 15:19:48.957000'),('x8k8phs2p11s0m9adxnp8dgue9fck8ps','MzVmMTVhOGFkOWYyZDY3NjVjNjYwODc0MjY2MzFhMzFiZjdmN2JmNDp7Il9hdXRoX3VzZXJfaWQiOiIxIiwiX2F1dGhfdXNlcl9iYWNrZW5kIjoiZGphbmdvLmNvbnRyaWIuYXV0aC5iYWNrZW5kcy5Nb2RlbEJhY2tlbmQiLCJfYXV0aF91c2VyX2hhc2giOiJkYzMwODYwMGQ1ZjdlZmQ3OWIxMGQyODI1NjljODczZTk1YmFhZGYwIn0=','2019-11-22 22:37:33.042632'),('xf5nnneze2pli5fl2qcmp8qw8zl7fhow','ZDhhMWI0ZDIzMzdjOTk2ZDgzYTk2MTM5NzA5OWVmNzIwNGQwOTEzOTp7Il9hdXRoX3VzZXJfaWQiOiIxIiwiX2F1dGhfdXNlcl9iYWNrZW5kIjoiZGphbmdvLmNvbnRyaWIuYXV0aC5iYWNrZW5kcy5Nb2RlbEJhY2tlbmQiLCJfYXV0aF91c2VyX2hhc2giOiI4MjRhNzExMzQ1ZmYxNWQwZTgzZTAwNDBjZGEzOGM3NmQ4YmQxOTA3In0=','2019-05-21 20:26:12.253000'),('xfhjo89eo2ly116gqiqc6ln1w3iu34ab','ZDhhMWI0ZDIzMzdjOTk2ZDgzYTk2MTM5NzA5OWVmNzIwNGQwOTEzOTp7Il9hdXRoX3VzZXJfaWQiOiIxIiwiX2F1dGhfdXNlcl9iYWNrZW5kIjoiZGphbmdvLmNvbnRyaWIuYXV0aC5iYWNrZW5kcy5Nb2RlbEJhY2tlbmQiLCJfYXV0aF91c2VyX2hhc2giOiI4MjRhNzExMzQ1ZmYxNWQwZTgzZTAwNDBjZGEzOGM3NmQ4YmQxOTA3In0=','2019-07-03 20:53:38.794000'),('xkj87b8t98k8jit3w5m3ihx8w6zd8i48','MzVmMTVhOGFkOWYyZDY3NjVjNjYwODc0MjY2MzFhMzFiZjdmN2JmNDp7Il9hdXRoX3VzZXJfaWQiOiIxIiwiX2F1dGhfdXNlcl9iYWNrZW5kIjoiZGphbmdvLmNvbnRyaWIuYXV0aC5iYWNrZW5kcy5Nb2RlbEJhY2tlbmQiLCJfYXV0aF91c2VyX2hhc2giOiJkYzMwODYwMGQ1ZjdlZmQ3OWIxMGQyODI1NjljODczZTk1YmFhZGYwIn0=','2019-08-07 19:31:01.598680'),('xlx0cv6l6wtgsi5vernou9u26g13cxvu','MzVmMTVhOGFkOWYyZDY3NjVjNjYwODc0MjY2MzFhMzFiZjdmN2JmNDp7Il9hdXRoX3VzZXJfaWQiOiIxIiwiX2F1dGhfdXNlcl9iYWNrZW5kIjoiZGphbmdvLmNvbnRyaWIuYXV0aC5iYWNrZW5kcy5Nb2RlbEJhY2tlbmQiLCJfYXV0aF91c2VyX2hhc2giOiJkYzMwODYwMGQ1ZjdlZmQ3OWIxMGQyODI1NjljODczZTk1YmFhZGYwIn0=','2019-07-12 19:51:20.278000'),('xmkrp43asoniw9x98izqy6v7yb940wot','MzVmMTVhOGFkOWYyZDY3NjVjNjYwODc0MjY2MzFhMzFiZjdmN2JmNDp7Il9hdXRoX3VzZXJfaWQiOiIxIiwiX2F1dGhfdXNlcl9iYWNrZW5kIjoiZGphbmdvLmNvbnRyaWIuYXV0aC5iYWNrZW5kcy5Nb2RlbEJhY2tlbmQiLCJfYXV0aF91c2VyX2hhc2giOiJkYzMwODYwMGQ1ZjdlZmQ3OWIxMGQyODI1NjljODczZTk1YmFhZGYwIn0=','2019-08-06 15:11:19.500681'),('xrmuuu45zcujz2jn2uyhao7jpql87mw8','MzVmMTVhOGFkOWYyZDY3NjVjNjYwODc0MjY2MzFhMzFiZjdmN2JmNDp7Il9hdXRoX3VzZXJfaWQiOiIxIiwiX2F1dGhfdXNlcl9iYWNrZW5kIjoiZGphbmdvLmNvbnRyaWIuYXV0aC5iYWNrZW5kcy5Nb2RlbEJhY2tlbmQiLCJfYXV0aF91c2VyX2hhc2giOiJkYzMwODYwMGQ1ZjdlZmQ3OWIxMGQyODI1NjljODczZTk1YmFhZGYwIn0=','2019-08-12 05:33:33.927897'),('xt6hvenwtbrop4w73jt2pxt23lrtcspn','MzVmMTVhOGFkOWYyZDY3NjVjNjYwODc0MjY2MzFhMzFiZjdmN2JmNDp7Il9hdXRoX3VzZXJfaWQiOiIxIiwiX2F1dGhfdXNlcl9iYWNrZW5kIjoiZGphbmdvLmNvbnRyaWIuYXV0aC5iYWNrZW5kcy5Nb2RlbEJhY2tlbmQiLCJfYXV0aF91c2VyX2hhc2giOiJkYzMwODYwMGQ1ZjdlZmQ3OWIxMGQyODI1NjljODczZTk1YmFhZGYwIn0=','2019-07-11 13:21:45.552000'),('xu29qghdcmq8ynutj6e2avg4rmih1wcx','MzVmMTVhOGFkOWYyZDY3NjVjNjYwODc0MjY2MzFhMzFiZjdmN2JmNDp7Il9hdXRoX3VzZXJfaWQiOiIxIiwiX2F1dGhfdXNlcl9iYWNrZW5kIjoiZGphbmdvLmNvbnRyaWIuYXV0aC5iYWNrZW5kcy5Nb2RlbEJhY2tlbmQiLCJfYXV0aF91c2VyX2hhc2giOiJkYzMwODYwMGQ1ZjdlZmQ3OWIxMGQyODI1NjljODczZTk1YmFhZGYwIn0=','2019-08-26 20:58:18.707334'),('xxnfcfts15ui2dyxsp9byehod1puto7y','ZDhhMWI0ZDIzMzdjOTk2ZDgzYTk2MTM5NzA5OWVmNzIwNGQwOTEzOTp7Il9hdXRoX3VzZXJfaWQiOiIxIiwiX2F1dGhfdXNlcl9iYWNrZW5kIjoiZGphbmdvLmNvbnRyaWIuYXV0aC5iYWNrZW5kcy5Nb2RlbEJhY2tlbmQiLCJfYXV0aF91c2VyX2hhc2giOiI4MjRhNzExMzQ1ZmYxNWQwZTgzZTAwNDBjZGEzOGM3NmQ4YmQxOTA3In0=','2019-07-05 16:51:38.426000'),('y0rbo74vxpe73v2xm30tjlu8vege3bk3','MzVmMTVhOGFkOWYyZDY3NjVjNjYwODc0MjY2MzFhMzFiZjdmN2JmNDp7Il9hdXRoX3VzZXJfaWQiOiIxIiwiX2F1dGhfdXNlcl9iYWNrZW5kIjoiZGphbmdvLmNvbnRyaWIuYXV0aC5iYWNrZW5kcy5Nb2RlbEJhY2tlbmQiLCJfYXV0aF91c2VyX2hhc2giOiJkYzMwODYwMGQ1ZjdlZmQ3OWIxMGQyODI1NjljODczZTk1YmFhZGYwIn0=','2019-08-05 19:41:55.530579'),('y6p4qc37eam8qy6y21golirco4baks50','ZDhhMWI0ZDIzMzdjOTk2ZDgzYTk2MTM5NzA5OWVmNzIwNGQwOTEzOTp7Il9hdXRoX3VzZXJfaWQiOiIxIiwiX2F1dGhfdXNlcl9iYWNrZW5kIjoiZGphbmdvLmNvbnRyaWIuYXV0aC5iYWNrZW5kcy5Nb2RlbEJhY2tlbmQiLCJfYXV0aF91c2VyX2hhc2giOiI4MjRhNzExMzQ1ZmYxNWQwZTgzZTAwNDBjZGEzOGM3NmQ4YmQxOTA3In0=','2019-05-22 16:32:52.225000'),('y76bzg82mystavyf2xzqy2tolfucxum6','ZDhhMWI0ZDIzMzdjOTk2ZDgzYTk2MTM5NzA5OWVmNzIwNGQwOTEzOTp7Il9hdXRoX3VzZXJfaWQiOiIxIiwiX2F1dGhfdXNlcl9iYWNrZW5kIjoiZGphbmdvLmNvbnRyaWIuYXV0aC5iYWNrZW5kcy5Nb2RlbEJhY2tlbmQiLCJfYXV0aF91c2VyX2hhc2giOiI4MjRhNzExMzQ1ZmYxNWQwZTgzZTAwNDBjZGEzOGM3NmQ4YmQxOTA3In0=','2019-06-28 20:42:36.923000'),('y78av2w4jjs5hkq6ux6b4ero0d3svmet','MzVmMTVhOGFkOWYyZDY3NjVjNjYwODc0MjY2MzFhMzFiZjdmN2JmNDp7Il9hdXRoX3VzZXJfaWQiOiIxIiwiX2F1dGhfdXNlcl9iYWNrZW5kIjoiZGphbmdvLmNvbnRyaWIuYXV0aC5iYWNrZW5kcy5Nb2RlbEJhY2tlbmQiLCJfYXV0aF91c2VyX2hhc2giOiJkYzMwODYwMGQ1ZjdlZmQ3OWIxMGQyODI1NjljODczZTk1YmFhZGYwIn0=','2019-07-16 17:10:00.611000'),('y88dutjkxm5cdr8d3z2zme6btc0phkjr','ZDhhMWI0ZDIzMzdjOTk2ZDgzYTk2MTM5NzA5OWVmNzIwNGQwOTEzOTp7Il9hdXRoX3VzZXJfaWQiOiIxIiwiX2F1dGhfdXNlcl9iYWNrZW5kIjoiZGphbmdvLmNvbnRyaWIuYXV0aC5iYWNrZW5kcy5Nb2RlbEJhY2tlbmQiLCJfYXV0aF91c2VyX2hhc2giOiI4MjRhNzExMzQ1ZmYxNWQwZTgzZTAwNDBjZGEzOGM3NmQ4YmQxOTA3In0=','2019-05-17 14:33:45.804000'),('y8eyevotqhv8sqzmapidcj0shb3se36e','MzVmMTVhOGFkOWYyZDY3NjVjNjYwODc0MjY2MzFhMzFiZjdmN2JmNDp7Il9hdXRoX3VzZXJfaWQiOiIxIiwiX2F1dGhfdXNlcl9iYWNrZW5kIjoiZGphbmdvLmNvbnRyaWIuYXV0aC5iYWNrZW5kcy5Nb2RlbEJhY2tlbmQiLCJfYXV0aF91c2VyX2hhc2giOiJkYzMwODYwMGQ1ZjdlZmQ3OWIxMGQyODI1NjljODczZTk1YmFhZGYwIn0=','2019-08-30 14:33:30.101063'),('y8qv0pdmgq9xq22tmydcx9gytwx7shrq','MzVmMTVhOGFkOWYyZDY3NjVjNjYwODc0MjY2MzFhMzFiZjdmN2JmNDp7Il9hdXRoX3VzZXJfaWQiOiIxIiwiX2F1dGhfdXNlcl9iYWNrZW5kIjoiZGphbmdvLmNvbnRyaWIuYXV0aC5iYWNrZW5kcy5Nb2RlbEJhY2tlbmQiLCJfYXV0aF91c2VyX2hhc2giOiJkYzMwODYwMGQ1ZjdlZmQ3OWIxMGQyODI1NjljODczZTk1YmFhZGYwIn0=','2019-08-12 06:44:22.343365'),('ya1se5dr5ysdhnm128cugkq68d9mmu4y','MzVmMTVhOGFkOWYyZDY3NjVjNjYwODc0MjY2MzFhMzFiZjdmN2JmNDp7Il9hdXRoX3VzZXJfaWQiOiIxIiwiX2F1dGhfdXNlcl9iYWNrZW5kIjoiZGphbmdvLmNvbnRyaWIuYXV0aC5iYWNrZW5kcy5Nb2RlbEJhY2tlbmQiLCJfYXV0aF91c2VyX2hhc2giOiJkYzMwODYwMGQ1ZjdlZmQ3OWIxMGQyODI1NjljODczZTk1YmFhZGYwIn0=','2019-07-12 19:47:23.005000'),('yc7szuygduutygxzdbark3ckc8ri6juv','MzVmMTVhOGFkOWYyZDY3NjVjNjYwODc0MjY2MzFhMzFiZjdmN2JmNDp7Il9hdXRoX3VzZXJfaWQiOiIxIiwiX2F1dGhfdXNlcl9iYWNrZW5kIjoiZGphbmdvLmNvbnRyaWIuYXV0aC5iYWNrZW5kcy5Nb2RlbEJhY2tlbmQiLCJfYXV0aF91c2VyX2hhc2giOiJkYzMwODYwMGQ1ZjdlZmQ3OWIxMGQyODI1NjljODczZTk1YmFhZGYwIn0=','2019-11-21 20:02:30.985885'),('ydjmz41jgvsnipsrrii3ibvzomk56xij','MzVmMTVhOGFkOWYyZDY3NjVjNjYwODc0MjY2MzFhMzFiZjdmN2JmNDp7Il9hdXRoX3VzZXJfaWQiOiIxIiwiX2F1dGhfdXNlcl9iYWNrZW5kIjoiZGphbmdvLmNvbnRyaWIuYXV0aC5iYWNrZW5kcy5Nb2RlbEJhY2tlbmQiLCJfYXV0aF91c2VyX2hhc2giOiJkYzMwODYwMGQ1ZjdlZmQ3OWIxMGQyODI1NjljODczZTk1YmFhZGYwIn0=','2019-10-10 23:56:39.177703'),('yeezszfm8xt9v8624ywbv5sfb0de2hxt','MzVmMTVhOGFkOWYyZDY3NjVjNjYwODc0MjY2MzFhMzFiZjdmN2JmNDp7Il9hdXRoX3VzZXJfaWQiOiIxIiwiX2F1dGhfdXNlcl9iYWNrZW5kIjoiZGphbmdvLmNvbnRyaWIuYXV0aC5iYWNrZW5kcy5Nb2RlbEJhY2tlbmQiLCJfYXV0aF91c2VyX2hhc2giOiJkYzMwODYwMGQ1ZjdlZmQ3OWIxMGQyODI1NjljODczZTk1YmFhZGYwIn0=','2019-11-06 19:40:38.029018'),('ygyzdy8iyl4hu9nwpjx9w24f1mzh547q','ZDhhMWI0ZDIzMzdjOTk2ZDgzYTk2MTM5NzA5OWVmNzIwNGQwOTEzOTp7Il9hdXRoX3VzZXJfaWQiOiIxIiwiX2F1dGhfdXNlcl9iYWNrZW5kIjoiZGphbmdvLmNvbnRyaWIuYXV0aC5iYWNrZW5kcy5Nb2RlbEJhY2tlbmQiLCJfYXV0aF91c2VyX2hhc2giOiI4MjRhNzExMzQ1ZmYxNWQwZTgzZTAwNDBjZGEzOGM3NmQ4YmQxOTA3In0=','2019-06-25 21:02:56.481000'),('yhn01sqpidbtozfbrq49mx9a8s3rllpq','ZDhhMWI0ZDIzMzdjOTk2ZDgzYTk2MTM5NzA5OWVmNzIwNGQwOTEzOTp7Il9hdXRoX3VzZXJfaWQiOiIxIiwiX2F1dGhfdXNlcl9iYWNrZW5kIjoiZGphbmdvLmNvbnRyaWIuYXV0aC5iYWNrZW5kcy5Nb2RlbEJhY2tlbmQiLCJfYXV0aF91c2VyX2hhc2giOiI4MjRhNzExMzQ1ZmYxNWQwZTgzZTAwNDBjZGEzOGM3NmQ4YmQxOTA3In0=','2019-05-11 14:40:56.567000'),('yjm7ua99f533ako5vxmgo05xmub8044a','ZDhhMWI0ZDIzMzdjOTk2ZDgzYTk2MTM5NzA5OWVmNzIwNGQwOTEzOTp7Il9hdXRoX3VzZXJfaWQiOiIxIiwiX2F1dGhfdXNlcl9iYWNrZW5kIjoiZGphbmdvLmNvbnRyaWIuYXV0aC5iYWNrZW5kcy5Nb2RlbEJhY2tlbmQiLCJfYXV0aF91c2VyX2hhc2giOiI4MjRhNzExMzQ1ZmYxNWQwZTgzZTAwNDBjZGEzOGM3NmQ4YmQxOTA3In0=','2019-07-05 16:50:52.790000'),('yq6o1yvfcp4bk1wguc2426q6fi1z61br','ZDhhMWI0ZDIzMzdjOTk2ZDgzYTk2MTM5NzA5OWVmNzIwNGQwOTEzOTp7Il9hdXRoX3VzZXJfaWQiOiIxIiwiX2F1dGhfdXNlcl9iYWNrZW5kIjoiZGphbmdvLmNvbnRyaWIuYXV0aC5iYWNrZW5kcy5Nb2RlbEJhY2tlbmQiLCJfYXV0aF91c2VyX2hhc2giOiI4MjRhNzExMzQ1ZmYxNWQwZTgzZTAwNDBjZGEzOGM3NmQ4YmQxOTA3In0=','2019-05-17 21:01:18.736000'),('yrm3660w0cs6v0flzcayoxpeaoks5113','ZDhhMWI0ZDIzMzdjOTk2ZDgzYTk2MTM5NzA5OWVmNzIwNGQwOTEzOTp7Il9hdXRoX3VzZXJfaWQiOiIxIiwiX2F1dGhfdXNlcl9iYWNrZW5kIjoiZGphbmdvLmNvbnRyaWIuYXV0aC5iYWNrZW5kcy5Nb2RlbEJhY2tlbmQiLCJfYXV0aF91c2VyX2hhc2giOiI4MjRhNzExMzQ1ZmYxNWQwZTgzZTAwNDBjZGEzOGM3NmQ4YmQxOTA3In0=','2019-05-10 14:17:44.658000'),('yteu4zc7sl6mev9d3a0vp0nn38f8mv8q','ZDhhMWI0ZDIzMzdjOTk2ZDgzYTk2MTM5NzA5OWVmNzIwNGQwOTEzOTp7Il9hdXRoX3VzZXJfaWQiOiIxIiwiX2F1dGhfdXNlcl9iYWNrZW5kIjoiZGphbmdvLmNvbnRyaWIuYXV0aC5iYWNrZW5kcy5Nb2RlbEJhY2tlbmQiLCJfYXV0aF91c2VyX2hhc2giOiI4MjRhNzExMzQ1ZmYxNWQwZTgzZTAwNDBjZGEzOGM3NmQ4YmQxOTA3In0=','2019-07-09 15:08:57.568000'),('yy1wsai584eti90gfp6u94075mbpptlo','MzVmMTVhOGFkOWYyZDY3NjVjNjYwODc0MjY2MzFhMzFiZjdmN2JmNDp7Il9hdXRoX3VzZXJfaWQiOiIxIiwiX2F1dGhfdXNlcl9iYWNrZW5kIjoiZGphbmdvLmNvbnRyaWIuYXV0aC5iYWNrZW5kcy5Nb2RlbEJhY2tlbmQiLCJfYXV0aF91c2VyX2hhc2giOiJkYzMwODYwMGQ1ZjdlZmQ3OWIxMGQyODI1NjljODczZTk1YmFhZGYwIn0=','2019-08-07 19:32:01.119335'),('yya2ww73ea4uog3stw29s3csg9grpep7','MzVmMTVhOGFkOWYyZDY3NjVjNjYwODc0MjY2MzFhMzFiZjdmN2JmNDp7Il9hdXRoX3VzZXJfaWQiOiIxIiwiX2F1dGhfdXNlcl9iYWNrZW5kIjoiZGphbmdvLmNvbnRyaWIuYXV0aC5iYWNrZW5kcy5Nb2RlbEJhY2tlbmQiLCJfYXV0aF91c2VyX2hhc2giOiJkYzMwODYwMGQ1ZjdlZmQ3OWIxMGQyODI1NjljODczZTk1YmFhZGYwIn0=','2019-08-02 21:58:53.206352'),('yyjp3vw43dghyqz683a1h0tb3srv2owd','MzVmMTVhOGFkOWYyZDY3NjVjNjYwODc0MjY2MzFhMzFiZjdmN2JmNDp7Il9hdXRoX3VzZXJfaWQiOiIxIiwiX2F1dGhfdXNlcl9iYWNrZW5kIjoiZGphbmdvLmNvbnRyaWIuYXV0aC5iYWNrZW5kcy5Nb2RlbEJhY2tlbmQiLCJfYXV0aF91c2VyX2hhc2giOiJkYzMwODYwMGQ1ZjdlZmQ3OWIxMGQyODI1NjljODczZTk1YmFhZGYwIn0=','2019-07-09 22:31:38.484000'),('yz5slsy9sfzlrq5k5a5yj8jui2fxokhf','ZDhhMWI0ZDIzMzdjOTk2ZDgzYTk2MTM5NzA5OWVmNzIwNGQwOTEzOTp7Il9hdXRoX3VzZXJfaWQiOiIxIiwiX2F1dGhfdXNlcl9iYWNrZW5kIjoiZGphbmdvLmNvbnRyaWIuYXV0aC5iYWNrZW5kcy5Nb2RlbEJhY2tlbmQiLCJfYXV0aF91c2VyX2hhc2giOiI4MjRhNzExMzQ1ZmYxNWQwZTgzZTAwNDBjZGEzOGM3NmQ4YmQxOTA3In0=','2019-05-23 21:05:54.476000'),('z03jaiplgrsxji8plbmov0ou8sdrp0tv','ZDhhMWI0ZDIzMzdjOTk2ZDgzYTk2MTM5NzA5OWVmNzIwNGQwOTEzOTp7Il9hdXRoX3VzZXJfaWQiOiIxIiwiX2F1dGhfdXNlcl9iYWNrZW5kIjoiZGphbmdvLmNvbnRyaWIuYXV0aC5iYWNrZW5kcy5Nb2RlbEJhY2tlbmQiLCJfYXV0aF91c2VyX2hhc2giOiI4MjRhNzExMzQ1ZmYxNWQwZTgzZTAwNDBjZGEzOGM3NmQ4YmQxOTA3In0=','2019-07-09 15:37:03.584000'),('z6fz6m3ndjthmx7dythh8y7lit7edfnt','MzVmMTVhOGFkOWYyZDY3NjVjNjYwODc0MjY2MzFhMzFiZjdmN2JmNDp7Il9hdXRoX3VzZXJfaWQiOiIxIiwiX2F1dGhfdXNlcl9iYWNrZW5kIjoiZGphbmdvLmNvbnRyaWIuYXV0aC5iYWNrZW5kcy5Nb2RlbEJhY2tlbmQiLCJfYXV0aF91c2VyX2hhc2giOiJkYzMwODYwMGQ1ZjdlZmQ3OWIxMGQyODI1NjljODczZTk1YmFhZGYwIn0=','2019-07-10 14:11:51.268000'),('z6m7aolny7cv43exbk2c20kpffb7y1e3','MzVmMTVhOGFkOWYyZDY3NjVjNjYwODc0MjY2MzFhMzFiZjdmN2JmNDp7Il9hdXRoX3VzZXJfaWQiOiIxIiwiX2F1dGhfdXNlcl9iYWNrZW5kIjoiZGphbmdvLmNvbnRyaWIuYXV0aC5iYWNrZW5kcy5Nb2RlbEJhY2tlbmQiLCJfYXV0aF91c2VyX2hhc2giOiJkYzMwODYwMGQ1ZjdlZmQ3OWIxMGQyODI1NjljODczZTk1YmFhZGYwIn0=','2019-08-12 05:28:13.444837'),('z7eb5vm40nclky0454rxd2om6foqbbak','ZDhhMWI0ZDIzMzdjOTk2ZDgzYTk2MTM5NzA5OWVmNzIwNGQwOTEzOTp7Il9hdXRoX3VzZXJfaWQiOiIxIiwiX2F1dGhfdXNlcl9iYWNrZW5kIjoiZGphbmdvLmNvbnRyaWIuYXV0aC5iYWNrZW5kcy5Nb2RlbEJhY2tlbmQiLCJfYXV0aF91c2VyX2hhc2giOiI4MjRhNzExMzQ1ZmYxNWQwZTgzZTAwNDBjZGEzOGM3NmQ4YmQxOTA3In0=','2019-07-09 20:05:28.612000'),('zc5z3n3t71axq8eh5o16uxf38eitckir','MzVmMTVhOGFkOWYyZDY3NjVjNjYwODc0MjY2MzFhMzFiZjdmN2JmNDp7Il9hdXRoX3VzZXJfaWQiOiIxIiwiX2F1dGhfdXNlcl9iYWNrZW5kIjoiZGphbmdvLmNvbnRyaWIuYXV0aC5iYWNrZW5kcy5Nb2RlbEJhY2tlbmQiLCJfYXV0aF91c2VyX2hhc2giOiJkYzMwODYwMGQ1ZjdlZmQ3OWIxMGQyODI1NjljODczZTk1YmFhZGYwIn0=','2019-08-02 15:54:32.824313'),('zehtlklexpddunj0qylhdbbjdpwdwozb','ZDhhMWI0ZDIzMzdjOTk2ZDgzYTk2MTM5NzA5OWVmNzIwNGQwOTEzOTp7Il9hdXRoX3VzZXJfaWQiOiIxIiwiX2F1dGhfdXNlcl9iYWNrZW5kIjoiZGphbmdvLmNvbnRyaWIuYXV0aC5iYWNrZW5kcy5Nb2RlbEJhY2tlbmQiLCJfYXV0aF91c2VyX2hhc2giOiI4MjRhNzExMzQ1ZmYxNWQwZTgzZTAwNDBjZGEzOGM3NmQ4YmQxOTA3In0=','2019-07-09 15:10:46.753000'),('zgs96iaua1rmeah8c551amm5zquz72b4','MzVmMTVhOGFkOWYyZDY3NjVjNjYwODc0MjY2MzFhMzFiZjdmN2JmNDp7Il9hdXRoX3VzZXJfaWQiOiIxIiwiX2F1dGhfdXNlcl9iYWNrZW5kIjoiZGphbmdvLmNvbnRyaWIuYXV0aC5iYWNrZW5kcy5Nb2RlbEJhY2tlbmQiLCJfYXV0aF91c2VyX2hhc2giOiJkYzMwODYwMGQ1ZjdlZmQ3OWIxMGQyODI1NjljODczZTk1YmFhZGYwIn0=','2019-10-10 14:16:08.628060'),('zi2xaleojovlwju43630cprz4mk8rz0q','MzVmMTVhOGFkOWYyZDY3NjVjNjYwODc0MjY2MzFhMzFiZjdmN2JmNDp7Il9hdXRoX3VzZXJfaWQiOiIxIiwiX2F1dGhfdXNlcl9iYWNrZW5kIjoiZGphbmdvLmNvbnRyaWIuYXV0aC5iYWNrZW5kcy5Nb2RlbEJhY2tlbmQiLCJfYXV0aF91c2VyX2hhc2giOiJkYzMwODYwMGQ1ZjdlZmQ3OWIxMGQyODI1NjljODczZTk1YmFhZGYwIn0=','2019-08-12 20:56:03.846904'),('zkgsk4c58pm38h20jt9e0sabkmcd90mh','MzVmMTVhOGFkOWYyZDY3NjVjNjYwODc0MjY2MzFhMzFiZjdmN2JmNDp7Il9hdXRoX3VzZXJfaWQiOiIxIiwiX2F1dGhfdXNlcl9iYWNrZW5kIjoiZGphbmdvLmNvbnRyaWIuYXV0aC5iYWNrZW5kcy5Nb2RlbEJhY2tlbmQiLCJfYXV0aF91c2VyX2hhc2giOiJkYzMwODYwMGQ1ZjdlZmQ3OWIxMGQyODI1NjljODczZTk1YmFhZGYwIn0=','2019-07-12 19:52:36.952000'),('zl6380nk7fz8wz1z2xcfv9vmjdlxeitn','MzVmMTVhOGFkOWYyZDY3NjVjNjYwODc0MjY2MzFhMzFiZjdmN2JmNDp7Il9hdXRoX3VzZXJfaWQiOiIxIiwiX2F1dGhfdXNlcl9iYWNrZW5kIjoiZGphbmdvLmNvbnRyaWIuYXV0aC5iYWNrZW5kcy5Nb2RlbEJhY2tlbmQiLCJfYXV0aF91c2VyX2hhc2giOiJkYzMwODYwMGQ1ZjdlZmQ3OWIxMGQyODI1NjljODczZTk1YmFhZGYwIn0=','2019-10-10 14:13:03.153621'),('zod2ji5b3vwx3cw880xckzrev74dbqwc','MzVmMTVhOGFkOWYyZDY3NjVjNjYwODc0MjY2MzFhMzFiZjdmN2JmNDp7Il9hdXRoX3VzZXJfaWQiOiIxIiwiX2F1dGhfdXNlcl9iYWNrZW5kIjoiZGphbmdvLmNvbnRyaWIuYXV0aC5iYWNrZW5kcy5Nb2RlbEJhY2tlbmQiLCJfYXV0aF91c2VyX2hhc2giOiJkYzMwODYwMGQ1ZjdlZmQ3OWIxMGQyODI1NjljODczZTk1YmFhZGYwIn0=','2019-10-30 19:18:06.326637'),('zpti3gjzzffmwimn9oput8zy3ddw4s95','ZDhhMWI0ZDIzMzdjOTk2ZDgzYTk2MTM5NzA5OWVmNzIwNGQwOTEzOTp7Il9hdXRoX3VzZXJfaWQiOiIxIiwiX2F1dGhfdXNlcl9iYWNrZW5kIjoiZGphbmdvLmNvbnRyaWIuYXV0aC5iYWNrZW5kcy5Nb2RlbEJhY2tlbmQiLCJfYXV0aF91c2VyX2hhc2giOiI4MjRhNzExMzQ1ZmYxNWQwZTgzZTAwNDBjZGEzOGM3NmQ4YmQxOTA3In0=','2019-07-04 21:05:55.323000'),('zq1lrpzgm1bj7qmx93k8tbarq0jarlvt','MzVmMTVhOGFkOWYyZDY3NjVjNjYwODc0MjY2MzFhMzFiZjdmN2JmNDp7Il9hdXRoX3VzZXJfaWQiOiIxIiwiX2F1dGhfdXNlcl9iYWNrZW5kIjoiZGphbmdvLmNvbnRyaWIuYXV0aC5iYWNrZW5kcy5Nb2RlbEJhY2tlbmQiLCJfYXV0aF91c2VyX2hhc2giOiJkYzMwODYwMGQ1ZjdlZmQ3OWIxMGQyODI1NjljODczZTk1YmFhZGYwIn0=','2019-07-09 22:31:08.658000'),('zsyjlh2wy6iezvm97zz24on7i56e30kq','MzVmMTVhOGFkOWYyZDY3NjVjNjYwODc0MjY2MzFhMzFiZjdmN2JmNDp7Il9hdXRoX3VzZXJfaWQiOiIxIiwiX2F1dGhfdXNlcl9iYWNrZW5kIjoiZGphbmdvLmNvbnRyaWIuYXV0aC5iYWNrZW5kcy5Nb2RlbEJhY2tlbmQiLCJfYXV0aF91c2VyX2hhc2giOiJkYzMwODYwMGQ1ZjdlZmQ3OWIxMGQyODI1NjljODczZTk1YmFhZGYwIn0=','2019-07-12 23:05:14.731000'),('ztk8bpdd5j6jzjh5qru3a4k8r2aux231','MzVmMTVhOGFkOWYyZDY3NjVjNjYwODc0MjY2MzFhMzFiZjdmN2JmNDp7Il9hdXRoX3VzZXJfaWQiOiIxIiwiX2F1dGhfdXNlcl9iYWNrZW5kIjoiZGphbmdvLmNvbnRyaWIuYXV0aC5iYWNrZW5kcy5Nb2RlbEJhY2tlbmQiLCJfYXV0aF91c2VyX2hhc2giOiJkYzMwODYwMGQ1ZjdlZmQ3OWIxMGQyODI1NjljODczZTk1YmFhZGYwIn0=','2019-09-26 15:16:51.370121'),('zvqxoahpc49xizfkcdh0dto8xnm96j1d','MzVmMTVhOGFkOWYyZDY3NjVjNjYwODc0MjY2MzFhMzFiZjdmN2JmNDp7Il9hdXRoX3VzZXJfaWQiOiIxIiwiX2F1dGhfdXNlcl9iYWNrZW5kIjoiZGphbmdvLmNvbnRyaWIuYXV0aC5iYWNrZW5kcy5Nb2RlbEJhY2tlbmQiLCJfYXV0aF91c2VyX2hhc2giOiJkYzMwODYwMGQ1ZjdlZmQ3OWIxMGQyODI1NjljODczZTk1YmFhZGYwIn0=','2019-11-22 22:37:26.677566'),('zwhat9x5pkjghoalqx4qonndb3l3w7g6','MzVmMTVhOGFkOWYyZDY3NjVjNjYwODc0MjY2MzFhMzFiZjdmN2JmNDp7Il9hdXRoX3VzZXJfaWQiOiIxIiwiX2F1dGhfdXNlcl9iYWNrZW5kIjoiZGphbmdvLmNvbnRyaWIuYXV0aC5iYWNrZW5kcy5Nb2RlbEJhY2tlbmQiLCJfYXV0aF91c2VyX2hhc2giOiJkYzMwODYwMGQ1ZjdlZmQ3OWIxMGQyODI1NjljODczZTk1YmFhZGYwIn0=','2019-11-15 22:27:08.840068'),('zxiuqscfsu51qxwplt432lonxx3jsriu','ZDhhMWI0ZDIzMzdjOTk2ZDgzYTk2MTM5NzA5OWVmNzIwNGQwOTEzOTp7Il9hdXRoX3VzZXJfaWQiOiIxIiwiX2F1dGhfdXNlcl9iYWNrZW5kIjoiZGphbmdvLmNvbnRyaWIuYXV0aC5iYWNrZW5kcy5Nb2RlbEJhY2tlbmQiLCJfYXV0aF91c2VyX2hhc2giOiI4MjRhNzExMzQ1ZmYxNWQwZTgzZTAwNDBjZGEzOGM3NmQ4YmQxOTA3In0=','2019-07-09 15:08:51.952000');
/*!40000 ALTER TABLE `django_session` ENABLE KEYS */;
UNLOCK TABLES;

--
-- Table structure for table `estadisticas_basesdatos`
--

DROP TABLE IF EXISTS `estadisticas_basesdatos`;
/*!40101 SET @saved_cs_client     = @@character_set_client */;
/*!50503 SET character_set_client = utf8mb4 */;
CREATE TABLE `estadisticas_basesdatos` (
  `id` int(11) NOT NULL AUTO_INCREMENT,
  `fecha_creacion` datetime(6) NOT NULL,
  `fecha_actualizacion` datetime(6) NOT NULL,
  `activo` tinyint(1) NOT NULL,
  `indicador` varchar(25) NOT NULL,
  `actualizador_id` int(11) DEFAULT NULL,
  `creador_id` int(11) NOT NULL,
  `slug` varchar(50) NOT NULL,
  `medicion` varchar(50) NOT NULL,
  PRIMARY KEY (`id`),
  UNIQUE KEY `estadisticas_basesdatos_medicion_indicador_ae7713ff_uniq` (`medicion`,`indicador`),
  KEY `estadisticas_basesdatos_actualizador_id_2ebf7113_fk_auth_user_id` (`actualizador_id`),
  KEY `estadisticas_basesdatos_creador_id_72e5b680_fk_auth_user_id` (`creador_id`),
  KEY `estadisticas_basesdatos_slug_c812c6ab` (`slug`),
  CONSTRAINT `estadisticas_basesdatos_actualizador_id_2ebf7113_fk_auth_user_id` FOREIGN KEY (`actualizador_id`) REFERENCES `auth_user` (`id`),
  CONSTRAINT `estadisticas_basesdatos_creador_id_72e5b680_fk_auth_user_id` FOREIGN KEY (`creador_id`) REFERENCES `auth_user` (`id`)
) ENGINE=InnoDB AUTO_INCREMENT=30 DEFAULT CHARSET=utf8;
/*!40101 SET character_set_client = @saved_cs_client */;

--
-- Dumping data for table `estadisticas_basesdatos`
--

LOCK TABLES `estadisticas_basesdatos` WRITE;
/*!40000 ALTER TABLE `estadisticas_basesdatos` DISABLE KEYS */;
INSERT INTO `estadisticas_basesdatos` VALUES (3,'2019-08-12 13:08:47.483186','2020-01-23 15:18:56.503018',1,'cundi_dura_viaje_agrupado',1,1,'cundi_dura_viaje_agrupado','receptor'),(4,'2019-08-15 20:45:48.889554','2020-01-23 15:18:23.576725',1,'cundi_tipo_de_alojamiento',1,1,'cundi_tipo_de_alojamiento','receptor'),(6,'2019-09-26 14:00:31.887346','2020-01-23 15:17:58.208432',1,'cundi_dura_estancia',1,1,'cundi_dura_estancia','receptor'),(7,'2019-09-26 14:06:37.224397','2020-01-23 15:17:34.050294',1,'cundi_gasto_medio_dia',1,1,'cundi_gasto_medio_dia','receptor'),(8,'2019-09-26 14:25:19.672621','2020-01-23 15:17:08.555392',1,'cundi_medio_transporte',1,1,'cundi_medio_transporte','receptor'),(9,'2019-09-26 14:33:17.764498','2020-01-23 15:16:38.017238',1,'cundi_motivos_viaje',1,1,'cundi_motivos_viaje','receptor'),(10,'2019-09-26 14:50:45.273550','2020-01-23 14:47:53.651468',1,'cundi_tama_medio_viaje',1,1,'cundi_tama_medio_viaje','receptor'),(11,'2019-09-26 14:53:51.658385','2019-12-05 17:19:26.989223',1,'ofr_capa_restaurantes',1,1,'ofr_capa_restaurantes','oferta'),(12,'2019-09-26 14:59:57.385245','2019-12-05 19:27:57.714294',1,'ofr_dura_media_estancia',1,1,'ofr_dura_media_estancia','oferta'),(14,'2019-09-26 15:06:52.016061','2019-12-05 16:43:25.485707',1,'empleos',1,1,'empleos','empleo'),(15,'2019-09-26 15:11:15.499422','2019-12-05 17:18:49.677919',1,'ofr_ocupa_hotelera_hab',1,1,'ofr_ocupa_hotelera_hab','oferta'),(16,'2019-09-26 15:23:06.396413','2019-12-05 17:18:30.542525',1,'ofr_presta_tipo_viajero',1,1,'ofr_presta_tipo_viajero','oferta'),(17,'2019-09-26 15:26:46.348102','2019-12-05 17:18:10.386407',1,'ofr_viajes_plan',1,1,'ofr_viajes_plan','oferta'),(18,'2019-09-26 15:31:06.733334','2019-12-05 16:23:39.208660',1,'empleo_vinculacion',1,1,'empleo_vinculacion','empleo'),(19,'2019-09-26 15:35:20.427257','2019-12-05 16:23:20.699095',1,'tipo_grupo',1,1,'tipo_grupo','empleo'),(20,'2019-09-26 15:40:04.781481','2019-12-05 16:22:53.511107',1,'vacantes_grupo',1,1,'vacantes_grupo','empleo'),(21,'2019-09-26 15:50:03.610839','2019-12-05 16:06:55.926932',1,'ie_dura_media_estancia',1,1,'ie_dura_media_estancia','emisor'),(22,'2019-09-26 15:58:39.021578','2019-12-05 16:07:16.077451',1,'ie_gasto_medio_dia',1,1,'ie_gasto_medio_dia','emisor'),(23,'2019-09-26 16:07:18.122487','2019-12-05 15:28:09.753587',1,'ie_tipo_transpo',1,1,'ie_tipo_transpo','emisor'),(24,'2019-09-26 16:13:37.666844','2019-12-05 16:07:38.048660',1,'ie_motivo_viajes',1,1,'ie_motivo_viajes','emisor'),(25,'2019-09-26 16:17:38.898572','2019-12-05 16:08:06.179601',1,'ie_viaje_agrupado',1,1,'ie_viaje_agrupado','emisor'),(27,'2019-09-26 16:27:20.844974','2019-12-05 15:27:22.857845',1,'ie_tipo_alojamiento',1,1,'ie_tipo_alojamiento','emisor'),(28,'2019-09-26 16:38:28.413439','2019-12-05 15:29:00.129733',1,'ie_tama_medio_viaje',1,1,'ie_tama_medio_viaje','emisor'),(29,'2019-09-26 16:40:51.952729','2019-12-05 15:20:00.097902',1,'ie_tot_viajes_turis',1,1,'ie_tot_viajes_turis','emisor');
/*!40000 ALTER TABLE `estadisticas_basesdatos` ENABLE KEYS */;
UNLOCK TABLES;

--
-- Table structure for table `estadisticas_basesdatosarchivos`
--

DROP TABLE IF EXISTS `estadisticas_basesdatosarchivos`;
/*!40101 SET @saved_cs_client     = @@character_set_client */;
/*!50503 SET character_set_client = utf8mb4 */;
CREATE TABLE `estadisticas_basesdatosarchivos` (
  `id` int(11) NOT NULL AUTO_INCREMENT,
  `fecha_creacion` datetime(6) NOT NULL,
  `fecha_actualizacion` datetime(6) NOT NULL,
  `fecha` date NOT NULL,
  `archivo` varchar(100) NOT NULL,
  `actualizador_id` int(11) DEFAULT NULL,
  `bases_datos_id` int(11) NOT NULL,
  `creador_id` int(11) NOT NULL,
  `fecha_fin` date NOT NULL,
  PRIMARY KEY (`id`),
  KEY `estadisticas_basesda_actualizador_id_a691d45b_fk_auth_user` (`actualizador_id`),
  KEY `estadisticas_basesda_bases_datos_id_5949148a_fk_estadisti` (`bases_datos_id`),
  KEY `estadisticas_basesda_creador_id_949d45dc_fk_auth_user` (`creador_id`),
  CONSTRAINT `estadisticas_basesda_actualizador_id_a691d45b_fk_auth_user` FOREIGN KEY (`actualizador_id`) REFERENCES `auth_user` (`id`),
  CONSTRAINT `estadisticas_basesda_bases_datos_id_5949148a_fk_estadisti` FOREIGN KEY (`bases_datos_id`) REFERENCES `estadisticas_basesdatos` (`id`),
  CONSTRAINT `estadisticas_basesda_creador_id_949d45dc_fk_auth_user` FOREIGN KEY (`creador_id`) REFERENCES `auth_user` (`id`)
) ENGINE=InnoDB AUTO_INCREMENT=29 DEFAULT CHARSET=utf8;
/*!40101 SET character_set_client = @saved_cs_client */;

--
-- Dumping data for table `estadisticas_basesdatosarchivos`
--

LOCK TABLES `estadisticas_basesdatosarchivos` WRITE;
/*!40000 ALTER TABLE `estadisticas_basesdatosarchivos` DISABLE KEYS */;
INSERT INTO `estadisticas_basesdatosarchivos` VALUES (3,'2019-08-15 20:40:35.291016','2020-01-23 15:18:56.504376','2019-08-15','TABLADESALIDAMOTIVODEVIAJEAGRUPADORECEPTOR.csv',1,3,1,'2019-08-15'),(4,'2019-08-15 20:45:48.890630','2020-01-23 15:18:23.578042','2019-08-15','TABLASDESALIDATIPODEALOJAMIENTORECEPTOR.csv',1,4,1,'2019-08-15'),(5,'2019-09-26 14:00:31.940195','2020-01-23 15:17:58.210069','2019-09-26','TABLADESALIDADURACIONMEDIADELAINSTANCIARECEPTOR.csv',1,6,1,'2019-09-26'),(6,'2019-09-26 14:06:37.242734','2020-01-23 15:17:34.051597','2019-09-26','TABLADESALIDAGASTOMEDIODIARECEPTOR.csv',1,7,1,'2019-09-26'),(7,'2019-09-26 14:25:19.733172','2020-01-23 15:17:08.557182','2019-09-26','TABLASDESALIDAMEDIOSDETRANSPORTERECEPTOR.csv',1,8,1,'2019-09-26'),(8,'2019-09-26 14:33:17.789265','2020-01-23 15:16:38.018635','2019-09-26','TABLASDESALIDAMOTIVOSVIAJERECEPTOR.csv',1,9,1,'2019-09-26'),(9,'2019-09-26 14:50:45.319142','2020-01-23 14:47:53.653196','2019-08-01','tmdvr.csv',1,10,1,'2019-08-31'),(10,'2019-09-26 14:53:51.689064','2019-12-05 17:19:26.990692','2019-09-26','ofrcaparestaurantes.csv',1,11,1,'2019-09-26'),(11,'2019-09-26 14:59:57.422696','2019-12-05 19:27:57.715969','2019-09-26','ofrduramediaestancia.csv',1,12,1,'2019-09-26'),(13,'2019-09-26 15:06:52.017693','2019-12-05 16:43:25.487443','2019-09-26','Totalempleo.csv',1,14,1,'2019-09-26'),(14,'2019-09-26 15:11:15.551328','2019-12-05 17:18:49.679348','2019-09-26','ofrocupahotelerahab.csv',1,15,1,'2019-09-26'),(15,'2019-09-26 15:23:06.405622','2019-12-05 17:18:30.543974','2019-09-26','ofrprestatipoviajero.csv',1,16,1,'2019-09-26'),(16,'2019-09-26 15:26:46.419785','2019-12-05 17:18:10.388271','2019-09-26','ofrviajesplan.csv',1,17,1,'2019-09-26'),(17,'2019-09-26 15:31:06.752736','2019-12-05 16:23:39.211058','2019-09-26','TipovinculacionEmpleo.csv',1,18,1,'2019-09-26'),(18,'2019-09-26 15:35:20.453480','2019-12-05 16:23:20.700533','2019-09-26','Tipo_Grupo_Salario.csv',1,19,1,'2019-09-26'),(19,'2019-09-26 15:40:04.861911','2019-12-05 16:22:53.512939','2019-09-26','Vacantesempleos.csv',1,20,1,'2019-09-26'),(20,'2019-09-26 15:50:03.620073','2019-12-05 16:06:55.928342','2019-09-26','DURA_ESTANCIA.csv',1,21,1,'2019-09-26'),(21,'2019-09-26 15:58:39.110212','2019-12-05 16:07:16.078983','2019-09-26','GASTO_MEDIO_DIA.csv',1,22,1,'2019-09-26'),(22,'2019-09-26 16:07:18.123781','2019-12-05 15:28:09.755011','2019-09-26','MEDIOS_TRANS.csv',1,23,1,'2019-09-26'),(23,'2019-09-26 16:13:37.779152','2019-12-05 16:07:38.050198','2019-09-26','MOTIVO_VIAJE.csv',1,24,1,'2019-09-26'),(24,'2019-09-26 16:17:38.927673','2019-12-05 16:08:06.181045','2019-09-26','VIAJE_AGRUPADO.csv',1,25,1,'2019-09-26'),(26,'2019-09-26 16:27:20.845898','2019-12-05 15:27:22.859283','2019-09-26','TIPO_ALOJA.csv',1,27,1,'2019-09-26'),(27,'2019-09-26 16:38:28.433621','2019-12-05 15:29:00.131256','2019-09-26','TAM_MED_VIAJ.csv',1,28,1,'2019-09-26'),(28,'2019-09-26 16:40:51.996525','2019-12-05 15:20:00.099578','2019-09-26','TOT_VIAJES.csv',1,29,1,'2019-09-26');
/*!40000 ALTER TABLE `estadisticas_basesdatosarchivos` ENABLE KEYS */;
UNLOCK TABLES;

--
-- Table structure for table `estadisticas_credencialbasedatos`
--

DROP TABLE IF EXISTS `estadisticas_credencialbasedatos`;
/*!40101 SET @saved_cs_client     = @@character_set_client */;
/*!50503 SET character_set_client = utf8mb4 */;
CREATE TABLE `estadisticas_credencialbasedatos` (
  `id` int(11) NOT NULL AUTO_INCREMENT,
  `fecha_creacion` datetime(6) NOT NULL,
  `fecha_actualizacion` datetime(6) NOT NULL,
  `nombre` varchar(100) NOT NULL,
  `contraseña` varchar(100) NOT NULL,
  `usuario` varchar(100) NOT NULL,
  `actualizador_id` int(11) DEFAULT NULL,
  `creador_id` int(11) NOT NULL,
  `puerto` int(10) unsigned NOT NULL,
  `servicio` varchar(200) NOT NULL,
  `activo` tinyint(1) NOT NULL,
  PRIMARY KEY (`id`),
  KEY `estadisticas_credenc_actualizador_id_2947d8b8_fk_auth_user` (`actualizador_id`),
  KEY `estadisticas_credenc_creador_id_52c5d693_fk_auth_user` (`creador_id`),
  CONSTRAINT `estadisticas_credenc_actualizador_id_2947d8b8_fk_auth_user` FOREIGN KEY (`actualizador_id`) REFERENCES `auth_user` (`id`),
  CONSTRAINT `estadisticas_credenc_creador_id_52c5d693_fk_auth_user` FOREIGN KEY (`creador_id`) REFERENCES `auth_user` (`id`)
) ENGINE=InnoDB AUTO_INCREMENT=2 DEFAULT CHARSET=utf8;
/*!40101 SET character_set_client = @saved_cs_client */;

--
-- Dumping data for table `estadisticas_credencialbasedatos`
--

LOCK TABLES `estadisticas_credencialbasedatos` WRITE;
/*!40000 ALTER TABLE `estadisticas_credencialbasedatos` DISABLE KEYS */;
INSERT INTO `estadisticas_credencialbasedatos` VALUES (1,'2019-12-02 14:43:49.062051','2019-12-02 14:43:49.062129','sdmx','Nn$9q!S6n&u^','gcloud_user',NULL,1,3306,'http://35.225.71.210',1);
/*!40000 ALTER TABLE `estadisticas_credencialbasedatos` ENABLE KEYS */;
UNLOCK TABLES;

--
-- Table structure for table `estadisticas_datorespuesta`
--

DROP TABLE IF EXISTS `estadisticas_datorespuesta`;
/*!40101 SET @saved_cs_client     = @@character_set_client */;
/*!50503 SET character_set_client = utf8mb4 */;
CREATE TABLE `estadisticas_datorespuesta` (
  `encuesta_id` varchar(30) NOT NULL,
  `datos_encuesta_json` longtext NOT NULL,
  `fecha_creacion` datetime(6) NOT NULL,
  `fecha_actualizacion` datetime(6) NOT NULL,
  PRIMARY KEY (`encuesta_id`),
  CONSTRAINT `estadisticas_datores_encuesta_id_595f3375_fk_estadisti` FOREIGN KEY (`encuesta_id`) REFERENCES `estadisticas_encuesta` (`encuesta_kobo`)
) ENGINE=InnoDB DEFAULT CHARSET=utf8;
/*!40101 SET character_set_client = @saved_cs_client */;

--
-- Dumping data for table `estadisticas_datorespuesta`
--

LOCK TABLES `estadisticas_datorespuesta` WRITE;
/*!40000 ALTER TABLE `estadisticas_datorespuesta` DISABLE KEYS */;
INSERT INTO `estadisticas_datorespuesta` VALUES ('a8Gd2PoxLfNU6JDjZYbLq8','','2019-07-18 17:30:41.428246','2019-07-18 17:30:41.428276');
/*!40000 ALTER TABLE `estadisticas_datorespuesta` ENABLE KEYS */;
UNLOCK TABLES;

--
-- Table structure for table `estadisticas_encuesta`
--

DROP TABLE IF EXISTS `estadisticas_encuesta`;
/*!40101 SET @saved_cs_client     = @@character_set_client */;
/*!50503 SET character_set_client = utf8mb4 */;
CREATE TABLE `estadisticas_encuesta` (
  `url_encuesta_kobo` varchar(200) NOT NULL,
  `encuesta_kobo` varchar(30) NOT NULL,
  `titulo` varchar(200) NOT NULL,
  `encuesta_json` longtext NOT NULL,
  `fecha_creacion` datetime(6) NOT NULL,
  `fecha_actualizacion` datetime(6) NOT NULL,
  PRIMARY KEY (`url_encuesta_kobo`),
  UNIQUE KEY `encuesta_kobo` (`encuesta_kobo`)
) ENGINE=InnoDB DEFAULT CHARSET=utf8;
/*!40101 SET character_set_client = @saved_cs_client */;

--
-- Dumping data for table `estadisticas_encuesta`
--

LOCK TABLES `estadisticas_encuesta` WRITE;
/*!40000 ALTER TABLE `estadisticas_encuesta` DISABLE KEYS */;
INSERT INTO `estadisticas_encuesta` VALUES ('https://forms.cloud-data.site/#/forms/a8Gd2PoxLfNU6JDjZYbLq8/','a8Gd2PoxLfNU6JDjZYbLq8','Turismo Receptor (Encuesta de prueba)','[{\'url\': \'https://results.cloud-data.site/api/v1/forms/5\', \'formid\': 5, \'metadata\': [{\'url\': \'https://results.cloud-data.site/api/v1/metadata/20\', \'id\': 20, \'xform\': 5, \'data_value\': \'\', \'data_type\': \'data_license\', \'data_file\': None, \'data_file_type\': None, \'file_hash\': None}, {\'url\': \'https://results.cloud-data.site/api/v1/metadata/19\', \'id\': 19, \'xform\': 5, \'data_value\': \'\', \'data_type\': \'form_license\', \'data_file\': None, \'data_file_type\': None, \'file_hash\': None}, {\'url\': \'https://results.cloud-data.site/api/v1/metadata/18\', \'id\': 18, \'xform\': 5, \'data_value\': \'\', \'data_type\': \'source\', \'data_file\': None, \'data_file_type\': None, \'file_hash\': None}, {\'url\': \'https://results.cloud-data.site/api/v1/metadata/17\', \'id\': 17, \'xform\': 5, \'data_value\': \'\', \'data_type\': \'public_link\', \'data_file\': None, \'data_file_type\': None, \'file_hash\': None}], \'owner\': \'https://results.cloud-data.site/api/v1/users/gcato\', \'public\': False, \'public_data\': False, \'require_auth\': False, \'submission_count_for_today\': 0, \'tags\': [], \'title\': \'Turismo Receptor (Encuesta de prueba)\', \'users\': [{\'role\': \'owner\', \'user\': \'gcato\', \'permissions\': [\'add_datadictionary\', \'add_xform\', \'change_datadictionary\', \'change_xform\', \'delete_datadictionary\', \'delete_xform\', \'move_xform\', \'report_xform\', \'transfer_xform\', \'validate_xform\', \'view_xform\']}], \'hash\': \'md5:507570aeddafe92859594f81940807fe\', \'has_kpi_hooks\': False, \'description\': \'Turismo Receptor (Encuesta de prueba)\', \'downloadable\': True, \'allows_sms\': False, \'encrypted\': False, \'sms_id_string\': \'a8Gd2PoxLfNU6JDjZYbLq8\', \'id_string\': \'a8Gd2PoxLfNU6JDjZYbLq8\', \'date_created\': \'2019-04-11T19:18:24.080460Z\', \'date_modified\': \'2019-05-06T14:41:44.414870Z\', \'last_submission_time\': \'2019-05-07T15:17:02.866095Z\', \'uuid\': \'9038923e7a07425c88e2c9e850868f1b\', \'bamboo_dataset\': \'\', \'instances_with_geopoints\': False, \'num_of_submissions\': 2}]','2019-07-18 17:23:55.746667','2019-07-18 17:23:55.746705');
/*!40000 ALTER TABLE `estadisticas_encuesta` ENABLE KEYS */;
UNLOCK TABLES;

--
-- Table structure for table `estadisticas_estadisticas`
--

DROP TABLE IF EXISTS `estadisticas_estadisticas`;
/*!40101 SET @saved_cs_client     = @@character_set_client */;
/*!50503 SET character_set_client = utf8mb4 */;
CREATE TABLE `estadisticas_estadisticas` (
  `id` int(11) NOT NULL AUTO_INCREMENT,
  `fecha_creacion` datetime(6) NOT NULL,
  `fecha_actualizacion` datetime(6) NOT NULL,
  `activo` tinyint(1) NOT NULL,
  `nombre_medicion` varchar(200) NOT NULL,
  `icono_medicion` varchar(100) NOT NULL,
  `icono_estadistica` varchar(100) NOT NULL,
  `slug` varchar(50) NOT NULL,
  `actualizador_id` int(11) DEFAULT NULL,
  `creador_id` int(11) NOT NULL,
  `url_tableau` varchar(200) DEFAULT NULL,
  `infografia` varchar(100) DEFAULT NULL,
  `url_alterna` varchar(200) DEFAULT NULL,
  PRIMARY KEY (`id`),
  KEY `estadisticas_estadis_actualizador_id_b96e21ca_fk_auth_user` (`actualizador_id`),
  KEY `estadisticas_estadisticas_creador_id_dfe65562_fk_auth_user_id` (`creador_id`),
  KEY `estadisticas_estadisticas_slug_b9a3d800` (`slug`),
  CONSTRAINT `estadisticas_estadis_actualizador_id_b96e21ca_fk_auth_user` FOREIGN KEY (`actualizador_id`) REFERENCES `auth_user` (`id`),
  CONSTRAINT `estadisticas_estadisticas_creador_id_dfe65562_fk_auth_user_id` FOREIGN KEY (`creador_id`) REFERENCES `auth_user` (`id`)
) ENGINE=InnoDB AUTO_INCREMENT=7 DEFAULT CHARSET=utf8;
/*!40101 SET character_set_client = @saved_cs_client */;

--
-- Dumping data for table `estadisticas_estadisticas`
--

LOCK TABLES `estadisticas_estadisticas` WRITE;
/*!40000 ALTER TABLE `estadisticas_estadisticas` DISABLE KEYS */;
INSERT INTO `estadisticas_estadisticas` VALUES (1,'2019-04-16 22:45:45.660000','2019-11-05 13:14:57.405189',1,'Turismo Receptor','index/estadisticas/receptor_dc3ngnt.png','index/estadisticas/estadisticas.png','turismo-receptor',1,1,'https://public.tableau.com/shared/58TB42WY6?:display_count=y&:origin=viz_share_link','index/infografia/cda-02.jpg','https://public.tableau.com/views/Turismoreceptor/Historia1?:retry=yes&:display_count=y&:origin=viz_share_link'),(2,'2019-04-20 00:29:12.354000','2019-10-30 16:49:22.008226',1,'Turismo interno y emisor','index/estadisticas/interno-emisor.png','index/estadisticas/estadisticas_Fgb2NlJ.png','turismo-interno-y-emisor',1,1,'https://public.tableau.com/views/Interno-Emisor_15699429466580/Historia1?:display_count=y&publish=yes&:origin=viz_share_link','',NULL),(3,'2019-05-03 21:16:51.518000','2019-11-01 22:30:07.433781',1,'Verificación RNT','index/estadisticas/rnt.png','index/estadisticas/estadisticas_pD2gYW9.png','verificacion-rnt',1,1,'https://public.tableau.com/views/RNT_15726472010600/Dashboard1?:display_count=y&publish=yes&:origin=viz_share_link','',NULL),(4,'2019-05-08 21:01:43.534000','2019-12-09 20:01:02.497745',1,'Turismo sustentable','index/estadisticas/sostenible.png','index/estadisticas/estadisticas_vbMym9j.png','turismo-sustentable',1,1,'https://public.tableau.com/shared/ZB8BJJCJX?:display_count=y&:origin=viz_share_link','','https://public.tableau.com/views/FormatosostenibleMADRE2/Historia1?:display_count=y&:origin=viz_share_link'),(5,'2019-05-08 21:08:20.733000','2019-11-06 19:13:35.129597',1,'Generación de Empleo','index/estadisticas/empleo.png','index/estadisticas/estadisticas_Ww0IOHL.png','generacion-de-empleo',1,1,'https://public.tableau.com/views/Generacindeempleo_15724544620800/Historia1?:display_count=y&publish=yes&:origin=viz_share_link','','https://public.tableau.com/views/Empleo_15730675584480/Historia1?:display_count=y&publish=yes&:origin=viz_share_link'),(6,'2019-05-08 21:09:01.397000','2019-10-30 15:19:42.415556',1,'Oferta Turistica','index/estadisticas/oferta.png','index/estadisticas/estadisticas_AOJyfcP.png','oferta-turistica',1,1,'https://public.tableau.com/views/Ofertaturistca_15699431562170/Historia1?:display_count=y&publish=yes&:origin=viz_share_link','',NULL);
/*!40000 ALTER TABLE `estadisticas_estadisticas` ENABLE KEYS */;
UNLOCK TABLES;

--
-- Table structure for table `estadisticas_estadisticasidioma`
--

DROP TABLE IF EXISTS `estadisticas_estadisticasidioma`;
/*!40101 SET @saved_cs_client     = @@character_set_client */;
/*!50503 SET character_set_client = utf8mb4 */;
CREATE TABLE `estadisticas_estadisticasidioma` (
  `id` int(11) NOT NULL AUTO_INCREMENT,
  `titulo_seccion_estadistica` varchar(200) NOT NULL,
  `nombre_medicion` varchar(200) NOT NULL,
  `descripcion_corta_medicion` varchar(90) NOT NULL,
  `descripcion_medicion` longtext NOT NULL,
  `texto_infografia` varchar(150) NOT NULL,
  `etiqueta_boton_infografia` varchar(150) NOT NULL,
  `titulo_ficha_tecnica` varchar(200) NOT NULL,
  `estadistica_id` int(11) NOT NULL,
  `lenguaje_id` int(11) NOT NULL,
  PRIMARY KEY (`id`),
  UNIQUE KEY `estadisticas_estadistica_lenguaje_id_estadistica__8c1b0e0d_uniq` (`lenguaje_id`,`estadistica_id`),
  KEY `estadisticas_estadis_estadistica_id_b92993c6_fk_estadisti` (`estadistica_id`),
  CONSTRAINT `estadisticas_estadis_estadistica_id_b92993c6_fk_estadisti` FOREIGN KEY (`estadistica_id`) REFERENCES `estadisticas_estadisticas` (`id`),
  CONSTRAINT `estadisticas_estadis_lenguaje_id_ffef3f1c_fk_ubicacion` FOREIGN KEY (`lenguaje_id`) REFERENCES `ubicaciones_lenguaje` (`id`)
) ENGINE=InnoDB AUTO_INCREMENT=13 DEFAULT CHARSET=utf8;
/*!40101 SET character_set_client = @saved_cs_client */;

--
-- Dumping data for table `estadisticas_estadisticasidioma`
--

LOCK TABLES `estadisticas_estadisticasidioma` WRITE;
/*!40000 ALTER TABLE `estadisticas_estadisticasidioma` DISABLE KEYS */;
INSERT INTO `estadisticas_estadisticasidioma` VALUES (1,'Estadísticas del sector turismo','Turismo receptor','Caracterizar los visitantes y los viajes turísticos con recolección de datos mensuales.','<p>Con la medici&oacute;n realizada en el departamento de Cundinamarca, se busca encontrar una informaci&oacute;n confiable, coherente y consistente que brinde la posibilidad a nivel regional de formular pol&iacute;ticas y planes que mejoren el sistema tur&iacute;stico del departamento.</p>','Infografía disponible para esta medición','Ver infografía','FICHA TÉCNICA DE LA MEDICIÓN',1,1),(2,'Estadísticas del sector turismo','Turismo sostenible','Medición del turismo sostenible desde el punto de vista socio-cultural,  económico y  ambi','<p>Evaluar las tendencias de los indicadores socio-demogr&aacute;ficos,Evaluar el nivel de satisfacci&oacute;n de los pobladores con relaci&oacute;n a los beneficios generados por el turismo. Mejoramiento de la calidad de vida, Identificar los factores que han desmejorado la calidad de vida y la conservaci&oacute;n del patrimonio cultural e hist&oacute;rico, Identificar los principales beneficios econ&oacute;micos que genera el turismo, Identificar las acciones adelantadas en el departamento para la conservaci&oacute;n del medio ambiente.</p>','Infografia disponible para esta medición','Ver inforgrafia','FICHA TÉCNICA DE LA MEDICIÓN',4,1),(3,'Estadísticas del sector turismo','Oferta turística','Aplicar un instrumento a una muestra de 489 empresas de la industria turística.','<p>Medir el impacto de la industria tur&iacute;stica en la generaci&oacute;n de empleo en el Cundinamarca con recolecci&oacute;n de datos trimestrales. Se ha definido en el CTET la recolecci&oacute;n de variables m&iacute;nimas mensuales para temas de seguimiento.</p>','Infografia disponible para esta medición','Ver infografía','FICHA TÉCNICA DE LA MEDICIÓN',6,1),(4,'Estadísticas del sector turismo','Generación de empleo','Medir el impacto de la industria turística en la generación de empleo.','<p>Aplicar un instrumento a una muestra de 489 empresas de la industria tur&iacute;stica de CUNDINAMARCA de forma trimestral. El m&eacute;todo de selecci&oacute;n de la muestra se propone estratificado con inclusi&oacute;n forzosa de las empresas m&aacute;s representativas en cada uno de los subsectores de la industria tur&iacute;stica.</p>','Infografia disponible para esta medición','Ver inforgrafia','FICHA TÉCNICA DE LA MEDICIÓN',5,1),(5,'Estadísticas del sector turismo','Turismo interno y emisor','Caracterizar los viajes turísticos de los hogares de los municipios con vocación turística','<p>Cuantificar los flujos de viajeros del Cundinamarca que viajan a los destinos tur&iacute;sticos ubicados al interior del departamento.</p>\r\n\r\n<p>Caracterizar la realizaci&oacute;n de los viajes en funci&oacute;n de aspectos relevantes como tipolog&iacute;a del viajero, motivos, duraci&oacute;n, modalidad de alojamiento, medio de transporte, la forma de organizar el viaje, momento del a&ntilde;o en que se realiza, entre otras variables relevantes.</p>\r\n\r\n<p>Identificar las regiones del Cundinamarca que reciben mayor flujo de turistas locales, identificando los factores relevantes en la selecci&oacute;n final del destino.</p>','Infografia disponible para esta medición','Ver inforgrafia','FICHA TÉCNICA DE LA MEDICIÓN',2,1),(6,'Estadísticas del sector turismo','Verificación RNT','Generar el marco de prestadores de servicios turísticos en el departamento.','<p>Realizar verificaci&oacute;n de prestadores de servicios tur&iacute;sticos en RNT e identificaci&oacute;n de prestadores de servicios tur&iacute;sticos no inscritos en el RNT en dos periodos del a&ntilde;o (principio y final de a&ntilde;o seg&uacute;n se acuerde en el CTET).</p>','Infografia disponible para esta medición','Ver inforgrafia','FICHA TÉCNICA DE LA MEDICIÓN',3,1),(7,'Statistics of the tourism sector','Touristic offer','Apply an instrument to a sample of 489 companies in the tourism industry.','<p>Measure the impact of the tourism industry on job creation in Cundinamarca with quarterly data collection. The collection of minimum monthly variables for follow-up issues has been defined in the CTET.</p>','Infographics available','Go to infographic','TECHNICAL DATA SHEET',6,2),(8,'Statistics of the tourism sector','Job generation','Measure the impact of the tourism industry on job creation.','<p>Apply an instrument to a sample of 489 companies in the tourism industry of CUNDINAMARCA on a quarterly basis. The sample selection method is proposed stratified with forced inclusion of the most representative companies in each of the subsectors of the tourism industry.</p>','Infographics available','Go to infographic','TECHNICAL DATA SHEET',5,2),(9,'Statistics of the tourism sector','Sustainable tourism','Measurement of sustainable tourism from a socio-cultural, economic and environmental point','<p>Evaluate the trends of socio-demographic indicators, Evaluate the level of satisfaction of the population in relation to the benefits generated by tourism. Improving the quality of life, Identify the factors that have impaired the quality of life and the conservation of cultural and historical heritage, Identify the main economic benefits generated by tourism, Identify the actions taken in the department for environmental conservation.</p>','Infographics available','Go to infographic','TECHNICAL DATA SHEET',4,2),(10,'Statistics of the tourism sector','RNT Verification','Generate the framework of tourism service providers in the department.','<p>Perform verification of tourism service providers in RNT and identification of tourism service providers not enrolled in the RNT in two periods of the year (beginning and end of the year as agreed in the CTET).</p>','Infographics available','Go to infographic','TECHNICAL DATA SHEET',3,2),(11,'Statistics of the tourism sector','Domestic tourism and Outbound','Characterize the tourist trips of the homes of the municipalities with tourist vocation','<p>Quantify the flows of travelers from Cundinamarca who travel to tourist destinations located within the department.</p>\r\n\r\n<p>Characterize the realization of the trips based on relevant aspects such as typology of the traveler, reasons, duration, type of accommodation, means of transport, the way of organizing the trip, time of the year in which it is carried out, among other relevant variables.</p>\r\n\r\n<p>Identify the regions of Cundinamarca that receive the greatest flow of local tourists, identifying the relevant factors in the final selection of the destination.</p>','Infographics available','Go to infographic','TECHNICAL DATA SHEET',2,2),(12,'Statistics of the tourism sector','Tourism Receiver','Characterize visitors and tourist trips with the collection of monthly data.','<p>With the measurement made in the department of Cundinamarca, it is sought to find reliable, coherent and consistent information that offers the possibility at the regional level to formulate policies and plans that improve the tourism system of the department.</p>','Infographics available','Go to infographic','TECHNICAL DATA SHEET',1,2);
/*!40000 ALTER TABLE `estadisticas_estadisticasidioma` ENABLE KEYS */;
UNLOCK TABLES;

--
-- Table structure for table `estadisticas_fichatecnicaidioma`
--

DROP TABLE IF EXISTS `estadisticas_fichatecnicaidioma`;
/*!40101 SET @saved_cs_client     = @@character_set_client */;
/*!50503 SET character_set_client = utf8mb4 */;
CREATE TABLE `estadisticas_fichatecnicaidioma` (
  `id` int(11) NOT NULL AUTO_INCREMENT,
  `contenido_ficha_tecnica` longtext NOT NULL,
  `tamano_muestra_titulo` varchar(200) NOT NULL,
  `tamano_muestra_descripcion` varchar(25) NOT NULL,
  `periodicidad_titulo` varchar(100) NOT NULL,
  `periodicidad_descripcion` varchar(100) NOT NULL,
  `nivel_confiabilidad_titulo` varchar(100) NOT NULL,
  `nivel_confiabilidad_descripcion` varchar(25) NOT NULL,
  `error_porcentual_titulo` varchar(100) NOT NULL,
  `error_porcentual_descripcion` varchar(25) NOT NULL,
  `estadistica_idioma_id` int(11) NOT NULL,
  `segmento_id` int(11) DEFAULT NULL,
  PRIMARY KEY (`id`),
  UNIQUE KEY `estadisticas_fichatecnic_segmento_id_estadistica__3f686843_uniq` (`segmento_id`,`estadistica_idioma_id`),
  KEY `estadisticas_fichate_estadistica_idioma_i_c13f4262_fk_estadisti` (`estadistica_idioma_id`),
  CONSTRAINT `estadisticas_fichate_estadistica_idioma_i_c13f4262_fk_estadisti` FOREIGN KEY (`estadistica_idioma_id`) REFERENCES `estadisticas_estadisticasidioma` (`id`),
  CONSTRAINT `estadisticas_fichate_segmento_id_e917d723_fk_estadisti` FOREIGN KEY (`segmento_id`) REFERENCES `estadisticas_segmentosfichatecnica` (`id`)
) ENGINE=InnoDB AUTO_INCREMENT=17 DEFAULT CHARSET=utf8;
/*!40101 SET character_set_client = @saved_cs_client */;

--
-- Dumping data for table `estadisticas_fichatecnicaidioma`
--

LOCK TABLES `estadisticas_fichatecnicaidioma` WRITE;
/*!40000 ALTER TABLE `estadisticas_fichatecnicaidioma` DISABLE KEYS */;
INSERT INTO `estadisticas_fichatecnicaidioma` VALUES (1,'<p><strong>Poblaci&oacute;n objetivo:</strong>&nbsp;Grupos de viajeros que llegan a Cundinamara de Bogota, otros departamentos y el Exterior.</p>\r\n\r\n<p><strong>Tipo de muestreo:&nbsp;</strong>No probabilistico.</p>\r\n\r\n<p><strong>Forma de recolecci&oacute;n de informaci&oacute;n:&nbsp;</strong>La selecci&oacute;n de los encuestados se realizar&aacute; al azar ajustado a las condiciones de las poblaciones de estudio dado que es un muestreo no probabil&iacute;stico.</p>\r\n\r\n<p><strong>Realizada por:&nbsp;</strong>Instituto de Cultura y Turismo de Cundinamarca.</p>','Tamaño de muestra','400','Periodicidad','Mensual','Nivel confiabilidad','N/A','Error ponderado','N/A',1,1),(2,'<p><strong>Poblaci&oacute;n objetivo:&nbsp;</strong>Grupos de viajeros que llegan a Cundinamara de Bogota, otros departamentos y el Exterior.</p>\r\n\r\n<p><strong>Tipo de muestreo:&nbsp;</strong>No probabilistico.</p>\r\n\r\n<p><strong>Forma de recolecci&oacute;n de informaci&oacute;n:</strong>&nbsp;La selecci&oacute;n de los encuestados se realizar&aacute; al azar ajustado a las condiciones de las poblaciones de estudio dado que es un muestreo no probabil&iacute;stico.</p>\r\n\r\n<p><strong>Realizada por:&nbsp;</strong>Instituto de Cultura y Turismo de Cundinamarca.</p>','Tamaño de muestra','608 grupos de viajeros','Periodicidad','Anual','Nivel de confiabilidad','N/A','Error ponderado','N/A',2,1),(3,'<p><strong>Poblaci&oacute;n objetivo: </strong>Todos los prestadores de servicios turisticos de Cundinamarca con RNT actualizado o pendiente por actualizar</p>\r\n\r\n<p><strong>Tipo de muestreo:&nbsp;</strong>Barrido de campo en forma censal.</p>\r\n\r\n<p><strong>Forma de recolecci&oacute;n de informaci&oacute;n: </strong>Barrido de campo en forma censal.</p>\r\n\r\n<p><strong>Realizada por:&nbsp;</strong>Instituto de Cultura y Turismo de Cundinamarca.</p>','Tamaño de muestra','N/A','Periodicidad','Temporada baja y temporada alta.','Nivel de confiabilidad','N/A','Error ponderado','N/A',6,3),(4,'<p><strong>Poblaci&oacute;n objetivo:</strong>&nbsp;Medici&oacute;n del turismo sostenible desde el punto de vista socio-cultural, econ&oacute;mico y ambiental para Hogares.</p>\r\n\r\n<p><strong>Tipo de muestreo:&nbsp;</strong>Muestreo Estratificado.</p>\r\n\r\n<p><strong>Forma de recolecci&oacute;n de informaci&oacute;n:</strong>&nbsp;Recolecci&oacute;n en fisico mediante distribuci&oacute;n arrojada por el muestreo estratificado.</p>\r\n\r\n<p><strong>Realizada por:&nbsp;</strong>Instituto de Cultura y Turismo de Cundinamarca.</p>','Tamaño de muestra','384','Periodicidad','Anual','Nivel de confiabilidad','95%','Error ponderado','5%',2,2),(5,'<p><strong>Target population: </strong>Groups of travelers arriving in Cundinamara de Bogota, other departments and abroad.</p>\r\n\r\n<p><strong>Type of sampling: </strong>Not probabilistic.</p>\r\n\r\n<p><strong>Information collection method: </strong>The selection of respondents will be carried out randomly adjusted to the conditions of the study populations since it is a non-probabilistic sampling.</p>\r\n\r\n<p><strong>Made by:</strong> Institute of Culture and Tourism of Cundinamarca.</p>','Sample size','608 groups of travelers','Periodicity','Annual','Reliability level','95%','Weighted error','5%',9,1),(6,'<p><strong>Target population:</strong> Groups of travelers arriving in Cundinamara de Bogota, other departments and abroad.</p>\r\n\r\n<p><strong>Type of sampling:</strong> Not probabilistic.</p>\r\n\r\n<p><strong>Information collection method:</strong> The selection of respondents will be carried out randomly adjusted to the conditions of the study populations since it is a non-probabilistic sampling.</p>\r\n\r\n<p><strong>Made by: </strong>Institute of Culture and Tourism of Cundinamarca.</p>','Sample size','400','Periodicity','Monthly','Level of reliability','N/A','Weighted error','N/A',12,1),(7,'<p><strong>Poblaci&oacute;n objetivo:</strong>&nbsp;Viajeros de Cundinamarca que viajan a destinos turisticos al interior del departamento y otros paises en el mundo.</p>\r\n\r\n<p><strong>Tipo de muestreo:&nbsp;</strong>Muestreo Estratificado.</p>\r\n\r\n<p><strong>Forma de recolecci&oacute;n de informaci&oacute;n:&nbsp;</strong>La recolecci&oacute;n de los datos se hace inicialmente con una encuesta mediante una entrevista presencial y/o posteriormente una electr&oacute;nica que puede ser aplicada mediante entrevista telef&oacute;nica.</p>\r\n\r\n<p><strong>Realizada por:&nbsp;</strong>Instituto de Cultura y Turismo de Cundinamarca.</p>','Tamaño de muestra','1.152 hogares','Temporada','Diciembre-Enero. Semana Santa, Junio-Julio','Nivel de confiabilidad','95%','Error ponderado','5%',5,1),(8,'<p><strong>Target population:</strong> Cundinamarca travelers traveling to tourist destinations within the department and other countries in the world.</p>\r\n\r\n<p><strong>Type of sampling: </strong>Stratified sampling.</p>\r\n\r\n<p><strong>Information collection method: </strong>Data collection is initially done with a survey through a face-to-face interview and / or later an electronic that can be applied by telephone interview.</p>\r\n\r\n<p><strong>Made by:</strong> Institute of Culture and Tourism of Cundinamarca.</p>','Sample size','1.152 hogares','Season','December January. Holy Week, June-July','Level of reliability','95%','Weighted error','5%',11,1),(9,'<p><strong>Poblaci&oacute;n objetivo:</strong>&nbsp;Aplicar un instrumento a una muestra de 489 empresas de la industria tur&iacute;stica de CUNDINAMARCA de forma Anual.</p>\r\n\r\n<p><strong>Tipo de muestreo: </strong>Selecci&oacute;n de la muestra proporcional al tama&ntilde;o estratificado por categoria con inclusi&oacute;n forzosa de las empresas m&aacute;s representativas en cada uno de los subsectores de la industria tur&iacute;stica.</p>\r\n\r\n<p><strong>Forma de recolecci&oacute;n de informaci&oacute;n:</strong>&nbsp;Se recolecta la informaci&oacute;n mediante la distribuci&oacute;n dada en el muestreo estratificado ppt por categoria y por municipio (presencial).</p>\r\n\r\n<p><strong>Realizada por:&nbsp;</strong>Instituto de Cultura y Turismo de Cundinamarca.</p>','Tamaño de muestra','489 empresas','Periodicidad','Anual','Nivel de confiabilidad','95%','Error ponderado','5%',2,3),(10,'<p>&nbsp;</p>\r\n\r\n<p><strong>Target population:</strong> Measurement of sustainable tourism from the socio-cultural, economic and environmental point of view for Households.</p>\r\n\r\n<p><strong>Type of sampling: </strong>Stratified sampling.</p>\r\n\r\n<p><strong>Information collection form: </strong>Collection in physical by distribution thrown by stratified sampling.</p>\r\n\r\n<p><strong>Made by:</strong> Institute of Culture and Tourism of Cundinamarca.</p>','Sample size','384','Periodicity','Annual','Level of reliability','95%','Weighted error','5%',9,2),(11,'<p>&nbsp;</p>\r\n\r\n<p><strong>Target population: </strong>Apply an instrument to a sample of 489 companies of the CUNDINAMARCA tourism industry on an annual basis.</p>\r\n\r\n<p><strong>Type of sampling: </strong>Selection of the sample proportional to the size stratified by category with forced inclusion of the most representative companies in each of the subsectors of the tourism industry.</p>\r\n\r\n<p><strong>Information collection method:</strong> Information is collected through the distribution given in the ppt stratified sampling by category and by municipality (in person).</p>\r\n\r\n<p><strong>Made by:</strong> Institute of Culture and Tourism of Cundinamarca.</p>','Sample size','489 companies','Periodicity','Annual','Level of reliability','95%','Weighted error','5%',9,3),(12,'<p><strong>Poblaci&oacute;n objetivo:&nbsp;</strong>Empresas de la Industria del Turismo en Cundinamarca.</p>\r\n\r\n<p><strong>Tipo de muestreo:&nbsp;</strong>Muestreo estratificado con inclusi&oacute;n forzosa.</p>\r\n\r\n<p><strong>Forma de recolecci&oacute;n de informaci&oacute;n:</strong>&nbsp;Se recolecta la informaci&oacute;n mediante la distribuci&oacute;n dada en el muestreo ppt estratificado por categoria y por municipio (presencial).</p>\r\n\r\n<p><strong>Realizada por:&nbsp;</strong>Instituto de Cultura y Turismo de Cundinamarca.</p>','Tamaño de muestra','489 empresas','Periodicidad','Trimestral','Nivel de confiabilidad','95%','Error ponderado','5%',3,3),(13,'<p>&nbsp;</p>\r\n\r\n<p><strong>Target population:</strong> Tourism Industry Companies in Cundinamarca.</p>\r\n\r\n<p><strong>Type of sampling: </strong>Stratified sampling with forced inclusion.</p>\r\n\r\n<p><strong>Information collection form:</strong> The information is collected through the distribution given in the ppt sampling stratified by category and by municipality (face-to-face).</p>\r\n\r\n<p><strong>Made by:</strong> Institute of Culture and Tourism of Cundinamarca.</p>','Sample size','489 companies','Periodicity','Quarterly','Level of reliability','95%','Weighted error','5%',7,3),(14,'<p><strong>Poblaci&oacute;n objetivo: </strong>Empresas de la Industria turistica de Cundinamarca</p>\r\n\r\n<p><strong>Tipo de muestreo:&nbsp;</strong>Estratificado con inclusi&oacute;n forzosa.</p>\r\n\r\n<p><strong>Forma de recolecci&oacute;n de informaci&oacute;n: </strong>Se recolecta la informaci&oacute;n mediante la distribuci&oacute;n dada en el muestreo ppt estratificado por categoria y por municipio (presencial).</p>\r\n\r\n<p><strong>Realizada por:&nbsp;</strong>Instituto de Cultura y Turismo de Cundinamarca.</p>','Tamaño de muestra','489 empresas','Periodicidad','Trimestral','Nivel de confiabilidad','95%','Error ponderado','5%',4,3),(15,'<p><strong>Target population:</strong> Tourism Industry Companies of Cundinamarca.</p>\r\n\r\n<p><strong>Type of sampling: </strong>Stratified with forced inclusion.</p>\r\n\r\n<p><strong>Information collection form: </strong>The information is collected through the distribution given in the ppt sampling stratified by category and by municipality (face-to-face).</p>\r\n\r\n<p><strong>Made by:</strong> Institute of Culture and Tourism of Cundinamarca.</p>','Sample size','489 companies','Periodicity','Quarterly','Level of reliability','95%','Weighted error','5%',8,3),(16,'<p><strong>Target population: </strong>All tourism service providers in Cundinamarca with updated or pending RNT updates</p>\r\n\r\n<p><strong>Type of sampling: </strong>Field scan in census form.</p>\r\n\r\n<p><strong>Information collection form:</strong> Field scan in census form.</p>\r\n\r\n<p><strong>Made by: </strong>Institute of Culture and Tourism of Cundinamarca.</p>','Sample size','N/A','Periodicity','Low season and high season.','Level of reliability','N/A','Weighted error','N/A',10,3);
/*!40000 ALTER TABLE `estadisticas_fichatecnicaidioma` ENABLE KEYS */;
UNLOCK TABLES;

--
-- Table structure for table `estadisticas_grupo`
--

DROP TABLE IF EXISTS `estadisticas_grupo`;
/*!40101 SET @saved_cs_client     = @@character_set_client */;
/*!50503 SET character_set_client = utf8mb4 */;
CREATE TABLE `estadisticas_grupo` (
  `id` int(11) NOT NULL AUTO_INCREMENT,
  `titulo` varchar(200) NOT NULL,
  `encuesta_id` varchar(200) NOT NULL,
  PRIMARY KEY (`id`),
  KEY `estadisticas_grupo_encuesta_id_eab1b634_fk_estadisti` (`encuesta_id`),
  CONSTRAINT `estadisticas_grupo_encuesta_id_eab1b634_fk_estadisti` FOREIGN KEY (`encuesta_id`) REFERENCES `estadisticas_encuesta` (`url_encuesta_kobo`)
) ENGINE=InnoDB AUTO_INCREMENT=11 DEFAULT CHARSET=utf8;
/*!40101 SET character_set_client = @saved_cs_client */;

--
-- Dumping data for table `estadisticas_grupo`
--

LOCK TABLES `estadisticas_grupo` WRITE;
/*!40000 ALTER TABLE `estadisticas_grupo` DISABLE KEYS */;
INSERT INTO `estadisticas_grupo` VALUES (1,'DATOS ADMINISTRATIVOS','https://forms.cloud-data.site/#/forms/a8Gd2PoxLfNU6JDjZYbLq8/'),(2,'A. CARACTERÍSTICAS DEL VISITANTE','https://forms.cloud-data.site/#/forms/a8Gd2PoxLfNU6JDjZYbLq8/'),(3,'B. DURACIÓN DE LA ESTANCIA Y LUGARES VISITADOS','https://forms.cloud-data.site/#/forms/a8Gd2PoxLfNU6JDjZYbLq8/'),(4,'C. TRANSPORTE UTILIZADO','https://forms.cloud-data.site/#/forms/a8Gd2PoxLfNU6JDjZYbLq8/'),(5,'D. VIAJE EN GRUPO','https://forms.cloud-data.site/#/forms/a8Gd2PoxLfNU6JDjZYbLq8/'),(6,'E. GASTOS DE PREPARACIÓN Y DURANTE EL VIAJE','https://forms.cloud-data.site/#/forms/a8Gd2PoxLfNU6JDjZYbLq8/'),(7,'F. PERCEPCIÓN DEL VIAJE A CUNDINAMARCA','https://forms.cloud-data.site/#/forms/a8Gd2PoxLfNU6JDjZYbLq8/'),(8,'G. CÓMO SE ENTERAN LOS VISITANTES SOBRE CUNDINAMARCA','https://forms.cloud-data.site/#/forms/a8Gd2PoxLfNU6JDjZYbLq8/'),(9,'H. MARCA CALIDAD TURÍSTICA','https://forms.cloud-data.site/#/forms/a8Gd2PoxLfNU6JDjZYbLq8/'),(10,'PROTECCIÓN DE DATOS','https://forms.cloud-data.site/#/forms/a8Gd2PoxLfNU6JDjZYbLq8/');
/*!40000 ALTER TABLE `estadisticas_grupo` ENABLE KEYS */;
UNLOCK TABLES;

--
-- Table structure for table `estadisticas_pregunta`
--

DROP TABLE IF EXISTS `estadisticas_pregunta`;
/*!40101 SET @saved_cs_client     = @@character_set_client */;
/*!50503 SET character_set_client = utf8mb4 */;
CREATE TABLE `estadisticas_pregunta` (
  `id` int(11) NOT NULL AUTO_INCREMENT,
  `tipo_pregunta` longtext NOT NULL,
  `id_mincit` varchar(100) NOT NULL,
  `nombre` longtext NOT NULL,
  `grupo_id` int(11) NOT NULL,
  PRIMARY KEY (`id`),
  UNIQUE KEY `estadisticas_pregunta_id_mincit_grupo_id_b5885efe_uniq` (`id_mincit`,`grupo_id`),
  KEY `estadisticas_pregunta_grupo_id_d3689cb6_fk_estadisticas_grupo_id` (`grupo_id`),
  CONSTRAINT `estadisticas_pregunta_grupo_id_d3689cb6_fk_estadisticas_grupo_id` FOREIGN KEY (`grupo_id`) REFERENCES `estadisticas_grupo` (`id`)
) ENGINE=InnoDB AUTO_INCREMENT=181 DEFAULT CHARSET=utf8;
/*!40101 SET character_set_client = @saved_cs_client */;

--
-- Dumping data for table `estadisticas_pregunta`
--

LOCK TABLES `estadisticas_pregunta` WRITE;
/*!40000 ALTER TABLE `estadisticas_pregunta` DISABLE KEYS */;
INSERT INTO `estadisticas_pregunta` VALUES (1,'text','CE','CE',1),(2,'text','X_8','CG',1),(3,'text','X_7','EN',1),(4,'date','X_2','Fecha de la encuesta',1),(5,'time','X_3','Hora de inicio',1),(6,'select one','X_4','Formato Hora',1),(7,'text','X_30','Nombre del encuestado',1),(8,'select one','X_28','Género',1),(9,'text','direccion','Dirección',1),(10,'select one','X_5','Lugar de la encuesta',1),(11,'integer','X_34','Celular',1),(12,'integer','X_35','Teléfono',1),(13,'text','X_32','E-mail',1),(14,'date','X_18','A1. Fecha de llegada a cundinamarca',2),(15,'date','X_19','A2. Fecha de salida de cundinamarca',2),(16,'select one','X_22','A3.2 Pais de residencia',2),(17,'select one','X_21','A3.1 Departamento/Estado',2),(18,'select one','X_20','A3. Ciudad o municipio de residencia (Cundinamarca)',2),(19,'select one','X_23','A4. ¿Cuál fue el motivo principal para venir a Cundinamarca?',2),(20,'integer','X_24','A4. 3.1 ¿Cuántas horas duró la parada más larga en Cundinamarca?',2),(21,'select one','X_25','A4. 5.1 La finalidad del servicio médico es:',2),(22,'text','X_26','A4. 17.1 Otro motivo. ¿Cuál?',2),(23,'select one','X_27','A5. ¿En dónde nació?',2),(24,'integer','X_29','A6. Edad',2),(25,'select one','X_49','B1. ¿Cuántas noches paso en Cundinamarca?',3),(26,'integer','otro_cual_b1','B1. Otro, ¿Cuál?',3),(27,'select one','X_50','B2. ¿Cuántos municipios visitó desde el momento que llego a Cundinamarca hasta su partida?',3),(28,'select one','X_51','B3.1 Municipio 1',3),(29,'integer','X_52','B3.1.1 Número de noches',3),(30,'select one','X_53','B3.1.2 Tipo de alojamiento',3),(31,'text','X_54','B3.1.2 Otro, ¿Cuál?',3),(32,'select one','X_55','B3.2 Municipio 2',3),(33,'integer','X_56','B3.2.1 Número de noches',3),(34,'select one','X_57','B3.2.2 Tipo de alojamiento',3),(35,'text','X_58','B3.2.2 Otro, ¿Cuál?',3),(36,'select one','X_59','B3.3 Municipio 3',3),(37,'integer','X_60','B3.3.1 Número de noches',3),(38,'select one','X_61','B3.3.2 Tipo de alojamiento',3),(39,'text','X_62','B3.3.2 Otro, ¿Cuál?',3),(40,'select one','X_63','B3.4 Municipio 4',3),(41,'integer','X_64','B3.4.1 Número de noches',3),(42,'select one','X_65','B3.4.2 Tipo de alojamiento',3),(43,'text','X_66','B3.4.2 Otro, ¿Cuál?',3),(44,'select one','X_67','B3.5 Municipio 5',3),(45,'integer','X_68','B3.5.1 Número de noches',3),(46,'select one','X_69','B3.5.2 Tipo de alojamiento',3),(47,'text','X_70','B3.5.2 Otro, ¿Cuál?',3),(48,'select one','X_71','B3.6 Municipio 6',3),(49,'integer','X_72','B3.6.1 Número de noches',3),(50,'select one','X_73','B3.6.2 Tipo de alojamiento',3),(51,'text','X_74','B3.6.2 Otro, ¿Cuál?',3),(52,'select one','X_75','B3.7 Municipio 7',3),(53,'integer','X_76','B3.7.1 Número de noches',3),(54,'select one','X_77','B3.7.2 Tipo de alojamiento',3),(55,'text','X_78','B3.7.2 Otro, ¿Cuál?',3),(56,'text','X_79','B4. De los municipios visitados, ¿Cuál fué el destino principal del viaje a Cundinamarca?',3),(57,'group','actividades_realizadas_cund','B5. ¿Qué actividades realizó en Cundinamarca?',3),(58,'group','b5_4_1_otros_cuales_001','B5. 4.1 ¿Cuáles?',3),(59,'group','b5_5_1_cuales','B5. 5.1 ¿Cuáles?',3),(60,'group','b5_6_1_otros_cuales_001','B5. 6.1 ¿Cuáles?',3),(61,'group','b5_8_1_otros_cuales_001','B5. 8.1 ¿Cuáles?',3),(62,'group','b5_10_1_otros_cuales_001','B5. 10.1 ¿Cuáles?',3),(63,'select one','X_162','C1. ¿Qué tipo de transporte utilizó para llegar a Cundinamarca (Seleccione unicamente en el que recorrió más distancia)',4),(64,'select one','X_163','C2. ¿Cuál fue el transporte que utilizó la mayor parte del tiempo para desplazarse por Cundinamarca',4),(65,'select one','C3_dificultad_para_llegar_a_cu','C3. En una escala de 1 a 10, donde 1 es Ninguna dificultad y 10 Mucha dificultad. ¿Qué tanta dificultad tuvo para llegar a Cundinamarca?',4),(66,'integer','X_164','D1. ¿Cuántas personas incluyéndose usted, realizaron el viaje desde la llegada hasta la salida de Cundinamarca?',5),(67,'group','D2_las_personas_ant_mencionad','D2. Las personas anteriormente mencionadas son:',5),(68,'select one','X_180','E1. ¿El viaje a Cundinamarca hizo parte de un paquete/plan tuístico o de excursión?',6),(69,'group','e_1_1_otras_cuidades','E1.1 ¿Qué otras ciudades/municipios fuera de Cundinamarca incluyó el paquete/plan turístico?',6),(70,'integer','X_192','E2. ¿Cuánto pago por el paquete turístico o excursión?',6),(71,'integer','X_193','E2.1 ¿A cuántas personas cubrió?',6),(72,'select one','X_194','E3. El paquete/plan turístico o excursión fue comprado a:',6),(73,'select one','X_195','E3.1 ¿En dónde está ubicada la agencia de viajes/operador turístico?',6),(74,'group','group_hs8ok33','E4. ¿Qué productos y servicios incluía el paquete turístico o excursión?',6),(75,'group','gastos_pre_pos','E5. Seleccione los gastos que realizó antes y durante su viaje a Cundinamarca.',6),(76,'acknowledge','X_266','E6 - 99. Gastos pagados por otra persona u organización.',6),(77,'integer','X_213','E5.1 - 1 ¿Cuánto gastó?',6),(78,'select one','X_214','E5.1.1 - 1 Moneda',6),(79,'integer','X_215','E5.2 - 1 ¿Cuántas personas cubrió?',6),(80,'acknowledge','X_267','E6 - 1 . Gastos pagados por otra persona u organización.',6),(81,'integer','X_217','E5.1 - 2 ¿Cuánto gastó?',6),(82,'integer','X_218','E5.2 - 2 ¿Cuántas personas cubrió?',6),(83,'acknowledge','X_268','E6 - 2 . Gastos pagados por otra persona u organización.',6),(84,'integer','X_220','E5.1 - 3 ¿Cuánto gastó?',6),(85,'integer','X_221','E5.2 - 3 ¿Cuántas personas cubrió?',6),(86,'acknowledge','X_269','E6 - 3. Gastos pagados por otra persona u organización.',6),(87,'integer','X_223','E5.1 - 4 ¿Cuánto gastó?',6),(88,'integer','X_224','E5.2 - 4 ¿Cuántas personas cubrió?',6),(89,'acknowledge','X_270','E6 - 4 . Gastos pagados por otra persona u organización.',6),(90,'integer','X_226','E5.1 - 5 ¿Cuánto gastó?',6),(91,'integer','X_227','E5.2 - 5 ¿Cuántas personas cubrió?',6),(92,'acknowledge','X_271','E6 - 5 . Gastos pagados por otra persona u organización.',6),(93,'integer','X_229','E5.1 - 6 ¿Cuánto gastó?',6),(94,'integer','X_230','E5.2 - 6 ¿Cuántas personas cubrió?',6),(95,'acknowledge','X_272','E6 - 6. Gastos pagados por otra persona u organización.',6),(96,'integer','X_232','E5.1 - 7 ¿Cuánto gastó?',6),(97,'integer','X_233','E5.2 - 7 ¿Cuántas personas cubrió?',6),(98,'acknowledge','X_273','E6 - 7. Gastos pagados por otra persona u organización.',6),(99,'integer','X_235','E5.1 - 8 ¿Cuánto gastó?',6),(100,'integer','X_236','E5.2 - 8 ¿Cuántas personas cubrió?',6),(101,'acknowledge','X_274','E6 - 8. Gastos pagados por otra persona u organización.',6),(102,'integer','X_238','E5.1 - 9 ¿Cuánto gastó?',6),(103,'integer','X_239','E5.2 - 9 ¿Cuántas personas cubrió?',6),(104,'acknowledge','X_275','E6 - 9. Gastos pagados por otra persona u organización.',6),(105,'integer','X_241','E5.1 - 10 ¿Cuánto gastó?',6),(106,'integer','X_242','E5.2 - 10 ¿Cuántas personas cubrió?',6),(107,'acknowledge','X_276','E6 - 10. Gastos pagados por otra persona u organización.',6),(108,'integer','X_244','E5.1 - 11 ¿Cuánto gastó?',6),(109,'integer','X_245','E5.2 - 11 ¿Cuántas personas cubrió?',6),(110,'acknowledge','X_277','E6 - 11. Gastos pagados por otra persona u organización.',6),(111,'integer','X_247','E5.1 - 12 ¿Cuánto gastó?',6),(112,'integer','X_248','E5.2 - 12 ¿Cuántas personas cubrió?',6),(113,'acknowledge','X_278','E6 - 12. Gastos pagados por otra persona u organización.',6),(114,'integer','X_250','E5.1 - 13 ¿Cuánto gastó?',6),(115,'integer','X_251','E5.2 - 13 ¿Cuántas personas cubrió?',6),(116,'acknowledge','X_279','E6 - 13. Gastos pagados por otra persona u organización.',6),(117,'integer','X_253','E5.1 - 14 ¿Cuánto gastó?',6),(118,'integer','X_254','E5.2 - 14 ¿Cuántas personas cubrió?',6),(119,'acknowledge','X_280','E6 - 14 .Gastos pagados por otra persona u organización.',6),(120,'integer','X_256','E5.1 - 15 ¿Cuánto gastó?',6),(121,'integer','X_257','E5.2 - 15 ¿Cuántas personas cubrió?',6),(122,'acknowledge','X_281','E6 - 15. Gastos pagados por otra persona u organización.',6),(123,'integer','X_264','E5.1 - Otros, ¿Cuáles? - ¿Cuánto gastó?',6),(124,'integer','X_265','E5.2 - Otros, ¿Cuáles? ¿Cuántas personas cubrió?',6),(125,'acknowledge','X_282','E6 - Otros, ¿Cuáles?. Gastos pagados por otra persona u organización.',6),(126,'select one','X_288','E7. ¿Cuál es el nombre de la empresa de transporte terrestre de pasajeros utilizado desde una ciudad de Colombia a Cundinamarca?',6),(127,'select one','X_289','E8. El Alquiler del vehículo fue realizado en:',6),(128,'select one','X_290','E9. En dónde fue realizado el mayor gasto de productos como ropa, calzado, implementos deportivos, artesanías etc. (bienes duraderos) antes y durante el viaje a Cundinamarca:',6),(129,'group','gastos_personas_en_el_viaje','E10. Los gastos de las personas que conformaron el grupo de viaje fueron pagados por:',6),(130,'select one','X_307','F1. Alojamiento',7),(131,'select one','X_308','F1. Si - 1. Estado del edificio',7),(132,'select one','X_309','F1. Si - 2. Estado de los muebles',7),(133,'select one','X_310','F1. Si - 3. Estado sabana-toallas',7),(134,'select one','X_311','F1. Si - 4. Higiene y limpieza',7),(135,'select one','X_312','F1. Si - 5. Trato del personal',7),(136,'select one','X_313','F1. Si - 6. Servicio de comidas',7),(137,'select one','X_314','F1. Si - 7. Precios de alojamiento',7),(138,'select one','X_315','F2. Restaurantes',7),(139,'select one','X_316','F2. Si - 8. Sabor de los platos servidos',7),(140,'select one','X_317','F2. Si - 9. Variedad de la oferta gastronómica',7),(141,'select one','X_318','F2. Si - 10. Trato del personal',7),(142,'select one','X_319','F2. Si - 11. Higiene y limpieza',7),(143,'select one','X_320','F2. Si - 12. Precios de los platos',7),(144,'select one','F3_factores_ambientales','F3. Factores ambientales',7),(145,'select one','X_321','F3. Si - 13. Limpieza y aseo en los municipios',7),(146,'select one','X_322','F3. Si - 14. Limpieza y conservación de los lugares visitados (parques naturales, parques temáticos, etc.)',7),(147,'select one','X_379','F3. Si - 15. Calidad agua potable',7),(148,'select one','f4_ocio_recreacion','F4. Ocio y recreación',7),(149,'select one','X_324','F4. Si - 16. Actividades culturales',7),(150,'select one','X_325','F4. Si - 17. Actividades deportivas',7),(151,'select one','X_326','F4. Si - 18. Parques',7),(152,'select one','X_327','F4. Si - 19. Discotecas, bares o casinos',7),(153,'select one','f5_infraestructura','F5. Infraestructura',7),(154,'select one','X_328','F5. Si - 20. Estado de las carreteras',7),(155,'select one','X_329','F5. Si - 21. Transporte local',7),(156,'select one','X_330','F5. Si - 22. Seguridad',7),(157,'group','F6_actividades_conservacion_me','F6. ¿Realizó alguna de las siguientes actividades para ayudar a la conservación del medio ambiente en Cundinamarca?',7),(158,'select one','T_387','F7. ¿Fue informado sobre las normas y cuidados que debe tener el visitante con la flora y fauna de Cundinamarca? (ESTO HAY Q REVISAR - SE OMITE)',7),(159,'select one','X_331','F8. ¿Qué recomendaría para lograr atraer más visitantes a Cundinamarca? (Resalte en detalle aspectos que realmente le disgustaron)',7),(160,'select one','X_332','F8 - 1. ¿Qué recomendaría para lograr atraer más visitantes a Cundinamarca? (Resalte en detalle aspectos que realmente le disgustaron)',7),(161,'select one','X_333','F8 - 2. ¿Qué recomendaría para lograr atraer más visitantes a Cundinamarca? (Resalte en detalle aspectos que realmente le disgustaron)',7),(162,'select one','X_334','F8 - 3. ¿Qué recomendaría para lograr atraer más visitantes a Cundinamarca? (Resalte en detalle aspectos que realmente le disgustaron)',7),(163,'select one','X_335','F8 - 4. ¿Qué recomendaría para lograr atraer más visitantes a Cundinamarca? (Resalte en detalle aspectos que realmente le disgustaron)',7),(164,'select one','X_336','F8 - 5. ¿Qué recomendaría para lograr atraer más visitantes a Cundinamarca? (Resalte en detalle aspectos que realmente le disgustaron)',7),(165,'select one','F9_trato_a_turistas','F9. En una escala de 1 a 10, donde 1 es Mal trato y 10 Trato excelente. ¿Cómo califica el trato que reciben los turistas en Cundinamarca? (REVISAR TOCA CORREGIR - SE OMITE)',7),(166,'select one','X_337','F10. En una escala de 1 a 10, donde 1 es Muy Insatisfecho y 10 Muy satisfecho. Valore la experiencia de su visita a Cundinamarca',7),(167,'select one','X_338','F11. ¿Volvería a visitar Cundinamarca?',7),(168,'select one','X_339','F12. ¿Recomendaría Cundinamarca como destino turístico?',7),(169,'select one','X_340','F13. ¿Cuántas veces ha visitado Cundinamarca en los últimos dos años?',7),(170,'group','group_ik8hv54','G1. ¿Antes de venir a Cundinamarca, de qué forma se enteró de los destinos turísticos visitados?',8),(171,'group','group_pu7ub67','G2. ¿Durante la permanencia en Cundinamarca, de qué forma buscó más información sobre destinos turísticos?',8),(172,'select one','T_391','G3. ¿Fue fácil encontrar los servicios, productos y atractivos de Cundinamarca?',8),(173,'group','G4_redes_sociales_compartir','G4. ¿Después del viaje a Cundinamarca, en que redes sociales compartió su experiencia de viaje (Comentarios, fotos, etc.)?',8),(174,'select one','X_374','G5. ¿Le gustaría recibir información sobre Cundinamarca en su correo electrónico?',8),(175,'select one','X_375','G6. Le gustaría que le enviáramos una invitación por redes sociales?',8),(176,'text','X_376','G6. 1.1 Facebook',8),(177,'text','X_377','G6. 1.2 Twitter',8),(178,'select one','T_392','H1. ¿Conoce la marca que acaba de ver?',9),(179,'select one','X_393','1. Dando cumplimiento a la ley de Protección de datos personales, solicito su autorización para que Cundinamarca pueda contactarlo nuevamente. ¿Está usted de acuerdo?',10),(180,'select one','X_394','2. Ya para terminar, le solicito su autorización para que Cundinamarca comparta sus respuestas con las entidades que contrataron el proyecto, ¿Está usted de acuerdo?',10);
/*!40000 ALTER TABLE `estadisticas_pregunta` ENABLE KEYS */;
UNLOCK TABLES;

--
-- Table structure for table `estadisticas_rango`
--

DROP TABLE IF EXISTS `estadisticas_rango`;
/*!40101 SET @saved_cs_client     = @@character_set_client */;
/*!50503 SET character_set_client = utf8mb4 */;
CREATE TABLE `estadisticas_rango` (
  `id` int(11) NOT NULL AUTO_INCREMENT,
  `titulo` varchar(200) NOT NULL,
  `fecha_inicio` date NOT NULL,
  `fecha_fin` date NOT NULL,
  `orden` int(11) NOT NULL,
  `activo` tinyint(1) NOT NULL,
  PRIMARY KEY (`id`),
  UNIQUE KEY `orden` (`orden`)
) ENGINE=InnoDB DEFAULT CHARSET=utf8;
/*!40101 SET character_set_client = @saved_cs_client */;

--
-- Dumping data for table `estadisticas_rango`
--

LOCK TABLES `estadisticas_rango` WRITE;
/*!40000 ALTER TABLE `estadisticas_rango` DISABLE KEYS */;
/*!40000 ALTER TABLE `estadisticas_rango` ENABLE KEYS */;
UNLOCK TABLES;

--
-- Table structure for table `estadisticas_respuesta`
--

DROP TABLE IF EXISTS `estadisticas_respuesta`;
/*!40101 SET @saved_cs_client     = @@character_set_client */;
/*!50503 SET character_set_client = utf8mb4 */;
CREATE TABLE `estadisticas_respuesta` (
  `id` int(11) NOT NULL AUTO_INCREMENT,
  `etiqueta_mincit` longtext NOT NULL,
  `nombre` longtext NOT NULL,
  `pregunta_id` int(11) NOT NULL,
  PRIMARY KEY (`id`),
  KEY `estadisticas_respues_pregunta_id_e7f25218_fk_estadisti` (`pregunta_id`),
  CONSTRAINT `estadisticas_respues_pregunta_id_e7f25218_fk_estadisti` FOREIGN KEY (`pregunta_id`) REFERENCES `estadisticas_pregunta` (`id`)
) ENGINE=InnoDB AUTO_INCREMENT=1979 DEFAULT CHARSET=utf8;
/*!40101 SET character_set_client = @saved_cs_client */;

--
-- Dumping data for table `estadisticas_respuesta`
--

LOCK TABLES `estadisticas_respuesta` WRITE;
/*!40000 ALTER TABLE `estadisticas_respuesta` DISABLE KEYS */;
INSERT INTO `estadisticas_respuesta` VALUES (1,'am','AM',6),(2,'pm','PM',6),(3,'1','Femenino',8),(4,'2','Masculino',8),(5,'1','Lugar 1',10),(6,'2','Lugar 2',10),(7,'3','Lugar 3',10),(8,'4','Lugar 4',10),(9,'5','Lugar 5',10),(10,'afganistan','Afganistán',16),(11,'albania','Albania',16),(12,'alemania','Alemania',16),(13,'andorra','Andorra',16),(14,'angola','Angola',16),(15,'antigua_barbud','Antigua y Barbuda',16),(16,'arabia_saudita','Arabia Saudita',16),(17,'argelia','Argelia',16),(18,'argentina','Argentina',16),(19,'armenia','Armenia',16),(20,'australia','Australia',16),(21,'austria','Austria',16),(22,'azerbaiyan','Azerbaiyán',16),(23,'bahamas','Bahamas',16),(24,'banglades','Bangladés',16),(25,'barbados','Barbados',16),(26,'barein','Baréin',16),(27,'belgica','Bélgica',16),(28,'belice','Belice',16),(29,'benin','Benín',16),(30,'bielorrusia','Bielorrusia',16),(31,'birmania','Birmania',16),(32,'bolivia','Bolivia',16),(33,'bosnia_herzego','Bosnia y Herzegovina',16),(34,'botsuana','Botsuana',16),(35,'brasil','Brasil',16),(36,'brunei','Brunéi',16),(37,'bulgaria','Bulgaria',16),(38,'burkiina_faso','Burkina Faso',16),(39,'burundi','Burundi',16),(40,'butan','Bután',16),(41,'cabo_verde','Cabo Verde',16),(42,'camboya','Camboya',16),(43,'camerun','Camerún',16),(44,'canada','Canadá',16),(45,'catar','Catar',16),(46,'chad','Chad',16),(47,'chile','Chile',16),(48,'china','China',16),(49,'chipre','Chipre',16),(50,'ciudad_vatican','Ciudad del Vaticano',16),(51,'colombia','Colombia',16),(52,'comoras','Comoras',16),(53,'corea_norte','Corea del Norte',16),(54,'corea_sur','Corea del Sur',16),(55,'costa_marfil','Costa de Marfil',16),(56,'costa_rica','Costa Rica',16),(57,'croacia','Croacia',16),(58,'cuba','Cuba',16),(59,'dinamarca','Dinamarca',16),(60,'dominica','Dominica',16),(61,'ecuador','Ecuador',16),(62,'egipto','Egipto',16),(63,'el_salvador','El Salvador',16),(64,'emira_arabes_u','Emiratos Árabes Unidos',16),(65,'eritrea','Eritrea',16),(66,'eslovaquia','Eslovaquia',16),(67,'eslovenia','Eslovenia',16),(68,'españa','España',16),(69,'estados_unidos','Estados Unidos',16),(70,'estonia','Estonia',16),(71,'etiopia','Etiopía',16),(72,'filipinas','Filipinas',16),(73,'finlandia','Finlandia',16),(74,'fiyi','Fiyi',16),(75,'francia','Francia',16),(76,'gabon','Gabón',16),(77,'gambia','Gambia',16),(78,'georgia','Georgia',16),(79,'ghana','Ghana',16),(80,'granada','Granada',16),(81,'grecia','Grecia',16),(82,'guatemala','Guatemala',16),(83,'guyana','Guyana',16),(84,'guinea','Guinea',16),(85,'guinea_bisau','Guinea-Bisáu',16),(86,'guinea_ecuator','Guinea Ecuatorial',16),(87,'haiti','Haití',16),(88,'honduras','Honduras',16),(89,'hungria','Hungría',16),(90,'india','India',16),(91,'indonesia','Indonesia',16),(92,'irak','Irak',16),(93,'iran','Irán',16),(94,'irlanda','Irlanda',16),(95,'islandia','Islandia',16),(96,'islas_marshall','Islas Marshall',16),(97,'islas_salomon','Islas Salomón',16),(98,'israel','Israel',16),(99,'italia','Italia',16),(100,'jamaica','Jamaica',16),(101,'japon','Japón',16),(102,'jordania','Jordania',16),(103,'kazajistan','Kazajistán',16),(104,'kenia','Kenia',16),(105,'kirguistan','Kirguistán',16),(106,'kiribati','Kiribati',16),(107,'kuwait','Kuwait',16),(108,'laos','Laos',16),(109,'lesoto','Lesoto',16),(110,'letonia','Letonia',16),(111,'libano','Líbano',16),(112,'liberia','Liberia',16),(113,'libia','Libia',16),(114,'liechtenstein','Liechtenstein',16),(115,'lituania','Lituania',16),(116,'luxemburgo','Luxemburgo',16),(117,'madagascar','Madagascar',16),(118,'malasia','Malasia',16),(119,'malaui','Malaui',16),(120,'maldivas','Maldivas',16),(121,'mali','Malí',16),(122,'malta','Malta',16),(123,'marruecos','Marruecos',16),(124,'mauricio','Mauricio',16),(125,'mauritania','Mauritania',16),(126,'mexico','México',16),(127,'micronesia','Micronesia',16),(128,'moldavia','Moldavia',16),(129,'monaco','Mónaco',16),(130,'mongolia','Mongolia',16),(131,'montenegro','Montenegro',16),(132,'mozambique','Mozambique',16),(133,'namibia','Namibia',16),(134,'nauru','Nauru',16),(135,'nepal','Nepal',16),(136,'nicaragua','Nicaragua',16),(137,'niger','Níger',16),(138,'nigeria','Nigeria',16),(139,'noruega','Noruega',16),(140,'nueva_zelanda','Nueva Zelanda',16),(141,'oman','Omán',16),(142,'paises_bajos','Países Bajos',16),(143,'pakistan','Pakistán',16),(144,'palaos','Palaos',16),(145,'panama','Panamá',16),(146,'papua_nueva_gu','Papúa Nueva Guinea',16),(147,'paraguay','Paraguay',16),(148,'peru','Perú',16),(149,'polonia','Polonia',16),(150,'portugal','Portugal',16),(151,'reino_unido','Reino Unido de Gran Bretaña e Irlanda del Norte',16),(152,'repu_centroafr','República Centroafricana',16),(153,'repu_checa','República Checa',16),(154,'repu_macedonia','República de Macedonia',16),(155,'repu_congo','República del Congo',16),(156,'repu_democr_co','República Democrática del Congo',16),(157,'repu_dominican','República Dominicana',16),(158,'repu_sudafrica','República Sudafricana',16),(159,'ruanda','Ruanda',16),(160,'rumania','Rumanía',16),(161,'rusia','Rusia',16),(162,'samoa','Samoa',16),(163,'san_cristobal_','San Cristóbal y Nieves',16),(164,'san_marino','San Marino',16),(165,'san_vicente_gr','San Vicente y las Granadinas',16),(166,'santa_lucia','Santa Lucía',16),(167,'santo_tome_pri','Santo Tomé y Príncipe',16),(168,'senegal','Senegal',16),(169,'serbia','Serbia',16),(170,'seychelles','Seychelles',16),(171,'sierra_leona','Sierra Leona',16),(172,'singapur','Singapur',16),(173,'siria','Siria',16),(174,'somalia','Somalia',16),(175,'sri_lanka','Sri Lanka',16),(176,'suazilandia','Suazilandia',16),(177,'sudan','Sudán',16),(178,'sudan_sur','Sudán del Sur',16),(179,'suecia','Suecia',16),(180,'suiza','Suiza',16),(181,'surinam','Surinam',16),(182,'tailandia','Tailandia',16),(183,'tanzania','Tanzania',16),(184,'tayikistan','Tayikistán',16),(185,'timor_oriental','Timor Oriental',16),(186,'togo','Togo',16),(187,'tonga','Tonga',16),(188,'trinidad_tobag','Trinidad y Tobago',16),(189,'tunez','Túnez',16),(190,'turkmenistan','Turkmenistán',16),(191,'turquia','Turquía',16),(192,'tuvalu','Tuvalu',16),(193,'ucrania','Ucrania',16),(194,'uganda','Uganda',16),(195,'uruguay','Uruguay',16),(196,'uzbekistan','Uzbekistán',16),(197,'vanuatu','Vanuatu',16),(198,'venezuela','Venezuela',16),(199,'vietnam','Vietnam',16),(200,'yemen','Yemen',16),(201,'yibuti','Yibuti',16),(202,'zambia','Zambia',16),(203,'zimbabue','Zimbabue',16),(204,'amazonas','Amazonas',17),(205,'antioquia','Antioquia',17),(206,'arauca','Arauca',17),(207,'atlantico','Atlántico',17),(208,'bogota','Bogotá',17),(209,'bolivar','Bolívar',17),(210,'boyaca','Boyacá',17),(211,'caldas','Caldas',17),(212,'caqueta','Caquetá',17),(213,'casanare','Casanare',17),(214,'cauca','Cauca',17),(215,'cesar','Cesar',17),(216,'choco','Chocó',17),(217,'cordoba','Córdoba',17),(218,'cundinamarca','Cundinamarca',17),(219,'guainia','Guainía',17),(220,'guaviare','Guaviare',17),(221,'huila','Huila',17),(222,'la_guajira','La Guajira',17),(223,'magdalena','Magdalena',17),(224,'meta','Meta',17),(225,'nariño','Nariño',17),(226,'norte_santande','Norte de Santander',17),(227,'putumayo','Putumayo',17),(228,'quindio','Quindío',17),(229,'risaralda','Risaralda',17),(230,'san_andres_pro','San Andrés y Providencia',17),(231,'santander','Santander',17),(232,'sucre','Sucre',17),(233,'tolima','Tolima',17),(234,'valle_cauca','Valle del Cauca',17),(235,'vaupes','Vaupés',17),(236,'vichada','Vichada',17),(237,'agua_de_dios','Agua de Dios',18),(238,'alban','Albán',18),(239,'anapoima','Anapoima',18),(240,'anolaima','Anolaima',18),(241,'apulo','Apulo',18),(242,'arbelaez','Arbeláez',18),(243,'beltran','Beltrán',18),(244,'bituima','Bituima',18),(245,'bojaca','Bojacá',18),(246,'cabrera','Cabrera',18),(247,'cachipay','Cachipay',18),(248,'cajica','Cajicá',18),(249,'caparrapi','Caparrapí',18),(250,'caqueza','Cáqueza',18),(251,'carmen_de_caru','Carmen de carupa',18),(252,'chaguani','Chaguaní',18),(253,'chia','Chía',18),(254,'chipaque','Chipaque',18),(255,'choachi','Choachí',18),(256,'choconta','Chocontá',18),(257,'cogua','Cogua',18),(258,'cota','Cota',18),(259,'cucunuba','Cucunubá',18),(260,'el_colegio','El Colegio',18),(261,'el_peñon','El Peñón',18),(262,'el_rosal','El Rosal',18),(263,'facatativa','Facatativá',18),(264,'fomeque','Fómeque',18),(265,'fosca','Fosca',18),(266,'funza','Funza',18),(267,'fuquene','Fúquene',18),(268,'fusagasuga','Fusagasugá',18),(269,'gachala','Gachalá',18),(270,'gachancipa','Gachancipá',18),(271,'gacheta','Gachetá',18),(272,'gama','Gama',18),(273,'girardot','Girardot',18),(274,'granda','Granda',18),(275,'guacheta','Guachetá',18),(276,'guaduas','Guaduas',18),(277,'guasca','Guasca',18),(278,'guataqui','Guataquí',18),(279,'guatavita','Guatavita',18),(280,'guayabal_siqui','Guayabal de síquima',18),(281,'guayabetal','Guayabetal',18),(282,'gutierrez','Gutiérrez',18),(283,'jerusalen','Jerusalén',18),(284,'junin','Junín',18),(285,'la_calera','La Calera',18),(286,'la_mesa','La Mesa',18),(287,'la_palma','La Palma',18),(288,'la_peña','La Peña',18),(289,'la_vega','La Vega',18),(290,'lenguazaque','Lenguazaque',18),(291,'macheta','Machetá',18),(292,'madrid','Madrid',18),(293,'manta','Manta',18),(294,'medina','Medina',18),(295,'mosquera','Mosquera',18),(296,'nariño','Nariño',18),(297,'nemocon','Nemocón',18),(298,'nilo','Nilo',18),(299,'nimaima','Nimaima',18),(300,'nocaima','Nocaima',18),(301,'pacho','Pacho',18),(302,'paime','Paime',18),(303,'pandi','Pandi',18),(304,'paratebueno','Paratebueno',18),(305,'pasca','Pasca',18),(306,'puerto_salgar','Puerto Salgar',18),(307,'puli','Pulí',18),(308,'quebradanegra','Quebradanegra',18),(309,'quetame','Quetame',18),(310,'quipile','Quipile',18),(311,'ricaurte','Ricaurte',18),(312,'san_antonio_te','San antonio del tequendama',18),(313,'san_bernardo','San Bernando',18),(314,'san_cayetano','San Cayetano',18),(315,'san_fransisco','San Fransisco',18),(316,'san_juan_riose','San Juan de Rioseco',18),(317,'sasaima','Sasaima',18),(318,'sesquile','Sesquilé',18),(319,'sibate','Sibaté',18),(320,'silvania','Silvania',18),(321,'simijaca','Simijaca',18),(322,'soacha','Soacha',18),(323,'sopo','Sopó',18),(324,'subachoque','Subachoque',18),(325,'suesca','Suesca',18),(326,'supata','Supatá',18),(327,'susa','Susa',18),(328,'sutatausa','Sutatausa',18),(329,'tabio','Tabio',18),(330,'tausa','Tausa',18),(331,'tena','Tena',18),(332,'tenjo','Tenjo',18),(333,'tibacuy','Tibacuy',18),(334,'tibirita','Tibirita',18),(335,'tocaima','Tocaima',18),(336,'tocancipa','Tocancipá',18),(337,'topaipi','Topaipí',18),(338,'ubala','Ubalá',18),(339,'ubaque','Ubaque',18),(340,'ubate','Ubaté',18),(341,'une','Une',18),(342,'utica','Útica',18),(343,'venecia','Venecia',18),(344,'vergara','Vergara',18),(345,'viani','Vianí',18),(346,'villa_pinzon','Villa pinzón',18),(347,'villagomez','Villagómez',18),(348,'villeta','Villeta',18),(349,'viota','Viotá',18),(350,'yacopi','Yacopi',18),(351,'zipacon','Zipacón',18),(352,'zipaquiera','Zipaquirá',18),(353,'1','1. Vacaciones, recreo y ocio',19),(354,'2','2. Visitar amigos y/o familiares',19),(355,'3','3. En tránsito a otro destino',19),(356,'4','4. Educación/Formación',19),(357,'5','5. Salud y atención médica (incluye la cirugía estética)',19),(358,'6','6. Asistir a eventos religiosos/peregrinaciones',19),(359,'7','7. Compras para uso personal o para regalo',19),(360,'8','8. Realizar inversión y/o asistir a reunión de negocio',19),(361,'9','9. Asistir a conferencia, congreso, feria comercial o exposición',19),(362,'10','10. Dictar conferencia, ponente en congreso, feria comercial o exposición',19),(363,'11','11. Artista de espectáculo (concierto, obra de teatro, danza, etc.)',19),(364,'12','12. Competir en actividad deportiva',19),(365,'13','13. Investigación académica o científica',19),(366,'14','14. Comprar bienes o servicios para empresa que no es de Cundinamarca o como independiente',19),(367,'15','15. Vender bienes o prestar servicios  como representante de empresa que no es de Cundinamarca o como independiente',19),(368,'16','16. Vine a ser empleado(a) de una empresa ubicada en Cundinamarca',19),(369,'17','17. Otro motivo. ¿Cuál?',19),(370,'18','18. Buscar empleo/entrevista de trabajo',19),(371,'19','19. Venir a casarse',19),(372,'20','20. Diligencias personales',19),(373,'21','21. Vivir en Cundinamarca',19),(374,'22','22. Realizar  funciones propias de personal de embajada, consulado y militares en el departamento',19),(375,'23','23. Asistir a boda',19),(376,'24','24. Asistir a funeral',19),(377,'1','1. Sólo opinión (asesoría médica)',21),(378,'2','2. Chequeo médico o exámenes de rutina',21),(379,'3','3. Tratamiento médico sin intervención quirúrgica',21),(380,'4','4. Tratamiento médico con intervención quirúrgica',21),(381,'1','1. En el extranjero',23),(382,'2','2. En cundinamarca',23),(383,'3','3. En otro departamento',23),(384,'0','0',25),(385,'1','1',25),(386,'2','2',25),(387,'3','3',25),(388,'4','4',25),(389,'5','5',25),(390,'6','6',25),(391,'7','7',25),(392,'8','8',25),(393,'9','9',25),(394,'10','10',25),(395,'11','Otro, ¿Cuál?',25),(396,'0','0',27),(397,'1','1',27),(398,'2','2',27),(399,'3','3',27),(400,'4','4',27),(401,'5','5',27),(402,'6','6',27),(403,'7','7',27),(404,'8','8',27),(405,'9','9',27),(406,'10','10',27),(407,'11','más de 10',27),(408,'agua_de_dios','Agua de Dios',28),(409,'alban','Albán',28),(410,'anapoima','Anapoima',28),(411,'anolaima','Anolaima',28),(412,'apulo','Apulo',28),(413,'arbelaez','Arbeláez',28),(414,'beltran','Beltrán',28),(415,'bituima','Bituima',28),(416,'bojaca','Bojacá',28),(417,'cabrera','Cabrera',28),(418,'cachipay','Cachipay',28),(419,'cajica','Cajicá',28),(420,'caparrapi','Caparrapí',28),(421,'caqueza','Cáqueza',28),(422,'carmen_de_caru','Carmen de carupa',28),(423,'chaguani','Chaguaní',28),(424,'chia','Chía',28),(425,'chipaque','Chipaque',28),(426,'choachi','Choachí',28),(427,'choconta','Chocontá',28),(428,'cogua','Cogua',28),(429,'cota','Cota',28),(430,'cucunuba','Cucunubá',28),(431,'el_colegio','El Colegio',28),(432,'el_peñon','El Peñón',28),(433,'el_rosal','El Rosal',28),(434,'facatativa','Facatativá',28),(435,'fomeque','Fómeque',28),(436,'fosca','Fosca',28),(437,'funza','Funza',28),(438,'fuquene','Fúquene',28),(439,'fusagasuga','Fusagasugá',28),(440,'gachala','Gachalá',28),(441,'gachancipa','Gachancipá',28),(442,'gacheta','Gachetá',28),(443,'gama','Gama',28),(444,'girardot','Girardot',28),(445,'granda','Granda',28),(446,'guacheta','Guachetá',28),(447,'guaduas','Guaduas',28),(448,'guasca','Guasca',28),(449,'guataqui','Guataquí',28),(450,'guatavita','Guatavita',28),(451,'guayabal_siqui','Guayabal de síquima',28),(452,'guayabetal','Guayabetal',28),(453,'gutierrez','Gutiérrez',28),(454,'jerusalen','Jerusalén',28),(455,'junin','Junín',28),(456,'la_calera','La Calera',28),(457,'la_mesa','La Mesa',28),(458,'la_palma','La Palma',28),(459,'la_peña','La Peña',28),(460,'la_vega','La Vega',28),(461,'lenguazaque','Lenguazaque',28),(462,'macheta','Machetá',28),(463,'madrid','Madrid',28),(464,'manta','Manta',28),(465,'medina','Medina',28),(466,'mosquera','Mosquera',28),(467,'nariño','Nariño',28),(468,'nemocon','Nemocón',28),(469,'nilo','Nilo',28),(470,'nimaima','Nimaima',28),(471,'nocaima','Nocaima',28),(472,'pacho','Pacho',28),(473,'paime','Paime',28),(474,'pandi','Pandi',28),(475,'paratebueno','Paratebueno',28),(476,'pasca','Pasca',28),(477,'puerto_salgar','Puerto Salgar',28),(478,'puli','Pulí',28),(479,'quebradanegra','Quebradanegra',28),(480,'quetame','Quetame',28),(481,'quipile','Quipile',28),(482,'ricaurte','Ricaurte',28),(483,'san_antonio_te','San antonio del tequendama',28),(484,'san_bernardo','San Bernando',28),(485,'san_cayetano','San Cayetano',28),(486,'san_fransisco','San Fransisco',28),(487,'san_juan_riose','San Juan de Rioseco',28),(488,'sasaima','Sasaima',28),(489,'sesquile','Sesquilé',28),(490,'sibate','Sibaté',28),(491,'silvania','Silvania',28),(492,'simijaca','Simijaca',28),(493,'soacha','Soacha',28),(494,'sopo','Sopó',28),(495,'subachoque','Subachoque',28),(496,'suesca','Suesca',28),(497,'supata','Supatá',28),(498,'susa','Susa',28),(499,'sutatausa','Sutatausa',28),(500,'tabio','Tabio',28),(501,'tausa','Tausa',28),(502,'tena','Tena',28),(503,'tenjo','Tenjo',28),(504,'tibacuy','Tibacuy',28),(505,'tibirita','Tibirita',28),(506,'tocaima','Tocaima',28),(507,'tocancipa','Tocancipá',28),(508,'topaipi','Topaipí',28),(509,'ubala','Ubalá',28),(510,'ubaque','Ubaque',28),(511,'ubate','Ubaté',28),(512,'une','Une',28),(513,'utica','Útica',28),(514,'venecia','Venecia',28),(515,'vergara','Vergara',28),(516,'viani','Vianí',28),(517,'villa_pinzon','Villa pinzón',28),(518,'villagomez','Villagómez',28),(519,'villeta','Villeta',28),(520,'viota','Viotá',28),(521,'yacopi','Yacopi',28),(522,'zipacon','Zipacón',28),(523,'zipaquiera','Zipaquirá',28),(524,'1','1. Casa de familiares o amigos',30),(525,'2','2. Hotel',30),(526,'3','3. Posada',30),(527,'4','4. Posada turística',30),(528,'5','5. Hostal/Albergue/Refugio',30),(529,'6','6. Finca agroturística/Alojamiento rural',30),(530,'7','7. Centro vacacional/Resort',30),(531,'8','8. Casa/Cabaña de vacaciones propia',30),(532,'9','9. Casa/Cabaña de vacaciones arrendada',30),(533,'10','10. Apartahotel',30),(534,'11','11. Casa/Apartamento arrendado',30),(535,'12','12. Casa/Apartamento propio',30),(536,'13','13. Habitacón rentada en vivienda familiar',30),(537,'14','14. Habitación sin pagar en vivienda de familia que no es allegada a la mía',30),(538,'15','15. Camping',30),(539,'16','16. Ninguno',30),(540,'17','17. En instalaciones de empresa, entidad o institución',30),(541,'18','18. Casa rodante',30),(542,'agua_de_dios','Agua de Dios',32),(543,'alban','Albán',32),(544,'anapoima','Anapoima',32),(545,'anolaima','Anolaima',32),(546,'apulo','Apulo',32),(547,'arbelaez','Arbeláez',32),(548,'beltran','Beltrán',32),(549,'bituima','Bituima',32),(550,'bojaca','Bojacá',32),(551,'cabrera','Cabrera',32),(552,'cachipay','Cachipay',32),(553,'cajica','Cajicá',32),(554,'caparrapi','Caparrapí',32),(555,'caqueza','Cáqueza',32),(556,'carmen_de_caru','Carmen de carupa',32),(557,'chaguani','Chaguaní',32),(558,'chia','Chía',32),(559,'chipaque','Chipaque',32),(560,'choachi','Choachí',32),(561,'choconta','Chocontá',32),(562,'cogua','Cogua',32),(563,'cota','Cota',32),(564,'cucunuba','Cucunubá',32),(565,'el_colegio','El Colegio',32),(566,'el_peñon','El Peñón',32),(567,'el_rosal','El Rosal',32),(568,'facatativa','Facatativá',32),(569,'fomeque','Fómeque',32),(570,'fosca','Fosca',32),(571,'funza','Funza',32),(572,'fuquene','Fúquene',32),(573,'fusagasuga','Fusagasugá',32),(574,'gachala','Gachalá',32),(575,'gachancipa','Gachancipá',32),(576,'gacheta','Gachetá',32),(577,'gama','Gama',32),(578,'girardot','Girardot',32),(579,'granda','Granda',32),(580,'guacheta','Guachetá',32),(581,'guaduas','Guaduas',32),(582,'guasca','Guasca',32),(583,'guataqui','Guataquí',32),(584,'guatavita','Guatavita',32),(585,'guayabal_siqui','Guayabal de síquima',32),(586,'guayabetal','Guayabetal',32),(587,'gutierrez','Gutiérrez',32),(588,'jerusalen','Jerusalén',32),(589,'junin','Junín',32),(590,'la_calera','La Calera',32),(591,'la_mesa','La Mesa',32),(592,'la_palma','La Palma',32),(593,'la_peña','La Peña',32),(594,'la_vega','La Vega',32),(595,'lenguazaque','Lenguazaque',32),(596,'macheta','Machetá',32),(597,'madrid','Madrid',32),(598,'manta','Manta',32),(599,'medina','Medina',32),(600,'mosquera','Mosquera',32),(601,'nariño','Nariño',32),(602,'nemocon','Nemocón',32),(603,'nilo','Nilo',32),(604,'nimaima','Nimaima',32),(605,'nocaima','Nocaima',32),(606,'pacho','Pacho',32),(607,'paime','Paime',32),(608,'pandi','Pandi',32),(609,'paratebueno','Paratebueno',32),(610,'pasca','Pasca',32),(611,'puerto_salgar','Puerto Salgar',32),(612,'puli','Pulí',32),(613,'quebradanegra','Quebradanegra',32),(614,'quetame','Quetame',32),(615,'quipile','Quipile',32),(616,'ricaurte','Ricaurte',32),(617,'san_antonio_te','San antonio del tequendama',32),(618,'san_bernardo','San Bernando',32),(619,'san_cayetano','San Cayetano',32),(620,'san_fransisco','San Fransisco',32),(621,'san_juan_riose','San Juan de Rioseco',32),(622,'sasaima','Sasaima',32),(623,'sesquile','Sesquilé',32),(624,'sibate','Sibaté',32),(625,'silvania','Silvania',32),(626,'simijaca','Simijaca',32),(627,'soacha','Soacha',32),(628,'sopo','Sopó',32),(629,'subachoque','Subachoque',32),(630,'suesca','Suesca',32),(631,'supata','Supatá',32),(632,'susa','Susa',32),(633,'sutatausa','Sutatausa',32),(634,'tabio','Tabio',32),(635,'tausa','Tausa',32),(636,'tena','Tena',32),(637,'tenjo','Tenjo',32),(638,'tibacuy','Tibacuy',32),(639,'tibirita','Tibirita',32),(640,'tocaima','Tocaima',32),(641,'tocancipa','Tocancipá',32),(642,'topaipi','Topaipí',32),(643,'ubala','Ubalá',32),(644,'ubaque','Ubaque',32),(645,'ubate','Ubaté',32),(646,'une','Une',32),(647,'utica','Útica',32),(648,'venecia','Venecia',32),(649,'vergara','Vergara',32),(650,'viani','Vianí',32),(651,'villa_pinzon','Villa pinzón',32),(652,'villagomez','Villagómez',32),(653,'villeta','Villeta',32),(654,'viota','Viotá',32),(655,'yacopi','Yacopi',32),(656,'zipacon','Zipacón',32),(657,'zipaquiera','Zipaquirá',32),(658,'1','1. Casa de familiares o amigos',34),(659,'2','2. Hotel',34),(660,'3','3. Posada',34),(661,'4','4. Posada turística',34),(662,'5','5. Hostal/Albergue/Refugio',34),(663,'6','6. Finca agroturística/Alojamiento rural',34),(664,'7','7. Centro vacacional/Resort',34),(665,'8','8. Casa/Cabaña de vacaciones propia',34),(666,'9','9. Casa/Cabaña de vacaciones arrendada',34),(667,'10','10. Apartahotel',34),(668,'11','11. Casa/Apartamento arrendado',34),(669,'12','12. Casa/Apartamento propio',34),(670,'13','13. Habitacón rentada en vivienda familiar',34),(671,'14','14. Habitación sin pagar en vivienda de familia que no es allegada a la mía',34),(672,'15','15. Camping',34),(673,'16','16. Ninguno',34),(674,'17','17. En instalaciones de empresa, entidad o institución',34),(675,'18','18. Casa rodante',34),(676,'agua_de_dios','Agua de Dios',36),(677,'alban','Albán',36),(678,'anapoima','Anapoima',36),(679,'anolaima','Anolaima',36),(680,'apulo','Apulo',36),(681,'arbelaez','Arbeláez',36),(682,'beltran','Beltrán',36),(683,'bituima','Bituima',36),(684,'bojaca','Bojacá',36),(685,'cabrera','Cabrera',36),(686,'cachipay','Cachipay',36),(687,'cajica','Cajicá',36),(688,'caparrapi','Caparrapí',36),(689,'caqueza','Cáqueza',36),(690,'carmen_de_caru','Carmen de carupa',36),(691,'chaguani','Chaguaní',36),(692,'chia','Chía',36),(693,'chipaque','Chipaque',36),(694,'choachi','Choachí',36),(695,'choconta','Chocontá',36),(696,'cogua','Cogua',36),(697,'cota','Cota',36),(698,'cucunuba','Cucunubá',36),(699,'el_colegio','El Colegio',36),(700,'el_peñon','El Peñón',36),(701,'el_rosal','El Rosal',36),(702,'facatativa','Facatativá',36),(703,'fomeque','Fómeque',36),(704,'fosca','Fosca',36),(705,'funza','Funza',36),(706,'fuquene','Fúquene',36),(707,'fusagasuga','Fusagasugá',36),(708,'gachala','Gachalá',36),(709,'gachancipa','Gachancipá',36),(710,'gacheta','Gachetá',36),(711,'gama','Gama',36),(712,'girardot','Girardot',36),(713,'granda','Granda',36),(714,'guacheta','Guachetá',36),(715,'guaduas','Guaduas',36),(716,'guasca','Guasca',36),(717,'guataqui','Guataquí',36),(718,'guatavita','Guatavita',36),(719,'guayabal_siqui','Guayabal de síquima',36),(720,'guayabetal','Guayabetal',36),(721,'gutierrez','Gutiérrez',36),(722,'jerusalen','Jerusalén',36),(723,'junin','Junín',36),(724,'la_calera','La Calera',36),(725,'la_mesa','La Mesa',36),(726,'la_palma','La Palma',36),(727,'la_peña','La Peña',36),(728,'la_vega','La Vega',36),(729,'lenguazaque','Lenguazaque',36),(730,'macheta','Machetá',36),(731,'madrid','Madrid',36),(732,'manta','Manta',36),(733,'medina','Medina',36),(734,'mosquera','Mosquera',36),(735,'nariño','Nariño',36),(736,'nemocon','Nemocón',36),(737,'nilo','Nilo',36),(738,'nimaima','Nimaima',36),(739,'nocaima','Nocaima',36),(740,'pacho','Pacho',36),(741,'paime','Paime',36),(742,'pandi','Pandi',36),(743,'paratebueno','Paratebueno',36),(744,'pasca','Pasca',36),(745,'puerto_salgar','Puerto Salgar',36),(746,'puli','Pulí',36),(747,'quebradanegra','Quebradanegra',36),(748,'quetame','Quetame',36),(749,'quipile','Quipile',36),(750,'ricaurte','Ricaurte',36),(751,'san_antonio_te','San antonio del tequendama',36),(752,'san_bernardo','San Bernando',36),(753,'san_cayetano','San Cayetano',36),(754,'san_fransisco','San Fransisco',36),(755,'san_juan_riose','San Juan de Rioseco',36),(756,'sasaima','Sasaima',36),(757,'sesquile','Sesquilé',36),(758,'sibate','Sibaté',36),(759,'silvania','Silvania',36),(760,'simijaca','Simijaca',36),(761,'soacha','Soacha',36),(762,'sopo','Sopó',36),(763,'subachoque','Subachoque',36),(764,'suesca','Suesca',36),(765,'supata','Supatá',36),(766,'susa','Susa',36),(767,'sutatausa','Sutatausa',36),(768,'tabio','Tabio',36),(769,'tausa','Tausa',36),(770,'tena','Tena',36),(771,'tenjo','Tenjo',36),(772,'tibacuy','Tibacuy',36),(773,'tibirita','Tibirita',36),(774,'tocaima','Tocaima',36),(775,'tocancipa','Tocancipá',36),(776,'topaipi','Topaipí',36),(777,'ubala','Ubalá',36),(778,'ubaque','Ubaque',36),(779,'ubate','Ubaté',36),(780,'une','Une',36),(781,'utica','Útica',36),(782,'venecia','Venecia',36),(783,'vergara','Vergara',36),(784,'viani','Vianí',36),(785,'villa_pinzon','Villa pinzón',36),(786,'villagomez','Villagómez',36),(787,'villeta','Villeta',36),(788,'viota','Viotá',36),(789,'yacopi','Yacopi',36),(790,'zipacon','Zipacón',36),(791,'zipaquiera','Zipaquirá',36),(792,'1','1. Casa de familiares o amigos',38),(793,'2','2. Hotel',38),(794,'3','3. Posada',38),(795,'4','4. Posada turística',38),(796,'5','5. Hostal/Albergue/Refugio',38),(797,'6','6. Finca agroturística/Alojamiento rural',38),(798,'7','7. Centro vacacional/Resort',38),(799,'8','8. Casa/Cabaña de vacaciones propia',38),(800,'9','9. Casa/Cabaña de vacaciones arrendada',38),(801,'10','10. Apartahotel',38),(802,'11','11. Casa/Apartamento arrendado',38),(803,'12','12. Casa/Apartamento propio',38),(804,'13','13. Habitacón rentada en vivienda familiar',38),(805,'14','14. Habitación sin pagar en vivienda de familia que no es allegada a la mía',38),(806,'15','15. Camping',38),(807,'16','16. Ninguno',38),(808,'17','17. En instalaciones de empresa, entidad o institución',38),(809,'18','18. Casa rodante',38),(810,'agua_de_dios','Agua de Dios',40),(811,'alban','Albán',40),(812,'anapoima','Anapoima',40),(813,'anolaima','Anolaima',40),(814,'apulo','Apulo',40),(815,'arbelaez','Arbeláez',40),(816,'beltran','Beltrán',40),(817,'bituima','Bituima',40),(818,'bojaca','Bojacá',40),(819,'cabrera','Cabrera',40),(820,'cachipay','Cachipay',40),(821,'cajica','Cajicá',40),(822,'caparrapi','Caparrapí',40),(823,'caqueza','Cáqueza',40),(824,'carmen_de_caru','Carmen de carupa',40),(825,'chaguani','Chaguaní',40),(826,'chia','Chía',40),(827,'chipaque','Chipaque',40),(828,'choachi','Choachí',40),(829,'choconta','Chocontá',40),(830,'cogua','Cogua',40),(831,'cota','Cota',40),(832,'cucunuba','Cucunubá',40),(833,'el_colegio','El Colegio',40),(834,'el_peñon','El Peñón',40),(835,'el_rosal','El Rosal',40),(836,'facatativa','Facatativá',40),(837,'fomeque','Fómeque',40),(838,'fosca','Fosca',40),(839,'funza','Funza',40),(840,'fuquene','Fúquene',40),(841,'fusagasuga','Fusagasugá',40),(842,'gachala','Gachalá',40),(843,'gachancipa','Gachancipá',40),(844,'gacheta','Gachetá',40),(845,'gama','Gama',40),(846,'girardot','Girardot',40),(847,'granda','Granda',40),(848,'guacheta','Guachetá',40),(849,'guaduas','Guaduas',40),(850,'guasca','Guasca',40),(851,'guataqui','Guataquí',40),(852,'guatavita','Guatavita',40),(853,'guayabal_siqui','Guayabal de síquima',40),(854,'guayabetal','Guayabetal',40),(855,'gutierrez','Gutiérrez',40),(856,'jerusalen','Jerusalén',40),(857,'junin','Junín',40),(858,'la_calera','La Calera',40),(859,'la_mesa','La Mesa',40),(860,'la_palma','La Palma',40),(861,'la_peña','La Peña',40),(862,'la_vega','La Vega',40),(863,'lenguazaque','Lenguazaque',40),(864,'macheta','Machetá',40),(865,'madrid','Madrid',40),(866,'manta','Manta',40),(867,'medina','Medina',40),(868,'mosquera','Mosquera',40),(869,'nariño','Nariño',40),(870,'nemocon','Nemocón',40),(871,'nilo','Nilo',40),(872,'nimaima','Nimaima',40),(873,'nocaima','Nocaima',40),(874,'pacho','Pacho',40),(875,'paime','Paime',40),(876,'pandi','Pandi',40),(877,'paratebueno','Paratebueno',40),(878,'pasca','Pasca',40),(879,'puerto_salgar','Puerto Salgar',40),(880,'puli','Pulí',40),(881,'quebradanegra','Quebradanegra',40),(882,'quetame','Quetame',40),(883,'quipile','Quipile',40),(884,'ricaurte','Ricaurte',40),(885,'san_antonio_te','San antonio del tequendama',40),(886,'san_bernardo','San Bernando',40),(887,'san_cayetano','San Cayetano',40),(888,'san_fransisco','San Fransisco',40),(889,'san_juan_riose','San Juan de Rioseco',40),(890,'sasaima','Sasaima',40),(891,'sesquile','Sesquilé',40),(892,'sibate','Sibaté',40),(893,'silvania','Silvania',40),(894,'simijaca','Simijaca',40),(895,'soacha','Soacha',40),(896,'sopo','Sopó',40),(897,'subachoque','Subachoque',40),(898,'suesca','Suesca',40),(899,'supata','Supatá',40),(900,'susa','Susa',40),(901,'sutatausa','Sutatausa',40),(902,'tabio','Tabio',40),(903,'tausa','Tausa',40),(904,'tena','Tena',40),(905,'tenjo','Tenjo',40),(906,'tibacuy','Tibacuy',40),(907,'tibirita','Tibirita',40),(908,'tocaima','Tocaima',40),(909,'tocancipa','Tocancipá',40),(910,'topaipi','Topaipí',40),(911,'ubala','Ubalá',40),(912,'ubaque','Ubaque',40),(913,'ubate','Ubaté',40),(914,'une','Une',40),(915,'utica','Útica',40),(916,'venecia','Venecia',40),(917,'vergara','Vergara',40),(918,'viani','Vianí',40),(919,'villa_pinzon','Villa pinzón',40),(920,'villagomez','Villagómez',40),(921,'villeta','Villeta',40),(922,'viota','Viotá',40),(923,'yacopi','Yacopi',40),(924,'zipacon','Zipacón',40),(925,'zipaquiera','Zipaquirá',40),(926,'1','1. Casa de familiares o amigos',42),(927,'2','2. Hotel',42),(928,'3','3. Posada',42),(929,'4','4. Posada turística',42),(930,'5','5. Hostal/Albergue/Refugio',42),(931,'6','6. Finca agroturística/Alojamiento rural',42),(932,'7','7. Centro vacacional/Resort',42),(933,'8','8. Casa/Cabaña de vacaciones propia',42),(934,'9','9. Casa/Cabaña de vacaciones arrendada',42),(935,'10','10. Apartahotel',42),(936,'11','11. Casa/Apartamento arrendado',42),(937,'12','12. Casa/Apartamento propio',42),(938,'13','13. Habitacón rentada en vivienda familiar',42),(939,'14','14. Habitación sin pagar en vivienda de familia que no es allegada a la mía',42),(940,'15','15. Camping',42),(941,'16','16. Ninguno',42),(942,'17','17. En instalaciones de empresa, entidad o institución',42),(943,'18','18. Casa rodante',42),(944,'agua_de_dios','Agua de Dios',44),(945,'alban','Albán',44),(946,'anapoima','Anapoima',44),(947,'anolaima','Anolaima',44),(948,'apulo','Apulo',44),(949,'arbelaez','Arbeláez',44),(950,'beltran','Beltrán',44),(951,'bituima','Bituima',44),(952,'bojaca','Bojacá',44),(953,'cabrera','Cabrera',44),(954,'cachipay','Cachipay',44),(955,'cajica','Cajicá',44),(956,'caparrapi','Caparrapí',44),(957,'caqueza','Cáqueza',44),(958,'carmen_de_caru','Carmen de carupa',44),(959,'chaguani','Chaguaní',44),(960,'chia','Chía',44),(961,'chipaque','Chipaque',44),(962,'choachi','Choachí',44),(963,'choconta','Chocontá',44),(964,'cogua','Cogua',44),(965,'cota','Cota',44),(966,'cucunuba','Cucunubá',44),(967,'el_colegio','El Colegio',44),(968,'el_peñon','El Peñón',44),(969,'el_rosal','El Rosal',44),(970,'facatativa','Facatativá',44),(971,'fomeque','Fómeque',44),(972,'fosca','Fosca',44),(973,'funza','Funza',44),(974,'fuquene','Fúquene',44),(975,'fusagasuga','Fusagasugá',44),(976,'gachala','Gachalá',44),(977,'gachancipa','Gachancipá',44),(978,'gacheta','Gachetá',44),(979,'gama','Gama',44),(980,'girardot','Girardot',44),(981,'granda','Granda',44),(982,'guacheta','Guachetá',44),(983,'guaduas','Guaduas',44),(984,'guasca','Guasca',44),(985,'guataqui','Guataquí',44),(986,'guatavita','Guatavita',44),(987,'guayabal_siqui','Guayabal de síquima',44),(988,'guayabetal','Guayabetal',44),(989,'gutierrez','Gutiérrez',44),(990,'jerusalen','Jerusalén',44),(991,'junin','Junín',44),(992,'la_calera','La Calera',44),(993,'la_mesa','La Mesa',44),(994,'la_palma','La Palma',44),(995,'la_peña','La Peña',44),(996,'la_vega','La Vega',44),(997,'lenguazaque','Lenguazaque',44),(998,'macheta','Machetá',44),(999,'madrid','Madrid',44),(1000,'manta','Manta',44),(1001,'medina','Medina',44),(1002,'mosquera','Mosquera',44),(1003,'nariño','Nariño',44),(1004,'nemocon','Nemocón',44),(1005,'nilo','Nilo',44),(1006,'nimaima','Nimaima',44),(1007,'nocaima','Nocaima',44),(1008,'pacho','Pacho',44),(1009,'paime','Paime',44),(1010,'pandi','Pandi',44),(1011,'paratebueno','Paratebueno',44),(1012,'pasca','Pasca',44),(1013,'puerto_salgar','Puerto Salgar',44),(1014,'puli','Pulí',44),(1015,'quebradanegra','Quebradanegra',44),(1016,'quetame','Quetame',44),(1017,'quipile','Quipile',44),(1018,'ricaurte','Ricaurte',44),(1019,'san_antonio_te','San antonio del tequendama',44),(1020,'san_bernardo','San Bernando',44),(1021,'san_cayetano','San Cayetano',44),(1022,'san_fransisco','San Fransisco',44),(1023,'san_juan_riose','San Juan de Rioseco',44),(1024,'sasaima','Sasaima',44),(1025,'sesquile','Sesquilé',44),(1026,'sibate','Sibaté',44),(1027,'silvania','Silvania',44),(1028,'simijaca','Simijaca',44),(1029,'soacha','Soacha',44),(1030,'sopo','Sopó',44),(1031,'subachoque','Subachoque',44),(1032,'suesca','Suesca',44),(1033,'supata','Supatá',44),(1034,'susa','Susa',44),(1035,'sutatausa','Sutatausa',44),(1036,'tabio','Tabio',44),(1037,'tausa','Tausa',44),(1038,'tena','Tena',44),(1039,'tenjo','Tenjo',44),(1040,'tibacuy','Tibacuy',44),(1041,'tibirita','Tibirita',44),(1042,'tocaima','Tocaima',44),(1043,'tocancipa','Tocancipá',44),(1044,'topaipi','Topaipí',44),(1045,'ubala','Ubalá',44),(1046,'ubaque','Ubaque',44),(1047,'ubate','Ubaté',44),(1048,'une','Une',44),(1049,'utica','Útica',44),(1050,'venecia','Venecia',44),(1051,'vergara','Vergara',44),(1052,'viani','Vianí',44),(1053,'villa_pinzon','Villa pinzón',44),(1054,'villagomez','Villagómez',44),(1055,'villeta','Villeta',44),(1056,'viota','Viotá',44),(1057,'yacopi','Yacopi',44),(1058,'zipacon','Zipacón',44),(1059,'zipaquiera','Zipaquirá',44),(1060,'1','1. Casa de familiares o amigos',46),(1061,'2','2. Hotel',46),(1062,'3','3. Posada',46),(1063,'4','4. Posada turística',46),(1064,'5','5. Hostal/Albergue/Refugio',46),(1065,'6','6. Finca agroturística/Alojamiento rural',46),(1066,'7','7. Centro vacacional/Resort',46),(1067,'8','8. Casa/Cabaña de vacaciones propia',46),(1068,'9','9. Casa/Cabaña de vacaciones arrendada',46),(1069,'10','10. Apartahotel',46),(1070,'11','11. Casa/Apartamento arrendado',46),(1071,'12','12. Casa/Apartamento propio',46),(1072,'13','13. Habitacón rentada en vivienda familiar',46),(1073,'14','14. Habitación sin pagar en vivienda de familia que no es allegada a la mía',46),(1074,'15','15. Camping',46),(1075,'16','16. Ninguno',46),(1076,'17','17. En instalaciones de empresa, entidad o institución',46),(1077,'18','18. Casa rodante',46),(1078,'agua_de_dios','Agua de Dios',48),(1079,'alban','Albán',48),(1080,'anapoima','Anapoima',48),(1081,'anolaima','Anolaima',48),(1082,'apulo','Apulo',48),(1083,'arbelaez','Arbeláez',48),(1084,'beltran','Beltrán',48),(1085,'bituima','Bituima',48),(1086,'bojaca','Bojacá',48),(1087,'cabrera','Cabrera',48),(1088,'cachipay','Cachipay',48),(1089,'cajica','Cajicá',48),(1090,'caparrapi','Caparrapí',48),(1091,'caqueza','Cáqueza',48),(1092,'carmen_de_caru','Carmen de carupa',48),(1093,'chaguani','Chaguaní',48),(1094,'chia','Chía',48),(1095,'chipaque','Chipaque',48),(1096,'choachi','Choachí',48),(1097,'choconta','Chocontá',48),(1098,'cogua','Cogua',48),(1099,'cota','Cota',48),(1100,'cucunuba','Cucunubá',48),(1101,'el_colegio','El Colegio',48),(1102,'el_peñon','El Peñón',48),(1103,'el_rosal','El Rosal',48),(1104,'facatativa','Facatativá',48),(1105,'fomeque','Fómeque',48),(1106,'fosca','Fosca',48),(1107,'funza','Funza',48),(1108,'fuquene','Fúquene',48),(1109,'fusagasuga','Fusagasugá',48),(1110,'gachala','Gachalá',48),(1111,'gachancipa','Gachancipá',48),(1112,'gacheta','Gachetá',48),(1113,'gama','Gama',48),(1114,'girardot','Girardot',48),(1115,'granda','Granda',48),(1116,'guacheta','Guachetá',48),(1117,'guaduas','Guaduas',48),(1118,'guasca','Guasca',48),(1119,'guataqui','Guataquí',48),(1120,'guatavita','Guatavita',48),(1121,'guayabal_siqui','Guayabal de síquima',48),(1122,'guayabetal','Guayabetal',48),(1123,'gutierrez','Gutiérrez',48),(1124,'jerusalen','Jerusalén',48),(1125,'junin','Junín',48),(1126,'la_calera','La Calera',48),(1127,'la_mesa','La Mesa',48),(1128,'la_palma','La Palma',48),(1129,'la_peña','La Peña',48),(1130,'la_vega','La Vega',48),(1131,'lenguazaque','Lenguazaque',48),(1132,'macheta','Machetá',48),(1133,'madrid','Madrid',48),(1134,'manta','Manta',48),(1135,'medina','Medina',48),(1136,'mosquera','Mosquera',48),(1137,'nariño','Nariño',48),(1138,'nemocon','Nemocón',48),(1139,'nilo','Nilo',48),(1140,'nimaima','Nimaima',48),(1141,'nocaima','Nocaima',48),(1142,'pacho','Pacho',48),(1143,'paime','Paime',48),(1144,'pandi','Pandi',48),(1145,'paratebueno','Paratebueno',48),(1146,'pasca','Pasca',48),(1147,'puerto_salgar','Puerto Salgar',48),(1148,'puli','Pulí',48),(1149,'quebradanegra','Quebradanegra',48),(1150,'quetame','Quetame',48),(1151,'quipile','Quipile',48),(1152,'ricaurte','Ricaurte',48),(1153,'san_antonio_te','San antonio del tequendama',48),(1154,'san_bernardo','San Bernando',48),(1155,'san_cayetano','San Cayetano',48),(1156,'san_fransisco','San Fransisco',48),(1157,'san_juan_riose','San Juan de Rioseco',48),(1158,'sasaima','Sasaima',48),(1159,'sesquile','Sesquilé',48),(1160,'sibate','Sibaté',48),(1161,'silvania','Silvania',48),(1162,'simijaca','Simijaca',48),(1163,'soacha','Soacha',48),(1164,'sopo','Sopó',48),(1165,'subachoque','Subachoque',48),(1166,'suesca','Suesca',48),(1167,'supata','Supatá',48),(1168,'susa','Susa',48),(1169,'sutatausa','Sutatausa',48),(1170,'tabio','Tabio',48),(1171,'tausa','Tausa',48),(1172,'tena','Tena',48),(1173,'tenjo','Tenjo',48),(1174,'tibacuy','Tibacuy',48),(1175,'tibirita','Tibirita',48),(1176,'tocaima','Tocaima',48),(1177,'tocancipa','Tocancipá',48),(1178,'topaipi','Topaipí',48),(1179,'ubala','Ubalá',48),(1180,'ubaque','Ubaque',48),(1181,'ubate','Ubaté',48),(1182,'une','Une',48),(1183,'utica','Útica',48),(1184,'venecia','Venecia',48),(1185,'vergara','Vergara',48),(1186,'viani','Vianí',48),(1187,'villa_pinzon','Villa pinzón',48),(1188,'villagomez','Villagómez',48),(1189,'villeta','Villeta',48),(1190,'viota','Viotá',48),(1191,'yacopi','Yacopi',48),(1192,'zipacon','Zipacón',48),(1193,'zipaquiera','Zipaquirá',48),(1194,'1','1. Casa de familiares o amigos',50),(1195,'2','2. Hotel',50),(1196,'3','3. Posada',50),(1197,'4','4. Posada turística',50),(1198,'5','5. Hostal/Albergue/Refugio',50),(1199,'6','6. Finca agroturística/Alojamiento rural',50),(1200,'7','7. Centro vacacional/Resort',50),(1201,'8','8. Casa/Cabaña de vacaciones propia',50),(1202,'9','9. Casa/Cabaña de vacaciones arrendada',50),(1203,'10','10. Apartahotel',50),(1204,'11','11. Casa/Apartamento arrendado',50),(1205,'12','12. Casa/Apartamento propio',50),(1206,'13','13. Habitacón rentada en vivienda familiar',50),(1207,'14','14. Habitación sin pagar en vivienda de familia que no es allegada a la mía',50),(1208,'15','15. Camping',50),(1209,'16','16. Ninguno',50),(1210,'17','17. En instalaciones de empresa, entidad o institución',50),(1211,'18','18. Casa rodante',50),(1212,'agua_de_dios','Agua de Dios',52),(1213,'alban','Albán',52),(1214,'anapoima','Anapoima',52),(1215,'anolaima','Anolaima',52),(1216,'apulo','Apulo',52),(1217,'arbelaez','Arbeláez',52),(1218,'beltran','Beltrán',52),(1219,'bituima','Bituima',52),(1220,'bojaca','Bojacá',52),(1221,'cabrera','Cabrera',52),(1222,'cachipay','Cachipay',52),(1223,'cajica','Cajicá',52),(1224,'caparrapi','Caparrapí',52),(1225,'caqueza','Cáqueza',52),(1226,'carmen_de_caru','Carmen de carupa',52),(1227,'chaguani','Chaguaní',52),(1228,'chia','Chía',52),(1229,'chipaque','Chipaque',52),(1230,'choachi','Choachí',52),(1231,'choconta','Chocontá',52),(1232,'cogua','Cogua',52),(1233,'cota','Cota',52),(1234,'cucunuba','Cucunubá',52),(1235,'el_colegio','El Colegio',52),(1236,'el_peñon','El Peñón',52),(1237,'el_rosal','El Rosal',52),(1238,'facatativa','Facatativá',52),(1239,'fomeque','Fómeque',52),(1240,'fosca','Fosca',52),(1241,'funza','Funza',52),(1242,'fuquene','Fúquene',52),(1243,'fusagasuga','Fusagasugá',52),(1244,'gachala','Gachalá',52),(1245,'gachancipa','Gachancipá',52),(1246,'gacheta','Gachetá',52),(1247,'gama','Gama',52),(1248,'girardot','Girardot',52),(1249,'granda','Granda',52),(1250,'guacheta','Guachetá',52),(1251,'guaduas','Guaduas',52),(1252,'guasca','Guasca',52),(1253,'guataqui','Guataquí',52),(1254,'guatavita','Guatavita',52),(1255,'guayabal_siqui','Guayabal de síquima',52),(1256,'guayabetal','Guayabetal',52),(1257,'gutierrez','Gutiérrez',52),(1258,'jerusalen','Jerusalén',52),(1259,'junin','Junín',52),(1260,'la_calera','La Calera',52),(1261,'la_mesa','La Mesa',52),(1262,'la_palma','La Palma',52),(1263,'la_peña','La Peña',52),(1264,'la_vega','La Vega',52),(1265,'lenguazaque','Lenguazaque',52),(1266,'macheta','Machetá',52),(1267,'madrid','Madrid',52),(1268,'manta','Manta',52),(1269,'medina','Medina',52),(1270,'mosquera','Mosquera',52),(1271,'nariño','Nariño',52),(1272,'nemocon','Nemocón',52),(1273,'nilo','Nilo',52),(1274,'nimaima','Nimaima',52),(1275,'nocaima','Nocaima',52),(1276,'pacho','Pacho',52),(1277,'paime','Paime',52),(1278,'pandi','Pandi',52),(1279,'paratebueno','Paratebueno',52),(1280,'pasca','Pasca',52),(1281,'puerto_salgar','Puerto Salgar',52),(1282,'puli','Pulí',52),(1283,'quebradanegra','Quebradanegra',52),(1284,'quetame','Quetame',52),(1285,'quipile','Quipile',52),(1286,'ricaurte','Ricaurte',52),(1287,'san_antonio_te','San antonio del tequendama',52),(1288,'san_bernardo','San Bernando',52),(1289,'san_cayetano','San Cayetano',52),(1290,'san_fransisco','San Fransisco',52),(1291,'san_juan_riose','San Juan de Rioseco',52),(1292,'sasaima','Sasaima',52),(1293,'sesquile','Sesquilé',52),(1294,'sibate','Sibaté',52),(1295,'silvania','Silvania',52),(1296,'simijaca','Simijaca',52),(1297,'soacha','Soacha',52),(1298,'sopo','Sopó',52),(1299,'subachoque','Subachoque',52),(1300,'suesca','Suesca',52),(1301,'supata','Supatá',52),(1302,'susa','Susa',52),(1303,'sutatausa','Sutatausa',52),(1304,'tabio','Tabio',52),(1305,'tausa','Tausa',52),(1306,'tena','Tena',52),(1307,'tenjo','Tenjo',52),(1308,'tibacuy','Tibacuy',52),(1309,'tibirita','Tibirita',52),(1310,'tocaima','Tocaima',52),(1311,'tocancipa','Tocancipá',52),(1312,'topaipi','Topaipí',52),(1313,'ubala','Ubalá',52),(1314,'ubaque','Ubaque',52),(1315,'ubate','Ubaté',52),(1316,'une','Une',52),(1317,'utica','Útica',52),(1318,'venecia','Venecia',52),(1319,'vergara','Vergara',52),(1320,'viani','Vianí',52),(1321,'villa_pinzon','Villa pinzón',52),(1322,'villagomez','Villagómez',52),(1323,'villeta','Villeta',52),(1324,'viota','Viotá',52),(1325,'yacopi','Yacopi',52),(1326,'zipacon','Zipacón',52),(1327,'zipaquiera','Zipaquirá',52),(1328,'1','1. Casa de familiares o amigos',54),(1329,'2','2. Hotel',54),(1330,'3','3. Posada',54),(1331,'4','4. Posada turística',54),(1332,'5','5. Hostal/Albergue/Refugio',54),(1333,'6','6. Finca agroturística/Alojamiento rural',54),(1334,'7','7. Centro vacacional/Resort',54),(1335,'8','8. Casa/Cabaña de vacaciones propia',54),(1336,'9','9. Casa/Cabaña de vacaciones arrendada',54),(1337,'10','10. Apartahotel',54),(1338,'11','11. Casa/Apartamento arrendado',54),(1339,'12','12. Casa/Apartamento propio',54),(1340,'13','13. Habitacón rentada en vivienda familiar',54),(1341,'14','14. Habitación sin pagar en vivienda de familia que no es allegada a la mía',54),(1342,'15','15. Camping',54),(1343,'16','16. Ninguno',54),(1344,'17','17. En instalaciones de empresa, entidad o institución',54),(1345,'18','18. Casa rodante',54),(1346,'X_80','1. Asistencia a espectáculos artísticos que no hacen parte de festivales',57),(1347,'X_81','2. Asistencia a festivales artísticos (música, cine, danzas)',57),(1348,'X_82','3. Asistencias a fiestas y ferias de los pueblos o municipios',57),(1349,'X_83','4. Visita a museos, casa de la cultura, iglesias, santuarios, monumentos',57),(1350,'X_84','5. Visita a parques temáticos/ Parques de atracciones',57),(1351,'X_85','6. Visita a parques naturales, cascadas, ríos, pozos, balnearios, zoológicos y jardines botánicos',57),(1352,'X_86','7. Recorrer las calles y parques del casco urbano',57),(1353,'X_87','8. Visita a haciendas o fábricas donde enseñan el proceso del café, la panela, los dulces, etc',57),(1354,'X_88','9. Visita a casinos y otros sitios de juegos de azar',57),(1355,'X_89','10. Práctica de deportes',57),(1356,'X_90','11. Asistencia a competencias o muestras deportivas',57),(1357,'X_91','12. Visita a discotecas, bares, karaoke y pistas de baile',57),(1358,'X_92','13. Visita a centros comerciales',57),(1359,'X_93','14. Compras en almacenes no ubicados en centros comerciales',57),(1360,'X_94','15. Actividades religiosas (Procesión, misa, asistencia a representaciones de semana santa)',57),(1361,'X_95','16. Realizar inversiones/Reuniones de negocios',57),(1362,'X_96','17. Asistir a conferencias/Congresos/Ferias comerciales',57),(1363,'X_97','18. Ninguna',57),(1364,'X_98','B5. Otras, ¿Cuáles?',57),(1365,'X_99','B5. Otras, ¿Cuáles? 1',57),(1366,'X_100','B5. Otras, ¿Cuáles? 2',57),(1367,'X_101','B5. Otras, ¿Cuáles? 3',57),(1368,'X_102','B5. Otras, ¿Cuáles? 4',57),(1369,'X_103','B5. Otras, ¿Cuáles? 5',57),(1370,'X_104','1. Catedrales, iglesias',58),(1371,'X_105','2. Casa de la cultura',58),(1372,'X_106','3. Museos de arte',58),(1373,'X_107','4. Museos arqueológicos',58),(1374,'X_108','5. Haciencias y/o casas históricas',58),(1375,'X_109','6. Puentes históricos',58),(1376,'X_110','7. Monumentos',58),(1377,'X_111','8. Cementerios',58),(1378,'X_112','9. Santuarios',58),(1379,'X_113','Otro, ¿Cuál?',58),(1380,'X_114','Otro, ¿Cuál? 1',58),(1381,'X_115','Otro, ¿Cuál? 2',58),(1382,'X_116','Otro, ¿Cuál? 3',58),(1383,'X_119','1. AUTODROMO MOTORPARK',59),(1384,'X_120','2. AVENTURA PARK LA PERIQUERA',59),(1385,'X_121','3. BIOPARQUE LA RESERVA',59),(1386,'X_122','4. BOCATOMA',59),(1387,'X_123','5. COLUMPIO PANACHI',59),(1388,'X_124','6. ECOPARQUE CUBSIO',59),(1389,'X_125','7. FAUNATICOS',59),(1390,'X_126','1. Parque gallineral',60),(1391,'X_127','2. Reservas/Parques naturales',60),(1392,'X_128','3. Miradores paisajísticos',60),(1393,'X_129','4. Cascadas',60),(1394,'X_130','5. Ríos, pozos, balnearios',60),(1395,'X_131','6. Zoológicos',60),(1396,'X_132','7. Jadines botánicos',60),(1397,'X_133','8. Cuevas',60),(1398,'X_395','9. Playas, lagos y lagunas',60),(1399,'X_134','Otro, ¿Cuál?',60),(1400,'X_135','Otro, ¿Cuál? 1',60),(1401,'X_136','Otro, ¿Cuál? 2',60),(1402,'X_137','Otro, ¿Cuál? 3',60),(1403,'X_138','Otro, ¿Cuál? 4',60),(1404,'X_139','Otro, ¿Cuál? 5',60),(1405,'X_140','1. Proceso del café',61),(1406,'X_141','2. Proceso de la panela',61),(1407,'X_142','3. Proceso del dulce',61),(1408,'X_143','Otro, ¿Cuál?',61),(1409,'X_144','Otro, ¿Cuál? 1',61),(1410,'X_145','Otro, ¿Cuál? 2',61),(1411,'X_146','Otro, ¿Cuál? 3',61),(1412,'X_147','Otro, ¿Cuál? 4',61),(1413,'X_148','Otro, ¿Cuál? 5',61),(1414,'X_149','1. Rafting (canotaje)',62),(1415,'X_150','2. Espelelismo (Exploración recreativa de cuevas)',62),(1416,'X_151','3. Rappel en cascadas',62),(1417,'X_152','4. Parapente',62),(1418,'X_153','5. Senderismo (caminatas)',62),(1419,'X_154','6. Escalada en roca',62),(1420,'X_155','7. Bungee jumping',62),(1421,'X_156','Otro, ¿Cuál?',62),(1422,'X_157','Otro, ¿Cuál? 1',62),(1423,'X_158','Otro, ¿Cuál? 2',62),(1424,'X_159','Otro, ¿Cuál? 3',62),(1425,'X_160','Otro, ¿Cuál? 4',62),(1426,'X_161','Otro, ¿Cuál? 5',62),(1427,'1','1. Vehículo propio',63),(1428,'2','2. Vehículo de amigos o familiares',63),(1429,'3','3. Transporte terrestre de excursiones y/o planes turisticos',63),(1430,'4','4. Transporte aéreo',63),(1431,'5','5. Alquiler de vehículo',63),(1432,'6','6. Transporte terrestre de pasajeros (bus, buseta, taxi, automóvil)',63),(1433,'7','7. Vehículo del trabajo',63),(1434,'8','8. Vehículo compartido (carpooling)',63),(1435,'9','9. Autostop (Pedir aventón)',63),(1436,'1','1. Vehículo propio',64),(1437,'2','2. Vehículo de amigos o familiares',64),(1438,'3','3. Transporte terrestre de excursiones y/o planes turisticos',64),(1439,'4','4. Transporte terrestre intermunicipal',64),(1440,'5','5. Alquiler de vehículo',64),(1441,'6','6. Transporte terrestre de pasajeros (bus, buseta, taxi, automóvil)',64),(1442,'7','7. Vehículo del trabajo',64),(1443,'8','8. Transporte aéreo',64),(1444,'9','9. A pie',64),(1445,'10','10. Transporte con base a plataformas colaborativas',64),(1446,'11','11. Autoestop (Pedir aventón)',64),(1447,'1','1',65),(1448,'2','2',65),(1449,'3','3',65),(1450,'4','4',65),(1451,'5','5',65),(1452,'6','6',65),(1453,'7','7',65),(1454,'8','8',65),(1455,'9','9',65),(1456,'10','10',65),(1457,'X_165','1. Viaje sólo',67),(1458,'X_166','2. Mi pareja/Novio(a)/Esposo(a)',67),(1459,'X_167','3. Mis hijos',67),(1460,'X_168','4. Otros familiares',67),(1461,'X_169','5. Amigos',67),(1462,'X_170','6. Compañeros de trabajo',67),(1463,'X_171','7. Compañeros de estudio',67),(1464,'X_172','8. Otros turistas',67),(1465,'X_173','8.1 ¿Cuántos turistas?',67),(1466,'X_174','Otro, ¿Cuál?',67),(1467,'X_175','Otro, ¿Cuál? 1',67),(1468,'X_176','Otro, ¿Cuál? 2',67),(1469,'X_177','Otro, ¿Cuál? 3',67),(1470,'X_178','Otro, ¿Cuál? 4',67),(1471,'X_179','Otro, ¿Cuál? 5',67),(1472,'1','1. Si',68),(1473,'2','2. No',68),(1474,'X_181','Barranquilla',69),(1475,'X_182','Bogotá',69),(1476,'X_183','Cartagena',69),(1477,'X_184','Cúcuta',69),(1478,'X_185','Ninguna',69),(1479,'X_186','Otras ¿Cuáles?',69),(1480,'X_187','Otras ¿Cuáles? 1',69),(1481,'X_188','Otras ¿Cuáles? 2',69),(1482,'X_189','Otras ¿Cuáles? 3',69),(1483,'X_190','Otras ¿Cuáles? 4',69),(1484,'X_191','Otras ¿Cuáles? 5',69),(1485,'1','1. Agencia de viajes/Operador turístico',72),(1486,'2','2. Sitio de alojamiento (Hotel, hostal, posada)',72),(1487,'3','3. Operador web',72),(1488,'1','1. En Cundinamarca',73),(1489,'2','2. Otra ciudad colombiana (no incluye las de Cundinamarca)',73),(1490,'3','3. En el extranjero',73),(1491,'X_196','1. Transporte aéreo internacional',74),(1492,'X_197','2. Transporte aéreo desde una ciudad de Colombia a Cundinamarca',74),(1493,'X_198','3. Transporte terrestre de pasajeros desde una ciudad de Colombia a Cundinamarca',74),(1494,'X_199','4. Transporte terrestre de pasajeros para movilizarse dentro de Cundinamarca',74),(1495,'X_200','5. Alojamiento',74),(1496,'X_201','6. Alimento y bebidas',74),(1497,'X_202','7. Actividades recreativas, culturales y deportivas',74),(1498,'X_203','8. Asistencia a conferencia, seminarios, congresos, ferias comerciales y exposiciones',74),(1499,'X_204','Otros, ¿Cuáles?',74),(1500,'X_205','Otros, ¿Cuáles? 1',74),(1501,'X_206','Otros, ¿Cuáles? 2',74),(1502,'X_208','Otros, ¿Cuáles? 3',74),(1503,'X_209','Otros, ¿Cuáles? 4',74),(1504,'X_210','Otros, ¿Cuáles? 5',74),(1505,'X_211','E5 - 99. No realicé ningún tipo de gasto/ Esa situación no se presentó en el viaje',75),(1506,'X_212','E5 - 1. Transporte aéreo internacional (Incluye ida-vuelta)',75),(1507,'X_216','E5 - 2. Transporte aéreo desde una ciudad de Colombia a Cundinamarca (Incluye ida-vuelta)',75),(1508,'X_219','E5 - 3. Transporte terrestre de pasajeros desde una ciudad de Colombia a Villavicencio (Incluye ida-vuelta)',75),(1509,'X_222','E5 - 4. Transporte terrestre de pasajeros para movilizarse dentro de Cundinamarca',75),(1510,'X_225','E5 - 5. Alquiler de vehículo',75),(1511,'X_228','E5 - 6. Combustible',75),(1512,'X_231','E5 - 7. Alojamiento',75),(1513,'X_234','E5 - 8. Alimento y bebidas',75),(1514,'X_237','E5 - 9. Actividades recreativas, culturales y deportivas',75),(1515,'X_240','E5 - 10. Artesanías / Recuerdos',75),(1516,'X_243','E5 - 11. Objetos valiosos (Joyas, obras de arte)',75),(1517,'X_246','E5 - 12. Bienes de consumo duradero (Ropa, calzado, implementos deportivos, etc.)',75),(1518,'X_249','E5 - 13. Asistencia a conferencias, seminarios, congresos, ferias comerciales, exposiciones.',75),(1519,'X_252','E5 - 14. Cursos o talleres de enseñanza.',75),(1520,'X_255','E5 - 15. Servicios médicos (Incluye la cirugía estética)',75),(1521,'X_258','E5 - Otros, ¿Cuáles?',75),(1522,'cop','COP',78),(1523,'usd','USD',78),(1524,'1','Autoboy',126),(1525,'2','Berlinas del Fonce',126),(1526,'3','Expreso Bolivariano',126),(1527,'4','Expreso Brasilia',126),(1528,'5','Concorde',126),(1529,'6','Coomotor',126),(1530,'7','Copetran',126),(1531,'8','Coopmotilon',126),(1532,'9','Cootragua',126),(1533,'10','Cotranal',126),(1534,'11','Reina',126),(1535,'12','Libertadores',126),(1536,'13','Omega',126),(1537,'14','Transporte de operadores de turismo',126),(1538,'15','Cootransunidos',126),(1539,'16','No recuerda',126),(1540,'17','Coflotax',126),(1541,'18','Trasnporte especial de turismo',126),(1542,'19','Cotaxi',126),(1543,'20','Cotrans',126),(1544,'21','Cotranshuila',126),(1545,'22','Rápido Tolima',126),(1546,'23','Rápido ochoa',126),(1547,'24','Sotramagdalena',126),(1548,'25','Sugamuxi',126),(1549,'26','Extra rápido Los Motilones',126),(1550,'27','Trasan',126),(1551,'28','Expreso Gaviota',126),(1552,'29','Cootransmagdalena',126),(1553,'30','Coflonorte',126),(1554,'31','Transporte con base a plataformas colaborativas',126),(1555,'1','1. En Cundinamarca',127),(1556,'2','2. Otra ciudad Colombiana (no incluye las de Cundinamarca)',127),(1557,'1','1. En Cundinamarca',128),(1558,'2','2. Otra ciudad Colombiana (no incluye las de Cundinamarca)',128),(1559,'3','3. Extranjero',128),(1560,'X_291','1. Por mí',129),(1561,'X_292','2. Por mi pareja/novio(a)/esposo(a)',129),(1562,'X_293','3. Cada uno asumió sus gastos',129),(1563,'X_294','4. Se sumaron todos los gastos y se dividió por partes iguales',129),(1564,'X_295','5. Por otro(a)s familiares/amigo(a)s',129),(1565,'X_296','6. Cada familia pagó lo que le correspondió',129),(1566,'X_297','7. Por todos pero no se dividió en partes iguales',129),(1567,'X_298','8. Totalmente por la empresa donde trabajó o trabaja un integrante del grupo',129),(1568,'X_299','9. Una parte fue pagada por la empresa en la que trabajó o trabaja un integrante del grupo',129),(1569,'X_300','10. Una entidad que no es la empresa en la que trabajó o trabaja un integrante del grupo',129),(1570,'X_301','Otro, ¿Cuál?',129),(1571,'X_302','Otro, ¿Cuál? 1',129),(1572,'X_303','Otro, ¿Cuál? 2',129),(1573,'X_304','Otro, ¿Cuál? 3',129),(1574,'X_305','Otro, ¿Cuál? 4',129),(1575,'X_306','Otro, ¿Cuál? 5',129),(1576,'1','1. Si',130),(1577,'2','2. No',130),(1578,'11','NA',131),(1579,'1','1',131),(1580,'2','2',131),(1581,'3','3',131),(1582,'4','4',131),(1583,'5','5',131),(1584,'6','6',131),(1585,'7','7',131),(1586,'8','8',131),(1587,'9','9',131),(1588,'10','10',131),(1589,'11','NA',132),(1590,'1','1',132),(1591,'2','2',132),(1592,'3','3',132),(1593,'4','4',132),(1594,'5','5',132),(1595,'6','6',132),(1596,'7','7',132),(1597,'8','8',132),(1598,'9','9',132),(1599,'10','10',132),(1600,'11','NA',133),(1601,'1','1',133),(1602,'2','2',133),(1603,'3','3',133),(1604,'4','4',133),(1605,'5','5',133),(1606,'6','6',133),(1607,'7','7',133),(1608,'8','8',133),(1609,'9','9',133),(1610,'10','10',133),(1611,'11','NA',134),(1612,'1','1',134),(1613,'2','2',134),(1614,'3','3',134),(1615,'4','4',134),(1616,'5','5',134),(1617,'6','6',134),(1618,'7','7',134),(1619,'8','8',134),(1620,'9','9',134),(1621,'10','10',134),(1622,'11','NA',135),(1623,'1','1',135),(1624,'2','2',135),(1625,'3','3',135),(1626,'4','4',135),(1627,'5','5',135),(1628,'6','6',135),(1629,'7','7',135),(1630,'8','8',135),(1631,'9','9',135),(1632,'10','10',135),(1633,'11','NA',136),(1634,'1','1',136),(1635,'2','2',136),(1636,'3','3',136),(1637,'4','4',136),(1638,'5','5',136),(1639,'6','6',136),(1640,'7','7',136),(1641,'8','8',136),(1642,'9','9',136),(1643,'10','10',136),(1644,'11','NA',137),(1645,'1','1',137),(1646,'2','2',137),(1647,'3','3',137),(1648,'4','4',137),(1649,'5','5',137),(1650,'6','6',137),(1651,'7','7',137),(1652,'8','8',137),(1653,'9','9',137),(1654,'10','10',137),(1655,'1','1. Si',138),(1656,'2','2. No',138),(1657,'11','NA',139),(1658,'1','1',139),(1659,'2','2',139),(1660,'3','3',139),(1661,'4','4',139),(1662,'5','5',139),(1663,'6','6',139),(1664,'7','7',139),(1665,'8','8',139),(1666,'9','9',139),(1667,'10','10',139),(1668,'11','NA',140),(1669,'1','1',140),(1670,'2','2',140),(1671,'3','3',140),(1672,'4','4',140),(1673,'5','5',140),(1674,'6','6',140),(1675,'7','7',140),(1676,'8','8',140),(1677,'9','9',140),(1678,'10','10',140),(1679,'11','NA',141),(1680,'1','1',141),(1681,'2','2',141),(1682,'3','3',141),(1683,'4','4',141),(1684,'5','5',141),(1685,'6','6',141),(1686,'7','7',141),(1687,'8','8',141),(1688,'9','9',141),(1689,'10','10',141),(1690,'11','NA',142),(1691,'1','1',142),(1692,'2','2',142),(1693,'3','3',142),(1694,'4','4',142),(1695,'5','5',142),(1696,'6','6',142),(1697,'7','7',142),(1698,'8','8',142),(1699,'9','9',142),(1700,'10','10',142),(1701,'11','NA',143),(1702,'1','1',143),(1703,'2','2',143),(1704,'3','3',143),(1705,'4','4',143),(1706,'5','5',143),(1707,'6','6',143),(1708,'7','7',143),(1709,'8','8',143),(1710,'9','9',143),(1711,'10','10',143),(1712,'1','1. Si',144),(1713,'2','2. No',144),(1714,'11','NA',145),(1715,'1','1',145),(1716,'2','2',145),(1717,'3','3',145),(1718,'4','4',145),(1719,'5','5',145),(1720,'6','6',145),(1721,'7','7',145),(1722,'8','8',145),(1723,'9','9',145),(1724,'10','10',145),(1725,'11','NA',146),(1726,'1','1',146),(1727,'2','2',146),(1728,'3','3',146),(1729,'4','4',146),(1730,'5','5',146),(1731,'6','6',146),(1732,'7','7',146),(1733,'8','8',146),(1734,'9','9',146),(1735,'10','10',146),(1736,'11','NA',147),(1737,'1','1',147),(1738,'2','2',147),(1739,'3','3',147),(1740,'4','4',147),(1741,'5','5',147),(1742,'6','6',147),(1743,'7','7',147),(1744,'8','8',147),(1745,'9','9',147),(1746,'10','10',147),(1747,'1','1. Si',148),(1748,'2','2. No',148),(1749,'11','NA',149),(1750,'1','1',149),(1751,'2','2',149),(1752,'3','3',149),(1753,'4','4',149),(1754,'5','5',149),(1755,'6','6',149),(1756,'7','7',149),(1757,'8','8',149),(1758,'9','9',149),(1759,'10','10',149),(1760,'11','NA',150),(1761,'1','1',150),(1762,'2','2',150),(1763,'3','3',150),(1764,'4','4',150),(1765,'5','5',150),(1766,'6','6',150),(1767,'7','7',150),(1768,'8','8',150),(1769,'9','9',150),(1770,'10','10',150),(1771,'11','NA',151),(1772,'1','1',151),(1773,'2','2',151),(1774,'3','3',151),(1775,'4','4',151),(1776,'5','5',151),(1777,'6','6',151),(1778,'7','7',151),(1779,'8','8',151),(1780,'9','9',151),(1781,'10','10',151),(1782,'11','NA',152),(1783,'1','1',152),(1784,'2','2',152),(1785,'3','3',152),(1786,'4','4',152),(1787,'5','5',152),(1788,'6','6',152),(1789,'7','7',152),(1790,'8','8',152),(1791,'9','9',152),(1792,'10','10',152),(1793,'1','1. Si',153),(1794,'2','2. No',153),(1795,'11','NA',154),(1796,'1','1',154),(1797,'2','2',154),(1798,'3','3',154),(1799,'4','4',154),(1800,'5','5',154),(1801,'6','6',154),(1802,'7','7',154),(1803,'8','8',154),(1804,'9','9',154),(1805,'10','10',154),(1806,'11','NA',155),(1807,'1','1',155),(1808,'2','2',155),(1809,'3','3',155),(1810,'4','4',155),(1811,'5','5',155),(1812,'6','6',155),(1813,'7','7',155),(1814,'8','8',155),(1815,'9','9',155),(1816,'10','10',155),(1817,'11','NA',156),(1818,'1','1',156),(1819,'2','2',156),(1820,'3','3',156),(1821,'4','4',156),(1822,'5','5',156),(1823,'6','6',156),(1824,'7','7',156),(1825,'8','8',156),(1826,'9','9',156),(1827,'10','10',156),(1828,'T_380','1. Utilizar con moderación los recursos naturales como agua y energía',157),(1829,'T_381','2. Ayuda con limpieza de bosques, ríos, lagunas, playas, etc.',157),(1830,'T_382','3. Trata de minimizar la generación de residuos',157),(1831,'T_383','4. Utiliza puntos ecológicos para separación de residuos',157),(1832,'T_384','5. Cumple las recomendaciones para causar un menor impacto y no degradar espacios naturales',157),(1833,'T_385','6. Ninguna',157),(1834,'T_386','Otro, ¿Cuál? (ESTO HAY Q REVISAR - SE OMITE)',157),(1835,'1','1. Si',158),(1836,'2','2. No',158),(1837,'1','1. Amabilidad con los visitantes',159),(1838,'2','2. Movilidad vial',159),(1839,'3','3. Ofrecer más atracciones',159),(1840,'4','4. Seguridad',159),(1841,'5','5. Mejorar el conocimiento de los atractivos/experiencias',159),(1842,'6','6. Mejorar relación precio-beneficio',159),(1843,'7','7. Más puntos de información',159),(1844,'8','8. Mejorar ciudado de los animales',159),(1845,'9','9. Mejorar el manejo de desechos/basura',159),(1846,'10','10. Horarios',159),(1847,'1','1. Amabilidad con los visitantes',160),(1848,'2','2. Movilidad vial',160),(1849,'3','3. Ofrecer más atracciones',160),(1850,'4','4. Seguridad',160),(1851,'5','5. Mejorar el conocimiento de los atractivos/experiencias',160),(1852,'6','6. Mejorar relación precio-beneficio',160),(1853,'7','7. Más puntos de información',160),(1854,'8','8. Mejorar ciudado de los animales',160),(1855,'9','9. Mejorar el manejo de desechos/basura',160),(1856,'10','10. Horarios',160),(1857,'1','1. Amabilidad con los visitantes',161),(1858,'2','2. Movilidad vial',161),(1859,'3','3. Ofrecer más atracciones',161),(1860,'4','4. Seguridad',161),(1861,'7','7. Más puntos de información',161),(1862,'8','8. Mejorar ciudado de los animales',161),(1863,'9','9. Mejorar el manejo de desechos/basura',161),(1864,'10','10. Horarios',161),(1865,'1','1. Amabilidad con los visitantes',162),(1866,'2','2. Movilidad vial',162),(1867,'3','3. Ofrecer más atracciones',162),(1868,'4','4. Seguridad',162),(1869,'5','5. Mejorar el conocimiento de los atractivos/experiencias',162),(1870,'6','6. Mejorar relación precio-beneficio',162),(1871,'7','7. Más puntos de información',162),(1872,'8','8. Mejorar ciudado de los animales',162),(1873,'9','9. Mejorar el manejo de desechos/basura',162),(1874,'10','10. Horarios',162),(1875,'1','1. Amabilidad con los visitantes',163),(1876,'2','2. Movilidad vial',163),(1877,'3','3. Ofrecer más atracciones',163),(1878,'4','4. Seguridad',163),(1879,'5','5. Mejorar el conocimiento de los atractivos/experiencias',163),(1880,'6','6. Mejorar relación precio-beneficio',163),(1881,'7','7. Más puntos de información',163),(1882,'8','8. Mejorar ciudado de los animales',163),(1883,'9','9. Mejorar el manejo de desechos/basura',163),(1884,'10','10. Horarios',163),(1885,'1','1. Amabilidad con los visitantes',164),(1886,'2','2. Movilidad vial',164),(1887,'3','3. Ofrecer más atracciones',164),(1888,'4','4. Seguridad',164),(1889,'5','5. Mejorar el conocimiento de los atractivos/experiencias',164),(1890,'6','6. Mejorar relación precio-beneficio',164),(1891,'7','7. Más puntos de información',164),(1892,'8','8. Mejorar ciudado de los animales',164),(1893,'9','9. Mejorar el manejo de desechos/basura',164),(1894,'10','10. Horarios',164),(1895,'1','1',165),(1896,'2','2',165),(1897,'3','3',165),(1898,'4','4',165),(1899,'5','5',165),(1900,'6','6',165),(1901,'7','7',165),(1902,'8','8',165),(1903,'9','9',165),(1904,'10','10',165),(1905,'1','1',166),(1906,'2','2',166),(1907,'3','3',166),(1908,'4','4',166),(1909,'5','5',166),(1910,'6','6',166),(1911,'7','7',166),(1912,'8','8',166),(1913,'9','9',166),(1914,'10','10',166),(1915,'1','1. Si',167),(1916,'2','2. No estoy seguro',167),(1917,'3','3. No',167),(1918,'1','1. Si',168),(1919,'2','2. No estoy seguro',168),(1920,'3','3. No',168),(1921,'1','1',169),(1922,'2','2',169),(1923,'3','3',169),(1924,'4','4',169),(1925,'5','5',169),(1926,'6','6',169),(1927,'7','7',169),(1928,'8','8',169),(1929,'9','9',169),(1930,'10','10',169),(1931,'11','más de 10',169),(1932,'X_341','1. Ya los conocía',170),(1933,'X_342','2. Amigos y/o familiares',170),(1934,'X_343','3. Búsquedas de internet',170),(1935,'X_344','4. Medios de comunicación masiva (Prensa,radio,TV)',170),(1936,'X_389','5. Portal (SITUR en caso de tener)',170),(1937,'X_345','6. Agencia de viajes',170),(1938,'X_346','Otros, ¿Cuáles?',170),(1939,'X_347','Otros, ¿Cuáles? 1',170),(1940,'X_348','Otros, ¿Cuáles? 2',170),(1941,'X_349','Otros, ¿Cuáles? 3',170),(1942,'X_350','Otros, ¿Cuáles? 4',170),(1943,'X_351','Otros, ¿Cuáles? 5',170),(1944,'X_353','1. Familiares',171),(1945,'X_354','2. Hotel',171),(1946,'X_355','3. Otros turistas',171),(1947,'X_356','4. Búsquedas en internet',171),(1948,'X_390','8. Portal (SITUR en caso de tener)',171),(1949,'X_352','14. No busqué más información',171),(1950,'X_357','Otros, ¿Cuáles?',171),(1951,'X_358','Otros, ¿Cuáles? 1',171),(1952,'X_359','Otros, ¿Cuáles? 2',171),(1953,'X_360','Otros, ¿Cuáles? 3',171),(1954,'X_361','Otros, ¿Cuáles? 4',171),(1955,'X_362','Otros, ¿Cuáles? 5',171),(1956,'1','1. Si',172),(1957,'2','2. No',172),(1958,'X_363','1. No compartí en redes sociales',173),(1959,'X_364','2. Facebook',173),(1960,'X_365','3. Twitter',173),(1961,'X_366','8. YouTube',173),(1962,'X_367','11. Instagram',173),(1963,'X_368','Otros, ¿Cuáles?',173),(1964,'X_369','Otros, ¿Cuáles? 1',173),(1965,'X_370','Otros, ¿Cuáles? 2',173),(1966,'X_371','Otros, ¿Cuáles? 3',173),(1967,'X_372','Otros, ¿Cuáles? 4',173),(1968,'X_373','Otros, ¿Cuáles? 5',173),(1969,'1','1. Si',174),(1970,'2','2. No',174),(1971,'1','1. Si',175),(1972,'2','2. No',175),(1973,'1','1. Si',178),(1974,'2','2. No',178),(1975,'1','1. Si',179),(1976,'2','2. No',179),(1977,'1','1. Si',180),(1978,'2','2. No',180);
/*!40000 ALTER TABLE `estadisticas_respuesta` ENABLE KEYS */;
UNLOCK TABLES;

--
-- Table structure for table `estadisticas_segmentosfichatecnica`
--

DROP TABLE IF EXISTS `estadisticas_segmentosfichatecnica`;
/*!40101 SET @saved_cs_client     = @@character_set_client */;
/*!50503 SET character_set_client = utf8mb4 */;
CREATE TABLE `estadisticas_segmentosfichatecnica` (
  `id` int(11) NOT NULL AUTO_INCREMENT,
  `fecha_creacion` datetime(6) NOT NULL,
  `fecha_actualizacion` datetime(6) NOT NULL,
  `activo` tinyint(1) NOT NULL,
  `segmento_titulo` varchar(100) NOT NULL,
  `actualizador_id` int(11) DEFAULT NULL,
  `creador_id` int(11) NOT NULL,
  PRIMARY KEY (`id`),
  KEY `estadisticas_segment_actualizador_id_075cc8f1_fk_auth_user` (`actualizador_id`),
  KEY `estadisticas_segment_creador_id_7c8ccab3_fk_auth_user` (`creador_id`),
  CONSTRAINT `estadisticas_segment_actualizador_id_075cc8f1_fk_auth_user` FOREIGN KEY (`actualizador_id`) REFERENCES `auth_user` (`id`),
  CONSTRAINT `estadisticas_segment_creador_id_7c8ccab3_fk_auth_user` FOREIGN KEY (`creador_id`) REFERENCES `auth_user` (`id`)
) ENGINE=InnoDB AUTO_INCREMENT=4 DEFAULT CHARSET=utf8;
/*!40101 SET character_set_client = @saved_cs_client */;

--
-- Dumping data for table `estadisticas_segmentosfichatecnica`
--

LOCK TABLES `estadisticas_segmentosfichatecnica` WRITE;
/*!40000 ALTER TABLE `estadisticas_segmentosfichatecnica` DISABLE KEYS */;
INSERT INTO `estadisticas_segmentosfichatecnica` VALUES (1,'2019-04-17 14:48:50.599000','2019-06-25 15:31:16.492000',1,'Turistas',1,1),(2,'2019-06-22 17:34:59.158000','2019-07-23 20:52:17.299781',1,'Hogares',1,1),(3,'2019-07-23 20:52:40.489368','2019-07-23 20:52:40.489422',1,'Prestadores',NULL,1);
/*!40000 ALTER TABLE `estadisticas_segmentosfichatecnica` ENABLE KEYS */;
UNLOCK TABLES;

--
-- Table structure for table `estadisticas_segmentosfichatecnicaidioma`
--

DROP TABLE IF EXISTS `estadisticas_segmentosfichatecnicaidioma`;
/*!40101 SET @saved_cs_client     = @@character_set_client */;
/*!50503 SET character_set_client = utf8mb4 */;
CREATE TABLE `estadisticas_segmentosfichatecnicaidioma` (
  `id` int(11) NOT NULL AUTO_INCREMENT,
  `segmento_titulo` varchar(100) NOT NULL,
  `lenguaje_id` int(11) NOT NULL,
  `segmento_id` int(11) NOT NULL,
  PRIMARY KEY (`id`),
  UNIQUE KEY `estadisticas_segmentosfi_lenguaje_id_segmento_id_07e16925_uniq` (`lenguaje_id`,`segmento_id`),
  KEY `estadisticas_segment_segmento_id_e1539852_fk_estadisti` (`segmento_id`),
  CONSTRAINT `estadisticas_segment_lenguaje_id_1dba951f_fk_ubicacion` FOREIGN KEY (`lenguaje_id`) REFERENCES `ubicaciones_lenguaje` (`id`),
  CONSTRAINT `estadisticas_segment_segmento_id_e1539852_fk_estadisti` FOREIGN KEY (`segmento_id`) REFERENCES `estadisticas_segmentosfichatecnica` (`id`)
) ENGINE=InnoDB AUTO_INCREMENT=7 DEFAULT CHARSET=utf8;
/*!40101 SET character_set_client = @saved_cs_client */;

--
-- Dumping data for table `estadisticas_segmentosfichatecnicaidioma`
--

LOCK TABLES `estadisticas_segmentosfichatecnicaidioma` WRITE;
/*!40000 ALTER TABLE `estadisticas_segmentosfichatecnicaidioma` DISABLE KEYS */;
INSERT INTO `estadisticas_segmentosfichatecnicaidioma` VALUES (1,'Turistas',1,1),(2,'Hogares',1,2),(3,'Tourist',2,1),(4,'Homes',2,2),(5,'Prestadores',1,3),(6,'Providers',2,3);
/*!40000 ALTER TABLE `estadisticas_segmentosfichatecnicaidioma` ENABLE KEYS */;
UNLOCK TABLES;

--
-- Table structure for table `publicaciones_biblioteca`
--

DROP TABLE IF EXISTS `publicaciones_biblioteca`;
/*!40101 SET @saved_cs_client     = @@character_set_client */;
/*!50503 SET character_set_client = utf8mb4 */;
CREATE TABLE `publicaciones_biblioteca` (
  `id` int(11) NOT NULL AUTO_INCREMENT,
  `fecha_creacion` datetime(6) NOT NULL,
  `fecha_actualizacion` datetime(6) NOT NULL,
  `activo` tinyint(1) NOT NULL,
  `imagen_portada` varchar(100) NOT NULL,
  `nombre_archivo` varchar(200) NOT NULL,
  `contador_descargas` int(10) unsigned NOT NULL,
  `archivo_semanario` varchar(100) NOT NULL,
  `fecha_inicio` date NOT NULL,
  `fecha_fin` date NOT NULL,
  `slug_biblioteca` varchar(200) NOT NULL,
  `actualizador_id` int(11) DEFAULT NULL,
  `creador_id` int(11) NOT NULL,
  `informacion_general_id` int(11) NOT NULL,
  PRIMARY KEY (`id`),
  UNIQUE KEY `publicaciones_biblioteca_nombre_archivo_7082e901_uniq` (`nombre_archivo`),
  KEY `publicaciones_biblio_actualizador_id_b2b809fd_fk_auth_user` (`actualizador_id`),
  KEY `publicaciones_biblioteca_creador_id_19fbd0a7_fk_auth_user_id` (`creador_id`),
  KEY `publicaciones_biblioteca_slug_biblioteca_57e863f5` (`slug_biblioteca`),
  KEY `publicaciones_biblio_informacion_general__8f74dd90_fk_publicaci` (`informacion_general_id`),
  CONSTRAINT `publicaciones_biblio_actualizador_id_b2b809fd_fk_auth_user` FOREIGN KEY (`actualizador_id`) REFERENCES `auth_user` (`id`),
  CONSTRAINT `publicaciones_biblio_informacion_general__8f74dd90_fk_publicaci` FOREIGN KEY (`informacion_general_id`) REFERENCES `publicaciones_informaciongeneral` (`id`),
  CONSTRAINT `publicaciones_biblioteca_creador_id_19fbd0a7_fk_auth_user_id` FOREIGN KEY (`creador_id`) REFERENCES `auth_user` (`id`)
) ENGINE=InnoDB AUTO_INCREMENT=4 DEFAULT CHARSET=utf8;
/*!40101 SET character_set_client = @saved_cs_client */;

--
-- Dumping data for table `publicaciones_biblioteca`
--

LOCK TABLES `publicaciones_biblioteca` WRITE;
/*!40000 ALTER TABLE `publicaciones_biblioteca` DISABLE KEYS */;
INSERT INTO `publicaciones_biblioteca` VALUES (1,'2019-04-15 23:25:18.651000','2019-05-08 22:57:28.452000',1,'index/noticia/ebooks.jpg','Gravida aliquet tempor felis elementum,',6,'6._Tabla_de_Control_cryogas_oxsMvXM.xlsx','2019-04-16','2019-04-16','1',1,1,3),(2,'2019-05-08 21:58:40.002000','2019-05-08 22:57:24.598000',1,'index/noticia/Primera_biblioteca_virtual_de_la_red_de_subtes.jpg','Cras magnis et a tortor sodales conubia fames,',5,'IAC-V2-CustomizeVR-Sleeve1.pdf','2019-05-08','2019-05-08','2',1,1,1),(3,'2019-05-08 22:02:39.008000','2019-05-09 21:06:31.881000',1,'index/noticia/biblioteca-digital.jpg','Viverra vitae fames inceptos risus, imperdiet etiam torquent tempor quisque,',6,'IAC-V2-CustomizeVR-Sleeve1_6XKfPPC.pdf','2019-05-08','2019-05-08','3',1,1,1);
/*!40000 ALTER TABLE `publicaciones_biblioteca` ENABLE KEYS */;
UNLOCK TABLES;

--
-- Table structure for table `publicaciones_bibliotecaidioma`
--

DROP TABLE IF EXISTS `publicaciones_bibliotecaidioma`;
/*!40101 SET @saved_cs_client     = @@character_set_client */;
/*!50503 SET character_set_client = utf8mb4 */;
CREATE TABLE `publicaciones_bibliotecaidioma` (
  `id` int(11) NOT NULL AUTO_INCREMENT,
  `titulo_archivo` varchar(200) NOT NULL,
  `descripcion_archivo` longtext NOT NULL,
  `biblioteca_id` int(11) NOT NULL,
  `lenguaje_id` int(11) NOT NULL,
  PRIMARY KEY (`id`),
  UNIQUE KEY `publicaciones_biblioteca_lenguaje_id_biblioteca_i_e7d8558f_uniq` (`lenguaje_id`,`biblioteca_id`),
  KEY `publicaciones_biblio_biblioteca_id_5568609b_fk_publicaci` (`biblioteca_id`),
  CONSTRAINT `publicaciones_biblio_biblioteca_id_5568609b_fk_publicaci` FOREIGN KEY (`biblioteca_id`) REFERENCES `publicaciones_biblioteca` (`id`),
  CONSTRAINT `publicaciones_biblio_lenguaje_id_0583f23b_fk_ubicacion` FOREIGN KEY (`lenguaje_id`) REFERENCES `ubicaciones_lenguaje` (`id`)
) ENGINE=InnoDB AUTO_INCREMENT=8 DEFAULT CHARSET=utf8;
/*!40101 SET character_set_client = @saved_cs_client */;

--
-- Dumping data for table `publicaciones_bibliotecaidioma`
--

LOCK TABLES `publicaciones_bibliotecaidioma` WRITE;
/*!40000 ALTER TABLE `publicaciones_bibliotecaidioma` DISABLE KEYS */;
INSERT INTO `publicaciones_bibliotecaidioma` VALUES (1,'Gravida aliquet tempor felis elementum','<p>Aliquet platea lacinia semper quam non dictumst fames, himenaeos libero pharetra luctus rutrum diam tellus suspendisse, rhoncus sem hendrerit convallis erat ultricies. Inceptos luctus penatibus primis sagittis natoque eget nam litora conubia iaculis sociis, lacinia etiam est erat mattis volutpat vitae quis libero platea diam, sem quam ligula cubilia senectus neque bibendum aptent tempus habitasse.</p>\r\n\r\n<p>Nec donec habitasse ac tortor interdum curae vel eget euismod risus, libero scelerisque purus tincidunt vitae conubia proin est. Eget conubia netus habitasse eu mattis inceptos vestibulum, cubilia pellentesque dapibus pulvinar ad fermentum mi sed, rhoncus eleifend lobortis faucibus duis donec. Dignissim imperdiet tincidunt etiam torquent tempor orci posuere non ligula diam, auctor et scelerisque interdum natoque lacinia ad primis. Viverra vel dignissim neque non vulputate volutpat torquent placerat vitae maecenas.</p>',1,1),(3,'Gravida aliquet tempor felis elementum','<p>Aliquet platea lacinia semper quam non dictumst fames, himenaeos libero pharetra luctus rutrum diam tellus suspendisse, rhoncus sem hendrerit convallis erat ultricies. Inceptos luctus penatibus primis sagittis natoque eget nam litora conubia iaculis sociis, lacinia etiam est erat mattis volutpat vitae quis libero platea diam, sem quam ligula cubilia senectus neque bibendum aptent tempus habitasse.</p>\r\n\r\n<p>Nec donec habitasse ac tortor interdum curae vel eget euismod risus, libero scelerisque purus tincidunt vitae conubia proin est. Eget conubia netus habitasse eu mattis inceptos vestibulum, cubilia pellentesque dapibus pulvinar ad fermentum mi sed, rhoncus eleifend lobortis faucibus duis donec. Dignissim imperdiet tincidunt etiam torquent tempor orci posuere non ligula diam, auctor et scelerisque interdum natoque lacinia ad primis. Viverra vel dignissim neque non vulputate volutpat torquent placerat vitae maecenas.</p>',1,2),(4,'Cras magnis et a tortor sodales conubia fames','<p>Nascetur velit ante maecenas tempus pellentesque class dapibus phasellus netus, a vitae laoreet nunc egestas conubia quam lacinia gravida nulla, parturient vivamus vehicula pretium luctus vel congue ut. Integer senectus potenti facilisi quis commodo neque fringilla vestibulum, justo mus tincidunt est dignissim dis porttitor arcu, imperdiet praesent eleifend diam aliquet sem sociis. Interdum orci nulla volutpat accumsan egestas montes sociosqu ligula, sem vehicula ullamcorper libero eleifend elementum duis, quam dapibus at dictum mauris urna augue.</p>\r\n\r\n<p>Suspendisse orci in dapibus suscipit curae taciti porta scelerisque ligula, primis enim tellus interdum rutrum lacus sodales nec sapien, montes torquent dis quisque vestibulum nascetur et magnis. Curabitur sociosqu proin congue vehicula odio aliquet curae.</p>',2,1),(5,'Cras magnis et a tortor sodales conubia fames','<p>Nascetur velit ante maecenas tempus pellentesque class dapibus phasellus netus, a vitae laoreet nunc egestas conubia quam lacinia gravida nulla, parturient vivamus vehicula pretium luctus vel congue ut. Integer senectus potenti facilisi quis commodo neque fringilla vestibulum, justo mus tincidunt est dignissim dis porttitor arcu, imperdiet praesent eleifend diam aliquet sem sociis. Interdum orci nulla volutpat accumsan egestas montes sociosqu ligula, sem vehicula ullamcorper libero eleifend elementum duis, quam dapibus at dictum mauris urna augue.</p>\r\n\r\n<p>Suspendisse orci in dapibus suscipit curae taciti porta scelerisque ligula, primis enim tellus interdum rutrum lacus sodales nec sapien, montes torquent dis quisque vestibulum nascetur et magnis. Curabitur sociosqu proin congue vehicula odio aliquet curae.</p>',2,2),(6,'Natoque aliquam praesent fames himenaeos habitasse cursus sagittis','<p>At blandit orci commodo rhoncus dictumst in feugiat luctus mauris, mollis fames augue sapien pharetra viverra vivamus integer, curabitur lacinia erat dui hendrerit odio venenatis phasellus. Feugiat turpis taciti accumsan per iaculis neque cum, ultricies aliquam sagittis venenatis nullam ultrices, ornare fringilla diam placerat gravida ullamcorper. Praesent vitae aenean porta tempus vulputate maecenas fames eget mauris, placerat cum nulla aliquet pharetra dictum hendrerit ut suspendisse, luctus dictumst per penatibus taciti hac porttitor velit.</p>',3,1),(7,'Natoque aliquam praesent fames himenaeos habitasse cursus sagittis','<p>At blandit orci commodo rhoncus dictumst in feugiat luctus mauris, mollis fames augue sapien pharetra viverra vivamus integer, curabitur lacinia erat dui hendrerit odio venenatis phasellus. Feugiat turpis taciti accumsan per iaculis neque cum, ultricies aliquam sagittis venenatis nullam ultrices, ornare fringilla diam placerat gravida ullamcorper. Praesent vitae aenean porta tempus vulputate maecenas fames eget mauris, placerat cum nulla aliquet pharetra dictum hendrerit ut suspendisse, luctus dictumst per penatibus taciti hac porttitor velit.</p>',3,2);
/*!40000 ALTER TABLE `publicaciones_bibliotecaidioma` ENABLE KEYS */;
UNLOCK TABLES;

--
-- Table structure for table `publicaciones_categoriaempleo`
--

DROP TABLE IF EXISTS `publicaciones_categoriaempleo`;
/*!40101 SET @saved_cs_client     = @@character_set_client */;
/*!50503 SET character_set_client = utf8mb4 */;
CREATE TABLE `publicaciones_categoriaempleo` (
  `id` int(11) NOT NULL AUTO_INCREMENT,
  `fecha_creacion` datetime(6) NOT NULL,
  `fecha_actualizacion` datetime(6) NOT NULL,
  `activo` tinyint(1) NOT NULL,
  `nombre_categoria` varchar(200) NOT NULL,
  `actualizador_id` int(11) DEFAULT NULL,
  `creador_id` int(11) NOT NULL,
  PRIMARY KEY (`id`),
  KEY `publicaciones_catego_actualizador_id_1f17b316_fk_auth_user` (`actualizador_id`),
  KEY `publicaciones_catego_creador_id_ead3c5fb_fk_auth_user` (`creador_id`),
  CONSTRAINT `publicaciones_catego_actualizador_id_1f17b316_fk_auth_user` FOREIGN KEY (`actualizador_id`) REFERENCES `auth_user` (`id`),
  CONSTRAINT `publicaciones_catego_creador_id_ead3c5fb_fk_auth_user` FOREIGN KEY (`creador_id`) REFERENCES `auth_user` (`id`)
) ENGINE=InnoDB AUTO_INCREMENT=12 DEFAULT CHARSET=utf8;
/*!40101 SET character_set_client = @saved_cs_client */;

--
-- Dumping data for table `publicaciones_categoriaempleo`
--

LOCK TABLES `publicaciones_categoriaempleo` WRITE;
/*!40000 ALTER TABLE `publicaciones_categoriaempleo` DISABLE KEYS */;
INSERT INTO `publicaciones_categoriaempleo` VALUES (1,'2019-04-15 23:25:40.594000','2019-05-08 22:12:23.083000',1,'Almacén / Logística / Transporte',1,1),(2,'2019-05-08 22:12:52.746000','2019-05-08 22:12:52.746000',1,'Administración / Oficina',NULL,1),(3,'2019-05-08 22:13:19.030000','2019-05-08 22:13:19.030000',1,'Atención al cliente',NULL,1),(4,'2019-05-08 22:13:57.729000','2019-05-08 22:13:57.729000',1,'Construcción y obra',NULL,1),(5,'2019-05-08 22:14:32.057000','2019-05-08 22:14:32.057000',1,'Contabilidad / Finanzas',NULL,1),(6,'2019-05-08 22:14:59.006000','2019-05-08 22:14:59.006000',1,'Ingeniería',NULL,1),(7,'2019-05-08 22:15:40.499000','2019-05-08 22:15:40.499000',1,'Matenimiento / Reparaciones',NULL,1),(8,'2019-05-08 22:16:08.297000','2019-05-08 22:16:08.297000',1,'Medicina / Salud',NULL,1),(9,'2019-05-08 22:16:38.434000','2019-05-08 22:16:38.434000',1,'Servicios generales y seguridad',NULL,1),(10,'2019-05-08 22:17:02.816000','2019-05-08 22:17:02.816000',1,'Técnicas',NULL,1),(11,'2019-05-08 22:17:32.157000','2019-05-08 22:17:32.157000',1,'Ventas',NULL,1);
/*!40000 ALTER TABLE `publicaciones_categoriaempleo` ENABLE KEYS */;
UNLOCK TABLES;

--
-- Table structure for table `publicaciones_categoriaempleoidioma`
--

DROP TABLE IF EXISTS `publicaciones_categoriaempleoidioma`;
/*!40101 SET @saved_cs_client     = @@character_set_client */;
/*!50503 SET character_set_client = utf8mb4 */;
CREATE TABLE `publicaciones_categoriaempleoidioma` (
  `id` int(11) NOT NULL AUTO_INCREMENT,
  `nombre_categoria` varchar(200) NOT NULL,
  `categoria_empleo_id` int(11) NOT NULL,
  `lenguaje_id` int(11) NOT NULL,
  PRIMARY KEY (`id`),
  UNIQUE KEY `publicaciones_categoriae_lenguaje_id_categoria_em_e0aa4549_uniq` (`lenguaje_id`,`categoria_empleo_id`),
  KEY `publicaciones_catego_categoria_empleo_id_0da42de3_fk_publicaci` (`categoria_empleo_id`),
  CONSTRAINT `publicaciones_catego_categoria_empleo_id_0da42de3_fk_publicaci` FOREIGN KEY (`categoria_empleo_id`) REFERENCES `publicaciones_categoriaempleo` (`id`),
  CONSTRAINT `publicaciones_catego_lenguaje_id_f7dc1008_fk_ubicacion` FOREIGN KEY (`lenguaje_id`) REFERENCES `ubicaciones_lenguaje` (`id`)
) ENGINE=InnoDB AUTO_INCREMENT=23 DEFAULT CHARSET=utf8;
/*!40101 SET character_set_client = @saved_cs_client */;

--
-- Dumping data for table `publicaciones_categoriaempleoidioma`
--

LOCK TABLES `publicaciones_categoriaempleoidioma` WRITE;
/*!40000 ALTER TABLE `publicaciones_categoriaempleoidioma` DISABLE KEYS */;
INSERT INTO `publicaciones_categoriaempleoidioma` VALUES (1,'Almacén / Logística / Transporte',1,1),(2,'Warehouse / Logistics / Transportation',1,2),(3,'Administración / Oficina',2,1),(4,'Administration / Office',2,2),(5,'Atención al cliente',3,1),(6,'Customer Support',3,2),(7,'Construcción y obra',4,1),(8,'Construction and work',4,2),(9,'Contabilidad / Finanzas',5,1),(10,'Accounting / Finance',5,2),(11,'Ingeniería',6,1),(12,'Engineering',6,2),(13,'Mantenimiento / Reparaciones',7,1),(14,'Maintenance / Repairs',7,2),(15,'Medicina / Salud',8,1),(16,'Medicine / Health',8,2),(17,'Servicios generales y seguridad',9,1),(18,'General services and security',9,2),(19,'Técnicas',10,1),(20,'Techniques',10,2),(21,'Ventas',11,1),(22,'Sales',11,2);
/*!40000 ALTER TABLE `publicaciones_categoriaempleoidioma` ENABLE KEYS */;
UNLOCK TABLES;

--
-- Table structure for table `publicaciones_categoriainformes`
--

DROP TABLE IF EXISTS `publicaciones_categoriainformes`;
/*!40101 SET @saved_cs_client     = @@character_set_client */;
/*!50503 SET character_set_client = utf8mb4 */;
CREATE TABLE `publicaciones_categoriainformes` (
  `id` int(11) NOT NULL AUTO_INCREMENT,
  `fecha_creacion` datetime(6) NOT NULL,
  `fecha_actualizacion` datetime(6) NOT NULL,
  `activo` tinyint(1) NOT NULL,
  `nombre_categoria` varchar(200) NOT NULL,
  `actualizador_id` int(11) DEFAULT NULL,
  `creador_id` int(11) NOT NULL,
  PRIMARY KEY (`id`),
  KEY `publicaciones_catego_actualizador_id_45bfa90f_fk_auth_user` (`actualizador_id`),
  KEY `publicaciones_catego_creador_id_1ec2f86c_fk_auth_user` (`creador_id`),
  CONSTRAINT `publicaciones_catego_actualizador_id_45bfa90f_fk_auth_user` FOREIGN KEY (`actualizador_id`) REFERENCES `auth_user` (`id`),
  CONSTRAINT `publicaciones_catego_creador_id_1ec2f86c_fk_auth_user` FOREIGN KEY (`creador_id`) REFERENCES `auth_user` (`id`)
) ENGINE=InnoDB AUTO_INCREMENT=10 DEFAULT CHARSET=utf8;
/*!40101 SET character_set_client = @saved_cs_client */;

--
-- Dumping data for table `publicaciones_categoriainformes`
--

LOCK TABLES `publicaciones_categoriainformes` WRITE;
/*!40000 ALTER TABLE `publicaciones_categoriainformes` DISABLE KEYS */;
INSERT INTO `publicaciones_categoriainformes` VALUES (1,'2019-04-15 23:26:29.697000','2019-05-08 22:42:17.301000',1,'Comunicados',1,1),(2,'2019-05-08 22:43:10.228000','2019-09-30 17:04:04.399906',1,'Turismo Receptor',1,1),(3,'2019-05-08 22:43:38.714000','2019-05-08 22:43:38.714000',1,'Informes PST',NULL,1),(4,'2019-05-08 22:44:19.569000','2019-05-08 22:44:19.569000',1,'Informes especiales',NULL,1),(5,'2019-09-30 17:04:59.737504','2019-09-30 17:05:52.417647',1,'Turismo Emisor',1,1),(6,'2019-09-30 17:06:56.046205','2019-09-30 17:06:56.046262',1,'Verificación RNT',NULL,1),(7,'2019-09-30 17:07:28.437738','2019-09-30 17:07:28.437796',1,'Turismo Sostenible',NULL,1),(8,'2019-09-30 17:07:56.805184','2019-09-30 17:07:56.805249',1,'Generación de empleo',NULL,1),(9,'2019-09-30 17:08:27.291184','2019-09-30 17:08:27.291241',1,'Oferta Turística',NULL,1);
/*!40000 ALTER TABLE `publicaciones_categoriainformes` ENABLE KEYS */;
UNLOCK TABLES;

--
-- Table structure for table `publicaciones_categoriainformesidioma`
--

DROP TABLE IF EXISTS `publicaciones_categoriainformesidioma`;
/*!40101 SET @saved_cs_client     = @@character_set_client */;
/*!50503 SET character_set_client = utf8mb4 */;
CREATE TABLE `publicaciones_categoriainformesidioma` (
  `id` int(11) NOT NULL AUTO_INCREMENT,
  `nombre_categoria` varchar(200) NOT NULL,
  `informacion_id` int(11) NOT NULL,
  `lenguaje_id` int(11) NOT NULL,
  PRIMARY KEY (`id`),
  UNIQUE KEY `publicaciones_categoriai_lenguaje_id_informacion__451868ac_uniq` (`lenguaje_id`,`informacion_id`),
  KEY `publicaciones_catego_informacion_id_a1467f54_fk_publicaci` (`informacion_id`),
  CONSTRAINT `publicaciones_catego_informacion_id_a1467f54_fk_publicaci` FOREIGN KEY (`informacion_id`) REFERENCES `publicaciones_categoriainformes` (`id`),
  CONSTRAINT `publicaciones_catego_lenguaje_id_6fc30235_fk_ubicacion` FOREIGN KEY (`lenguaje_id`) REFERENCES `ubicaciones_lenguaje` (`id`)
) ENGINE=InnoDB AUTO_INCREMENT=19 DEFAULT CHARSET=utf8;
/*!40101 SET character_set_client = @saved_cs_client */;

--
-- Dumping data for table `publicaciones_categoriainformesidioma`
--

LOCK TABLES `publicaciones_categoriainformesidioma` WRITE;
/*!40000 ALTER TABLE `publicaciones_categoriainformesidioma` DISABLE KEYS */;
INSERT INTO `publicaciones_categoriainformesidioma` VALUES (1,'Comunicados',1,1),(2,'Releases',1,2),(3,'Turismo Receptor',2,1),(4,'Inbound Tourism',2,2),(5,'Informes PST',3,1),(6,'PST Reports',3,2),(7,'Informes especiales',4,1),(8,'Special reports',4,2),(9,'Turismo Interno y  Emisor',5,1),(10,'Internal and Issuer Tourism',5,2),(11,'Verificación RNT',6,1),(12,'RNT Verification',6,2),(13,'Turismo Sostenible',7,1),(14,'Sustainable tourism',7,2),(15,'Generación de empleo',8,1),(16,'Employment generation',8,2),(17,'Oferta Turística',9,1),(18,'Touristic offer',9,2);
/*!40000 ALTER TABLE `publicaciones_categoriainformesidioma` ENABLE KEYS */;
UNLOCK TABLES;

--
-- Table structure for table `publicaciones_informaciongeneral`
--

DROP TABLE IF EXISTS `publicaciones_informaciongeneral`;
/*!40101 SET @saved_cs_client     = @@character_set_client */;
/*!50503 SET character_set_client = utf8mb4 */;
CREATE TABLE `publicaciones_informaciongeneral` (
  `id` int(11) NOT NULL AUTO_INCREMENT,
  `fecha_creacion` datetime(6) NOT NULL,
  `fecha_actualizacion` datetime(6) NOT NULL,
  `activo` tinyint(1) NOT NULL,
  `titulo_seccion` varchar(100) NOT NULL,
  `icono` varchar(100) NOT NULL,
  `actualizador_id` int(11) DEFAULT NULL,
  `creador_id` int(11) NOT NULL,
  PRIMARY KEY (`id`),
  KEY `publicaciones_inform_actualizador_id_5c0e8f83_fk_auth_user` (`actualizador_id`),
  KEY `publicaciones_inform_creador_id_fc9d393c_fk_auth_user` (`creador_id`),
  CONSTRAINT `publicaciones_inform_actualizador_id_5c0e8f83_fk_auth_user` FOREIGN KEY (`actualizador_id`) REFERENCES `auth_user` (`id`),
  CONSTRAINT `publicaciones_inform_creador_id_fc9d393c_fk_auth_user` FOREIGN KEY (`creador_id`) REFERENCES `auth_user` (`id`)
) ENGINE=InnoDB AUTO_INCREMENT=6 DEFAULT CHARSET=utf8;
/*!40101 SET character_set_client = @saved_cs_client */;

--
-- Dumping data for table `publicaciones_informaciongeneral`
--

LOCK TABLES `publicaciones_informaciongeneral` WRITE;
/*!40000 ALTER TABLE `publicaciones_informaciongeneral` DISABLE KEYS */;
INSERT INTO `publicaciones_informaciongeneral` VALUES (1,'2019-04-15 23:21:15.472000','2019-08-16 16:32:49.152578',1,'Noticias','index/informacion_general/icon-14.png',1,1),(2,'2019-04-15 23:21:30.979000','2019-08-16 16:28:34.936827',1,'Informes','index/informacion_general/icon-16.png',1,1),(3,'2019-04-15 23:21:41.290000','2019-08-16 16:23:32.130761',1,'Biblioteca digital','index/informacion_general/icon-15.png',1,1),(4,'2019-04-15 23:22:10.980000','2019-08-16 16:13:59.343731',1,'Bolsa de empleo','index/informacion_general/icon-16_a7ccQrJ.png',1,1),(5,'2019-05-09 20:58:28.516000','2019-05-09 21:01:20.709000',1,'Semanario','index/informacion_general/semanario.png',1,1);
/*!40000 ALTER TABLE `publicaciones_informaciongeneral` ENABLE KEYS */;
UNLOCK TABLES;

--
-- Table structure for table `publicaciones_informaciongeneralidioma`
--

DROP TABLE IF EXISTS `publicaciones_informaciongeneralidioma`;
/*!40101 SET @saved_cs_client     = @@character_set_client */;
/*!50503 SET character_set_client = utf8mb4 */;
CREATE TABLE `publicaciones_informaciongeneralidioma` (
  `id` int(11) NOT NULL AUTO_INCREMENT,
  `titulo_seccion` varchar(100) NOT NULL,
  `descripcion_seccion` longtext NOT NULL,
  `texto_input_busqueda` varchar(200) DEFAULT NULL,
  `etiqueta_boton_busqueda` varchar(150) DEFAULT NULL,
  `titulo_seccion_lateral_izquierda` varchar(200) DEFAULT NULL,
  `etiqueta_filtro_recientes` varchar(150) DEFAULT NULL,
  `etiqueta_filtro_mas_descargados` varchar(150) DEFAULT NULL,
  `etiqueta_filtro_alfabetico` varchar(150) DEFAULT NULL,
  `titulo_modal_seleccionar_municipio` varchar(150) DEFAULT NULL,
  `etiqueta_boton_seleccionar_municipio` varchar(150) DEFAULT NULL,
  `etiqueta_boton_informacion` varchar(150) DEFAULT NULL,
  `etiqueta_boton_descargar` varchar(150) DEFAULT NULL,
  `etiqueta_boton_atras` varchar(150) DEFAULT NULL,
  `informacion_general_id` int(11) NOT NULL,
  `lenguaje_id` int(11) NOT NULL,
  PRIMARY KEY (`id`),
  UNIQUE KEY `publicaciones_informacio_lenguaje_id_informacion__51e04f24_uniq` (`lenguaje_id`,`informacion_general_id`),
  KEY `publicaciones_inform_informacion_general__c02d031e_fk_publicaci` (`informacion_general_id`),
  CONSTRAINT `publicaciones_inform_informacion_general__c02d031e_fk_publicaci` FOREIGN KEY (`informacion_general_id`) REFERENCES `publicaciones_informaciongeneral` (`id`),
  CONSTRAINT `publicaciones_inform_lenguaje_id_123b7369_fk_ubicacion` FOREIGN KEY (`lenguaje_id`) REFERENCES `ubicaciones_lenguaje` (`id`)
) ENGINE=InnoDB AUTO_INCREMENT=11 DEFAULT CHARSET=utf8;
/*!40101 SET character_set_client = @saved_cs_client */;

--
-- Dumping data for table `publicaciones_informaciongeneralidioma`
--

LOCK TABLES `publicaciones_informaciongeneralidioma` WRITE;
/*!40000 ALTER TABLE `publicaciones_informaciongeneralidioma` DISABLE KEYS */;
INSERT INTO `publicaciones_informaciongeneralidioma` VALUES (1,'Bolsa de empleo','<p>Portal de busqueda laboral del SITUR Cundinamarca.&nbsp;M&aacute;s y mejores oportunidades de&nbsp;trabajo, ofertas de&nbsp;empleo, vacantes laborales en Cundinamarca.</p>','¿Qué deseas buscar?','Buscar por municipio','Áreas ofertadas','Agregados recientemente','Más descargados','Oden alfabético','Municipios','Seleccionar','Información',NULL,NULL,4,1),(2,'Biblioteca digital','<p>Espacio creado para consultar los documentos acerca de temas relacionados el sector turimo&nbsp;del&nbsp;departamento de Cundinamarca,&nbsp;poniendo&nbsp;a disposici&oacute;n de la ciudadan&iacute;a el acceso a dichos docuementos,&nbsp;de forma que pueda ser visualizada desde cualquier lugar y a trav&eacute;s de cualquier dispositivo electr&oacute;nico con acceso a internet.</p>','¿Qué deseas buscar?',NULL,NULL,'Agregados recientemente','Más descargados','Orden alfabético',NULL,NULL,'Información','Descargar',NULL,3,1),(3,'Digital library','<p>Space created to consult documents about related topics in the tourism sector of the department of Cundinamarca, making access to these documents available to the public, so that it can be viewed from anywhere and through any electronic device with internet access.</p>','Search',NULL,NULL,'Recently added','Most downloaded','Alphabetical order',NULL,NULL,'Information','Download',NULL,3,2),(4,'Informes','<p>En esta secci&oacute;n, se pueden descargar los documentos para estar al d&iacute;a&nbsp;de lo que est&aacute; pasando con el sector tur&iacute;stico de Cundinamarca.</p>',NULL,'Buscar por municipio','Categorías  de informes',NULL,NULL,NULL,'Municipios','Seleccionar','Información','Descargar',NULL,2,1),(5,'Noticias','<p>En esta secci&oacute;n, se encuentran de las noticias m&aacute;s relevantes sobre el sector tur&iacute;stico regional y notas de inter&eacute;s sobre el departamento de Cundinamarca.&nbsp;</p>','¿Que deseas buscar?','Buscar por municipio','Semanario de actividades',NULL,NULL,NULL,'Municipios','Seleccionar',NULL,NULL,NULL,1,1),(6,'Job vacancies','<p>Job search portal of SITUR Cundinamarca. More and better job opportunities, job offers, job vacancies in Cundinamarca.</p>','Search','Search by town','Areas offered','Recently added','Most downloaded','Alphabetical order','Towns','Select','Information',NULL,NULL,4,2),(7,'Reports','<p>In this section, you can download the documents to keep up to date with what is happening with the tourist sector of Cundinamarca.</p>',NULL,'Search by town','Categories Reports',NULL,NULL,NULL,'Towns','Select','Information','Download',NULL,2,2),(8,'Last News','<p>In this section, you will find the most relevant news about the regional tourism sector and interesting notes about the department of Cundinamarca.</p>','Search','Search by towns','Weekly activities',NULL,NULL,NULL,'Towns','Select',NULL,NULL,NULL,1,2),(9,'Semanario de actividades','<p>Lorem ipsum dolor sit amet consectetur adipiscing elit suspendisse faucibus, taciti nisi habitant aliquam pharetra magna feugiat quam iaculis dictumst, sociosqu neque in potenti vitae luctus morbi nulla.&nbsp;</p>',NULL,NULL,NULL,NULL,NULL,NULL,NULL,NULL,NULL,NULL,NULL,5,1),(10,'Weekly activities','<p>Lorem ipsum dolor sit amet consectetur adipiscing elit suspendisse faucibus, taciti nisi habitant aliquam pharetra magna feugiat quam iaculis dictumst, sociosqu neque in potenti vitae luctus morbi nulla.&nbsp;</p>',NULL,NULL,NULL,NULL,NULL,NULL,NULL,NULL,NULL,NULL,NULL,5,2);
/*!40000 ALTER TABLE `publicaciones_informaciongeneralidioma` ENABLE KEYS */;
UNLOCK TABLES;

--
-- Table structure for table `publicaciones_informeidioma`
--

DROP TABLE IF EXISTS `publicaciones_informeidioma`;
/*!40101 SET @saved_cs_client     = @@character_set_client */;
/*!50503 SET character_set_client = utf8mb4 */;
CREATE TABLE `publicaciones_informeidioma` (
  `id` int(11) NOT NULL AUTO_INCREMENT,
  `titulo_informe` varchar(200) NOT NULL,
  `resumen_informe` longtext NOT NULL,
  `descripcion_informe` longtext NOT NULL,
  `informe_id` int(11) NOT NULL,
  `lenguaje_id` int(11) NOT NULL,
  PRIMARY KEY (`id`),
  UNIQUE KEY `publicaciones_informeidioma_lenguaje_id_informe_id_582b6076_uniq` (`lenguaje_id`,`informe_id`),
  KEY `publicaciones_inform_informe_id_4046ee57_fk_publicaci` (`informe_id`),
  CONSTRAINT `publicaciones_inform_informe_id_4046ee57_fk_publicaci` FOREIGN KEY (`informe_id`) REFERENCES `publicaciones_informes` (`id`),
  CONSTRAINT `publicaciones_inform_lenguaje_id_222f5196_fk_ubicacion` FOREIGN KEY (`lenguaje_id`) REFERENCES `ubicaciones_lenguaje` (`id`)
) ENGINE=InnoDB AUTO_INCREMENT=17 DEFAULT CHARSET=utf8;
/*!40101 SET character_set_client = @saved_cs_client */;

--
-- Dumping data for table `publicaciones_informeidioma`
--

LOCK TABLES `publicaciones_informeidioma` WRITE;
/*!40000 ALTER TABLE `publicaciones_informeidioma` DISABLE KEYS */;
INSERT INTO `publicaciones_informeidioma` VALUES (3,'Informe turismo receptor abril, Salto del Tequendama','Caracterizar los visitantes y los viajes turísticos con recolección de datos mensuales.','<p>Caracterizar los visitantes y los viajes tur&iacute;sticos con recolecci&oacute;n de datos mensuales (Medici&oacute;n del Turismo Receptor, aplicado a 342, encuestados en el mes de abril del 2019).</p>',2,1),(4,'April tourism report, Salto del Tequendama','Characterize visitors and tourist trips with monthly data collection.','<p>Characterize visitors and tourist trips with monthly data collection (Receiver Tourism Measurement, applied to 342, surveyed in April 2019).</p>',2,2),(5,'Informe turismo Interno Emisor, Piedras del Tunjo - Facatativá','Caracterizar los viajes turísticos de los hogares de los municipios de vocación turística definidos para Cundinamarca.','<p>Caracterizar los viajes tur&iacute;sticos de los hogares de los municipios de vocaci&oacute;n tur&iacute;stica definidos para Cundinamarca, elaborada mediante una medici&oacute;n en el periodo Semana Santa 2019 (Medici&oacute;n Turismo Interno &ndash; Emisor), aplicado a una muestra de 388 hogares.</p>',3,1),(6,'Emisor Internal Tourism Report, Piedras del Tunjo - Facatativá','Characterize the tourist trips of the households of the municipalities of tourist vocation defined for Cundinamarca.','<p>To characterize the tourist trips of the homes of the municipalities of tourist vocation defined for Cundinamarca, prepared by means of a measurement in the Holy Week 2019 period (Internal Tourism Measurement - Issuer), applied to a sample of 388 homes.</p>',3,2),(7,'Informe turismo receptor febrero, Parque Jaime Duque','Caracterizar los visitantes y los viajes turísticos con recolección de datos mensuales.','<p>Caracterizar los visitantes y los viajes tur&iacute;sticos con recolecci&oacute;n de datos mensuales (Medici&oacute;n del Turismo Receptor, aplicado a 326, encuestados en el mes de febrero del 2019).</p>',4,1),(8,'February inbound tourism report, Jaime Duque Park','Characterize visitors and tourist trips with monthly data collection.','<p>Characterize visitors and tourist trips with monthly data collection (Receiver Tourism Measurement, applied to 326, surveyed in February 2019).</p>',4,2),(9,'Informe turismo receptor julio, Balsa Muisca - Pasca','Caracterizar los visitantes y los viajes turísticos con recolección de datos mensuales.','<p>Caracterizar los visitantes y los viajes tur&iacute;sticos con recolecci&oacute;n de datos mensuales (Medici&oacute;n del Turismo Receptor, aplicado a 610, encuestados en el mes de julio del 2019).</p>',5,1),(10,'July inbound tourism report, , Balsa Muisca - Pasca','Characterize visitors and tourist trips with monthly data collection.','<p>Characterize visitors and tourist trips with monthly data collection (Receiver Tourism Measurement, applied to 610, surveyed in July 2019).</p>',5,2),(11,'Informe turismo receptor junio, Girardot','Caracterizar los visitantes y los viajes turísticos con recolección de datos mensuales.','<p>Caracterizar los visitantes y los viajes tur&iacute;sticos con recolecci&oacute;n de datos mensuales (Medici&oacute;n del Turismo Receptor, aplicado a 388, encuestados en el mes de junio del 2019).</p>',6,1),(12,'June tourism report, Girardot','Characterize visitors and tourist trips with monthly data collection.','<p>Characterize visitors and tourist trips with monthly data collection (Measurement of Inbound Tourism, applied to 388, surveyed in the month of June 2019).</p>',6,2),(13,'Informe turismo receptor marzo, Iglesia Nuestra Señora de Fátima','Caracterizar los visitantes y los viajes turísticos con recolección de datos mensuales.','<p>Caracterizar los visitantes y los viajes tur&iacute;sticos con recolecci&oacute;n de datos mensuales (Medici&oacute;n del Turismo Receptor, aplicado a 324, encuestados en el mes de marzo del 2019).</p>',7,1),(14,'Inbound tourism report March, Our Lady of Fatima Church','Characterize visitors and tourist trips with monthly data collection.','<p>Characterize visitors and tourist trips with monthly data collection (Receiver Tourism Measurement, applied to 324, surveyed in March 2019).</p>',7,2),(15,'Informe turismo receptor mayo, Salto de los micos - Villeta','Caracterizar los visitantes y los viajes turísticos con recolección de datos mensuales.','<p>Caracterizar los visitantes y los viajes tur&iacute;sticos con recolecci&oacute;n de datos mensuales (Medici&oacute;n del Turismo Receptor, aplicado a 384, encuestados en el mes de mayo del 2019).</p>',8,1),(16,'May tourism report, Salto de los micos - Villeta','Characterize visitors and tourist trips with monthly data collection.','<p>Characterize visitors and tourist trips with monthly data collection (Inbound Tourism Measurement, applied to 384, surveyed in May 2019).</p>',8,2);
/*!40000 ALTER TABLE `publicaciones_informeidioma` ENABLE KEYS */;
UNLOCK TABLES;

--
-- Table structure for table `publicaciones_informes`
--

DROP TABLE IF EXISTS `publicaciones_informes`;
/*!40101 SET @saved_cs_client     = @@character_set_client */;
/*!50503 SET character_set_client = utf8mb4 */;
CREATE TABLE `publicaciones_informes` (
  `id` int(11) NOT NULL AUTO_INCREMENT,
  `fecha_creacion` datetime(6) NOT NULL,
  `fecha_actualizacion` datetime(6) NOT NULL,
  `activo` tinyint(1) NOT NULL,
  `titulo_informe` varchar(200) NOT NULL,
  `archivo_semanario` varchar(100) NOT NULL,
  `fecha_inicio` date NOT NULL,
  `fecha_fin` date NOT NULL,
  `slug_informe` varchar(200) NOT NULL,
  `actualizador_id` int(11) DEFAULT NULL,
  `categoria_informes_id` int(11) NOT NULL,
  `creador_id` int(11) NOT NULL,
  `informacion_general_id` int(11) NOT NULL,
  `municipio_id` int(10) unsigned DEFAULT NULL,
  PRIMARY KEY (`id`),
  UNIQUE KEY `publicaciones_informes_titulo_informe_982aba7b_uniq` (`titulo_informe`),
  KEY `publicaciones_informes_actualizador_id_747c9e4e_fk_auth_user_id` (`actualizador_id`),
  KEY `publicaciones_inform_categoria_informes_i_021f8dca_fk_publicaci` (`categoria_informes_id`),
  KEY `publicaciones_informes_creador_id_646f0e1c_fk_auth_user_id` (`creador_id`),
  KEY `publicaciones_inform_informacion_general__5270edbc_fk_publicaci` (`informacion_general_id`),
  KEY `publicaciones_informes_slug_informe_cbab7ac2` (`slug_informe`),
  KEY `publicaciones_inform_municipio_id_b30dbe07_fk_ubicacion` (`municipio_id`),
  CONSTRAINT `publicaciones_inform_categoria_informes_i_021f8dca_fk_publicaci` FOREIGN KEY (`categoria_informes_id`) REFERENCES `publicaciones_categoriainformes` (`id`),
  CONSTRAINT `publicaciones_inform_informacion_general__5270edbc_fk_publicaci` FOREIGN KEY (`informacion_general_id`) REFERENCES `publicaciones_informaciongeneral` (`id`),
  CONSTRAINT `publicaciones_inform_municipio_id_b30dbe07_fk_ubicacion` FOREIGN KEY (`municipio_id`) REFERENCES `ubicaciones_municipio` (`codigo`),
  CONSTRAINT `publicaciones_informes_actualizador_id_747c9e4e_fk_auth_user_id` FOREIGN KEY (`actualizador_id`) REFERENCES `auth_user` (`id`),
  CONSTRAINT `publicaciones_informes_creador_id_646f0e1c_fk_auth_user_id` FOREIGN KEY (`creador_id`) REFERENCES `auth_user` (`id`)
) ENGINE=InnoDB AUTO_INCREMENT=9 DEFAULT CHARSET=utf8;
/*!40101 SET character_set_client = @saved_cs_client */;

--
-- Dumping data for table `publicaciones_informes`
--

LOCK TABLES `publicaciones_informes` WRITE;
/*!40000 ALTER TABLE `publicaciones_informes` DISABLE KEYS */;
INSERT INTO `publicaciones_informes` VALUES (2,'2019-05-08 22:54:29.313000','2019-11-25 19:57:17.445388',1,'SALTO DEL TEQUENDAMA','Informe_Turismo_Receptor_Abril_2019.pdf','2019-05-10','2019-12-31','salto-del-tequendama',1,2,1,2,25754000),(3,'2019-05-08 22:55:47.037000','2019-11-25 19:53:35.384745',1,'PIEDRAS DEL TUNJO - FACATATIVA','Informe_Turismo__Interno_Emisor__SEMANA_SANTA.pdf','2019-05-08','2019-12-31','piedras-del-tunjo-facatativa',1,5,1,2,25269000),(4,'2019-08-14 22:32:46.921946','2019-11-25 19:51:11.169402',1,'PARQUE JAIME DUQUE','Informe_Turismo_Receptor_Febrero_2019.pdf','2019-03-10','2019-12-31','parque-jaime-duque',1,2,1,2,25817000),(5,'2019-08-14 22:42:56.366446','2019-08-15 22:16:13.658462',1,'BALSA MUISCA - PASCA','Informe_Turismo_Receptor_Julio_2019.pdf','2019-08-10','2019-12-31','354',1,2,1,2,25489000),(6,'2019-08-14 22:51:27.168739','2019-11-25 19:56:11.232627',1,'GIRARDOT CUNDINAMARCA','Informe_Turismo_Receptor_Junio_2019.pdf','2019-07-10','2019-12-31','girardot-cundinamarca',1,2,1,2,25307000),(7,'2019-08-14 23:03:20.108793','2019-11-25 19:50:50.746006',1,'IGLESIA NUESTRA SEÑORA DE FATIMA','Informe_Turismo_Receptor_Marzo_2019.pdf','2019-04-10','2019-12-31','iglesia-nuestra-senora-de-fatima',1,2,1,2,25817000),(8,'2019-08-14 23:09:32.323342','2019-11-25 19:55:09.531945',1,'SALTO DE LOS MICOS - VILLETA','Informe_Turismo_Receptor_Mayo_2019..pdf','2019-06-10','2019-12-31','salto-de-los-micos-villeta',1,2,1,2,25875000);
/*!40000 ALTER TABLE `publicaciones_informes` ENABLE KEYS */;
UNLOCK TABLES;

--
-- Table structure for table `publicaciones_noticias`
--

DROP TABLE IF EXISTS `publicaciones_noticias`;
/*!40101 SET @saved_cs_client     = @@character_set_client */;
/*!50503 SET character_set_client = utf8mb4 */;
CREATE TABLE `publicaciones_noticias` (
  `id` int(11) NOT NULL AUTO_INCREMENT,
  `fecha_creacion` datetime(6) NOT NULL,
  `fecha_actualizacion` datetime(6) NOT NULL,
  `activo` tinyint(1) NOT NULL,
  `titulo_noticia` varchar(200) NOT NULL,
  `imagen_portada` varchar(100) NOT NULL,
  `fecha_inicio` date NOT NULL,
  `fecha_fin` date DEFAULT NULL,
  `slug_noticia` varchar(200) NOT NULL,
  `actualizador_id` int(11) DEFAULT NULL,
  `creador_id` int(11) NOT NULL,
  `informacion_general_id` int(11) NOT NULL,
  `municipio_id` int(10) unsigned DEFAULT NULL,
  PRIMARY KEY (`id`),
  UNIQUE KEY `publicaciones_noticias_titulo_noticia_83aacaf8_uniq` (`titulo_noticia`),
  KEY `publicaciones_noticias_actualizador_id_3837ec94_fk_auth_user_id` (`actualizador_id`),
  KEY `publicaciones_noticias_creador_id_7c54c6c3_fk_auth_user_id` (`creador_id`),
  KEY `publicaciones_notici_informacion_general__731b3301_fk_publicaci` (`informacion_general_id`),
  KEY `publicaciones_notici_municipio_id_4908aee7_fk_ubicacion` (`municipio_id`),
  KEY `publicaciones_noticias_slug_noticia_dca873fa` (`slug_noticia`),
  CONSTRAINT `publicaciones_notici_informacion_general__731b3301_fk_publicaci` FOREIGN KEY (`informacion_general_id`) REFERENCES `publicaciones_informaciongeneral` (`id`),
  CONSTRAINT `publicaciones_notici_municipio_id_4908aee7_fk_ubicacion` FOREIGN KEY (`municipio_id`) REFERENCES `ubicaciones_municipio` (`codigo`),
  CONSTRAINT `publicaciones_noticias_actualizador_id_3837ec94_fk_auth_user_id` FOREIGN KEY (`actualizador_id`) REFERENCES `auth_user` (`id`),
  CONSTRAINT `publicaciones_noticias_creador_id_7c54c6c3_fk_auth_user_id` FOREIGN KEY (`creador_id`) REFERENCES `auth_user` (`id`)
) ENGINE=InnoDB AUTO_INCREMENT=13 DEFAULT CHARSET=utf8;
/*!40101 SET character_set_client = @saved_cs_client */;

--
-- Dumping data for table `publicaciones_noticias`
--

LOCK TABLES `publicaciones_noticias` WRITE;
/*!40000 ALTER TABLE `publicaciones_noticias` DISABLE KEYS */;
INSERT INTO `publicaciones_noticias` VALUES (1,'2019-04-15 23:24:39.668000','2019-12-06 14:14:31.656292',1,'BICIRUTAS DE CUNDINAMARCA','index/noticia/choconta.jpg','2019-04-16','2019-12-31','bicirutas-de-cundinamarca',1,1,1,NULL),(2,'2019-04-17 02:15:56.074000','2019-11-25 17:00:49.575156',1,'PRIMER PUESTO PARA CUNDINAMARCA','index/noticia/Boomtown.jpg.gallery.jpg','2019-04-16','2019-12-31','primer-puesto-para-cundinamarca',1,1,1,25489000),(7,'2019-06-21 21:20:53.786000','2019-11-25 17:03:08.922356',1,'PRIMER COMITÉ DEPARTAMENTAL DE SEGURIDAD TURÍSTICA 2019','index/noticia/ComiteSeg1.jpeg','2019-06-21','2019-12-31','primer-comite-departamental-de-seguridad-turistica-2019',1,1,1,NULL),(8,'2019-11-25 16:50:25.084832','2019-11-25 17:04:26.631514',1,'LA VILLA DE GUADUAS CELEBRARÁ SU TRADICIONAL BAILE DE CINTURERAS','index/noticia/noticia_1.jpg','2019-10-11','2019-12-31','la-villa-de-guaduas-celebrara-su-tradicional-baile-de-cintureras',1,1,1,25320000),(9,'2019-11-25 16:52:26.053407','2019-11-25 17:06:19.003087',1,'EL DEPARTAMENTO DEL MAGDALENA RECIBIRÁ A CUNDINAMARCA COMO LA FAVORITA EN SU REINADO NACIONAL DEL MAR 2019','index/noticia/NOTICIA_2.jpg','2019-10-11','2019-12-31','el-departamento-del-magdalena-recibira-a-cundinamarca-como-la-favorita-en-su-reinado-nacional-del-mar-2019',1,1,1,11000000),(10,'2019-11-25 16:54:43.463018','2019-11-25 17:10:08.109782',1,'GOBERNADOR EN CASA TV LE DA UN GIRO A LA TELEVISIÓN PÚBLICA: INFORMA, EDUCA, DIVIERTE Y ACERCA LA COMUNIDAD AL ESTADO','index/noticia/NOTICIA_3.png','2019-10-11','2019-12-31','gobernador-en-casa-tv-le-da-un-giro-a-la-television-publica-informa-educa-divierte-y-acerca-la-comunidad-al-estado',1,1,1,11000000),(11,'2019-11-25 16:56:45.824641','2019-11-25 17:13:18.620572',1,'CUNDINAMARCA SERÁ EL ÚNICO DEPARTAMENTO QUE ENTREGARÁ UNA ESTRUCTURA CULTURAL Y TURÍSTICA EN EL MARCO DE LA CONMEMORACIÓN DEL BICENTENARIO DE LA CAMPAÑA LIBERTADORA','index/noticia/noticia_4.png','2019-10-11','2019-12-31','cundinamarca-sera-el-unico-departamento-que-entregara-una-estructura-cultural-y-turistica-en-el-marco-de-la-conmemoracion-del-bicentenario-de-la-campana-libertadora',1,1,1,25175000),(12,'2019-11-25 16:58:24.738231','2019-11-25 17:14:18.544801',1,'CUNDINAMARCA HACE PRESENCIA EN ADESCO','index/noticia/Sin_título.jpg','2019-10-11','2019-12-31','cundinamarca-hace-presencia-en-adesco',1,1,1,NULL);
/*!40000 ALTER TABLE `publicaciones_noticias` ENABLE KEYS */;
UNLOCK TABLES;

--
-- Table structure for table `publicaciones_noticiasemanario`
--

DROP TABLE IF EXISTS `publicaciones_noticiasemanario`;
/*!40101 SET @saved_cs_client     = @@character_set_client */;
/*!50503 SET character_set_client = utf8mb4 */;
CREATE TABLE `publicaciones_noticiasemanario` (
  `id` int(11) NOT NULL AUTO_INCREMENT,
  `fecha_creacion` datetime(6) NOT NULL,
  `fecha_actualizacion` datetime(6) NOT NULL,
  `activo` tinyint(1) NOT NULL,
  `titulo_noticia` varchar(200) NOT NULL,
  `archivo_semanario` varchar(100) NOT NULL,
  `fecha_inicio` date NOT NULL,
  `fecha_fin` date NOT NULL,
  `slug_semanario` varchar(200) NOT NULL,
  `actualizador_id` int(11) DEFAULT NULL,
  `creador_id` int(11) NOT NULL,
  `informacion_general_id` int(11) NOT NULL,
  `municipio_id` int(10) unsigned DEFAULT NULL,
  PRIMARY KEY (`id`),
  UNIQUE KEY `publicaciones_noticiasemanario_titulo_noticia_c4959943_uniq` (`titulo_noticia`),
  KEY `publicaciones_notici_actualizador_id_ae6d3ed8_fk_auth_user` (`actualizador_id`),
  KEY `publicaciones_notici_creador_id_09e07a69_fk_auth_user` (`creador_id`),
  KEY `publicaciones_notici_informacion_general__74c80b8a_fk_publicaci` (`informacion_general_id`),
  KEY `publicaciones_notici_municipio_id_e2d7f34b_fk_ubicacion` (`municipio_id`),
  KEY `publicaciones_noticiasemanario_slug_semanario_1b5f5982` (`slug_semanario`),
  CONSTRAINT `publicaciones_notici_actualizador_id_ae6d3ed8_fk_auth_user` FOREIGN KEY (`actualizador_id`) REFERENCES `auth_user` (`id`),
  CONSTRAINT `publicaciones_notici_creador_id_09e07a69_fk_auth_user` FOREIGN KEY (`creador_id`) REFERENCES `auth_user` (`id`),
  CONSTRAINT `publicaciones_notici_informacion_general__74c80b8a_fk_publicaci` FOREIGN KEY (`informacion_general_id`) REFERENCES `publicaciones_informaciongeneral` (`id`),
  CONSTRAINT `publicaciones_notici_municipio_id_e2d7f34b_fk_ubicacion` FOREIGN KEY (`municipio_id`) REFERENCES `ubicaciones_municipio` (`codigo`)
) ENGINE=InnoDB AUTO_INCREMENT=4 DEFAULT CHARSET=utf8;
/*!40101 SET character_set_client = @saved_cs_client */;

--
-- Dumping data for table `publicaciones_noticiasemanario`
--

LOCK TABLES `publicaciones_noticiasemanario` WRITE;
/*!40000 ALTER TABLE `publicaciones_noticiasemanario` DISABLE KEYS */;
INSERT INTO `publicaciones_noticiasemanario` VALUES (3,'2019-05-08 23:02:28.191000','2019-08-16 20:47:33.868205',1,'Cundinamarca se consolida como referente cultural','NotiIdecut_ENE-FEB_2019.pdf','2019-01-04','2019-12-31','cundinamarca-se-consolida-como-referente-cultural',1,1,5,NULL);
/*!40000 ALTER TABLE `publicaciones_noticiasemanario` ENABLE KEYS */;
UNLOCK TABLES;

--
-- Table structure for table `publicaciones_noticiasemanarioidioma`
--

DROP TABLE IF EXISTS `publicaciones_noticiasemanarioidioma`;
/*!40101 SET @saved_cs_client     = @@character_set_client */;
/*!50503 SET character_set_client = utf8mb4 */;
CREATE TABLE `publicaciones_noticiasemanarioidioma` (
  `id` int(11) NOT NULL AUTO_INCREMENT,
  `titulo_noticia` varchar(200) NOT NULL,
  `descripcion_semanario` longtext NOT NULL,
  `lenguaje_id` int(11) NOT NULL,
  `noticia_semanario_id` int(11) NOT NULL,
  PRIMARY KEY (`id`),
  UNIQUE KEY `publicaciones_noticiasem_lenguaje_id_noticia_sema_a15ea8e1_uniq` (`lenguaje_id`,`noticia_semanario_id`),
  KEY `publicaciones_notici_noticia_semanario_id_951796e0_fk_publicaci` (`noticia_semanario_id`),
  CONSTRAINT `publicaciones_notici_lenguaje_id_d49a2559_fk_ubicacion` FOREIGN KEY (`lenguaje_id`) REFERENCES `ubicaciones_lenguaje` (`id`),
  CONSTRAINT `publicaciones_notici_noticia_semanario_id_951796e0_fk_publicaci` FOREIGN KEY (`noticia_semanario_id`) REFERENCES `publicaciones_noticiasemanario` (`id`)
) ENGINE=InnoDB AUTO_INCREMENT=8 DEFAULT CHARSET=utf8;
/*!40101 SET character_set_client = @saved_cs_client */;

--
-- Dumping data for table `publicaciones_noticiasemanarioidioma`
--

LOCK TABLES `publicaciones_noticiasemanarioidioma` WRITE;
/*!40000 ALTER TABLE `publicaciones_noticiasemanarioidioma` DISABLE KEYS */;
INSERT INTO `publicaciones_noticiasemanarioidioma` VALUES (6,'Cundinamarca se consolida como referente cultural','<p>Planes para todos los gustos y todos los presupuestos en este puente de los Reyes Magos ofrecen los 116 municipios de Cundinamarca.&nbsp;</p>',1,3),(7,'Cundinamarca is consolidated as a cultural reference','<p>Plans for all tastes and all budgets on this Three Kings Bridge offer the 116 municipalities of Cundinamarca.</p>',2,3);
/*!40000 ALTER TABLE `publicaciones_noticiasemanarioidioma` ENABLE KEYS */;
UNLOCK TABLES;

--
-- Table structure for table `publicaciones_noticiasidioma`
--

DROP TABLE IF EXISTS `publicaciones_noticiasidioma`;
/*!40101 SET @saved_cs_client     = @@character_set_client */;
/*!50503 SET character_set_client = utf8mb4 */;
CREATE TABLE `publicaciones_noticiasidioma` (
  `id` int(11) NOT NULL AUTO_INCREMENT,
  `titulo_noticia` varchar(200) NOT NULL,
  `resumen_noticia` longtext NOT NULL,
  `contenido_noticia` longtext NOT NULL,
  `imagen` varchar(100) DEFAULT NULL,
  `lenguaje_id` int(11) NOT NULL,
  `noticia_id` int(11) NOT NULL,
  PRIMARY KEY (`id`),
  UNIQUE KEY `publicaciones_noticiasid_lenguaje_id_noticia_id_098d166c_uniq` (`lenguaje_id`,`noticia_id`),
  KEY `publicaciones_notici_noticia_id_b7d3368f_fk_publicaci` (`noticia_id`),
  CONSTRAINT `publicaciones_notici_lenguaje_id_25cd387a_fk_ubicacion` FOREIGN KEY (`lenguaje_id`) REFERENCES `ubicaciones_lenguaje` (`id`),
  CONSTRAINT `publicaciones_notici_noticia_id_b7d3368f_fk_publicaci` FOREIGN KEY (`noticia_id`) REFERENCES `publicaciones_noticias` (`id`)
) ENGINE=InnoDB AUTO_INCREMENT=24 DEFAULT CHARSET=utf8;
/*!40101 SET character_set_client = @saved_cs_client */;

--
-- Dumping data for table `publicaciones_noticiasidioma`
--

LOCK TABLES `publicaciones_noticiasidioma` WRITE;
/*!40000 ALTER TABLE `publicaciones_noticiasidioma` DISABLE KEYS */;
INSERT INTO `publicaciones_noticiasidioma` VALUES (1,'BICI RUTAS DE CUNDINAMARCA','El Idecut apoyará cada estrategia que potencialice el turismo en el departamento.','<p>La gobernaci&oacute;n de Cundinamarca a trav&eacute;s del Instituto Departamental de Cultura y Turismo - Idecut, y en asocio con la Regi&oacute;n Administrativa y de Planificaci&oacute;n Especial - RAPE, vienen desarrollando un ambicioso proyecto de integraci&oacute;n de la regi&oacute;n central del pa&iacute;s cuya iniciativa es apoyar el biciturismo regional que fortalece la gran apuesta del proyecto BiciRegi&oacute;n.</p>\r\n\r\n<p>Para el Idecut es de suma importancia impulsar el Bici turismo en Cundinamarca y BiciRegi&oacute;n, que se consolidan como iniciativas que permiten el desarrollo de la regi&oacute;n y el departamento.</p>\r\n\r\n<p>Elproyecto pretende generar integraci&oacute;n de los territorios y sus habitantes a trav&eacute;s de la participaci&oacute;n en las actividades planeadas, adem&aacute;s de apoyar esta pr&aacute;ctica recreativa que se fortalece como una actividad de bajo impacto ambiental, busca impulsar el desarrollo tur&iacute;stico de la regi&oacute;n y promover el disfrute de los atractivos tur&iacute;sticos, naturales y culturales de los territorios.</p>\r\n\r\n<p>BiciRegi&oacute;n ya cuenta con seis rutas dise&ntilde;adas, dos de ellas priorizadas en Cundinamarca, dichas rutas integran no solo v&iacute;as aptas para la bicicleta de monta&ntilde;a, sino atractivos y prestadores tur&iacute;sticos que complementan la experiencia, y permiten integrar productos y empaquetamientos tur&iacute;sticos en los municipios involucrados.</p>\r\n\r\n<p>Cundinamarca cuenta con la Ruta G&uuml;echa, un recorrido de 50 kil&oacute;metros que involucra los municipios de Chocont&aacute;, Suesca y Cucunub&aacute; y la Ruta de la Bio &ndash; Metr&oacute;polis la cual cuenta con un recorrido de 31 kil&oacute;metros e integra Bogot&aacute;, La Calera y Choach&iacute;.</p>\r\n\r\n<p>Cundinamarca cuenta con dos rutas de Biciturismo, priorizadas en los municipios de Chocont&aacute;, Suesca y Cucunub&aacute; y La Calera y Choach&iacute;, dentro del proyecto BiciRegi&oacute;n.</p>\r\n\r\n<p>Ven y recorre en Bici estos 81 kil&oacute;metros que Cundinamarca tiene para ti.</p>','',1,1),(2,'PRIMER PUESTO PARA CUNDINAMARCA','Nimaima se llevó el primer puesto en el 67 Europea Music Festival For Young people, desarrollado en la Ciudad de Neerpelt, Bélgica.','<p>La Gobernaci&ograve;n de Cundinamarca a trav&eacute;s del Instituto Departamental de Cultura y Turismo - Idecut, Fel&iacute;cita y exalta la participaci&oacute;n de la Banda Sinf&oacute;nica del municipio de Nimaima quienes ocuparon el primer puesto en el 67 Europea Music Festival For Young people, desarrollado en la Ciudad de Neerpelt, B&eacute;lgica.</p>\r\n\r\n<p>Con orgullo felicitamos la participaci&oacute;n de este grupo de j&oacute;venes cundinamarqueses quienes dejaron en alto la m&uacute;sica colombiana; instrumentistas que son semillero de nuevas alternativas art&iacute;sticas transformadoras de realidades, que buscan crear en los ni&ntilde;os, ni&ntilde;as y j&oacute;venes de la tierra del c&oacute;ndor nuevos espacios de participaci&oacute;n.</p>\r\n\r\n<p>Felicitaciones Nimaima</p>\r\n\r\n<p>Orgullo Cundinamarqu&eacute;s</p>\r\n\r\n<p>&nbsp;</p>\r\n\r\n<p>Gracias por dejar en alto el nombre de Colombia Cundinamarca y Nimaima.</p>\r\n\r\n<p>&nbsp;</p>','',1,2),(3,'FIRST PLACE FOR CUNDINAMARCA','Nimaima took first place in the 67 European Music Festival For Young people, developed in the City of Neerpelt, Belgium.','<p>&nbsp;</p>\r\n\r\n<p>The Government of Cundinamarca through the Departmental Institute of Culture and Tourism - Idecut, Felificado and exalts the participation of the Symphonic Band of the municipality of Nimaima who occupied the first place in the 67 European Music Festival For Young people, developed in the City of Neerpelt , Belgium.</p>\r\n\r\n<p>We proudly congratulate the participation of this group of young people of Cundinamarca who left Colombian music on high; instrumentalists who are the seedbed of new artistic alternatives that transform realities, which seek to create new spaces for participation in the children and young people of the land of the condor.</p>\r\n\r\n<p>Congratulations Nimaima</p>\r\n\r\n<p>Cundinamarca Pride</p>\r\n\r\n<p>Thank you for leaving the name of Colombia Cundinamarca and Nimaima high.</p>','',2,2),(11,'PRIMER COMITÉ DEPARTAMENTAL DE SEGURIDAD TURÍSTICA 2019','En las instalaciones del edificio Palma Real realizó el primer comité departamental de seguridad turística de la presente vigencia. Con la participación del MinCit, la Policía de Turismo','<p>La gobernaci&oacute;n de Cundinamarca a trav&eacute;s del Instituto Departamental de Cultura y Turismo &ndash; Idecut, realiz&oacute; en las instalaciones del edificio Palma Real el primer comit&eacute; departamental de seguridad tur&iacute;stica de la presente vigencia. Con la participaci&oacute;n del MinCit, la Polic&iacute;a de Turismo, el acompa&ntilde;amiento de la defensa civil, delegados del Ministerio de Defensa, Secretar&iacute;a de Gobierno, Migraci&oacute;n Colombia, el Sena, delegados municipales y equipo del Idecut, se dio inicio a esta importante reuni&oacute;n que tuvo como objetivo determinar cu&aacute;les ser&aacute;n los protocolos de seguridad para la temporada de vacaciones de mitad de a&ntilde;o, las recomendaciones que se deben tener para la protecci&oacute;n de la comunidad viajera, y consolidar las acciones que ser&aacute;n expuestas en matriz de compromisos.</p>\r\n\r\n<p>&ldquo;Velar por la seguridad de los ni&ntilde;os cundinamarqueses es lo m&aacute;s importante, desde el gobierno departamental estaremos disponibles para atender cualquier emergencia, pero sobre todo estamos trabajando en equipo con el gobierno nacional para hacer de estas fechas, una &eacute;poca de uni&oacute;n familiar y descanso&rdquo;, expres&oacute; el gerente general del Idecut, Jonathan Ram&iacute;rez Guerrero.</p>','index/noticia/ComiteSeg-collage.jpg',1,7),(12,'FIRST DEPARTMENTAL COMMITTEE FOR TOURISM SECURITY 2019','In the facilities of the building Palma Real made the first departmental committee on tourism security of the current validity. With the participation of MinCit, the Tourism Police','<p>The government of Cundinamarca, through the Departmental Institute of Culture and Tourism - Idecut, carried out in the building of the Palma Real building the first departmental committee on tourism security of the current validity. With the participation of the MinCit, the Tourism Police, the accompaniment of the civil defense, delegates of the Ministry of Defense, Government Secretariat, Migration Colombia, the Seine, municipal delegates and the Idecut team, this important meeting began. as objective to determine what will be the security protocols for the mid-year holiday season, the recommendations that must be made for the protection of the traveling community, and to consolidate the actions that will be exposed in a matrix of commitments.</p>\r\n\r\n<p>&quot;Ensuring the safety of the children of Cundinamarca is the most important, since the departmental government will be available to attend any emergency, but above all we are working as a team with the national government to make these dates, a time of family togetherness and rest&quot; , expressed the general manager of the Idecut, Jonathan Ram&iacute;rez Guerrero.</p>','index/noticia/ComiteSeg-collage_8SHGoRY.jpg',2,7),(13,'CUNDINAMARCA BETS ON THE TOURISM BIKE','The Idecut will support every strategy that enhances tourism in the department.','<p>The government of Cundinamarca through the Departmental Institute of Culture and Tourism - Idecut, and in association with the Administrative and Special Planning Region - RAPE, have been developing an ambitious project of integration of the central region of the country whose initiative is to support regional bi-tourism which strengthens the great commitment of the BiciRegi&oacute;n project.</p>\r\n\r\n<p>For the Idecut, it is very important to promote the tourism bike in Cundinamarca and BiciRegi&oacute;n, which are consolidated as initiatives that allow the development of the region and the department.</p>\r\n\r\n<p>The project aims to generate integration of the territories and their inhabitants through participation in the planned activities, in addition to supporting this recreational practice that is strengthened as an activity with low environmental impact, seeks to boost tourism development in the region and promote the enjoyment of the tourist, natural and cultural attractions of the territories.</p>\r\n\r\n<p>BiciRegi&oacute;n already has six designed routes, two of them prioritized in Cundinamarca, these routes integrate not only roads suitable for mountain biking, but tourist attractions and providers that complement the experience, and allow the integration of tourist products and packaging in the municipalities involved.</p>\r\n\r\n<p>Cundinamarca has the G&uuml;echa Route, a 50-kilometer route that involves the municipalities of Chocont&aacute;, Suesca and Cucunub&aacute; and the Bio-Metropolis Route which has a 31-kilometer route and integrates Bogot&aacute;, La Calera and Choach&iacute;.</p>\r\n\r\n<p>Cundinamarca has two Biciturismo routes, prioritized in the municipalities of Chocont&aacute;, Suesca and Cucunub&aacute; and La Calera and Choach&iacute;, within the BiciRegi&oacute;n project.</p>\r\n\r\n<p>Come and travel by bike these 81 kilometers that Cundinamarca has for you.</p>','',2,1),(14,'LA VILLA DE GUADUAS CELEBRARÁ SU TRADICIONAL BAILE DE CINTURERAS','En la Villa de Guaduas baile de Cintureras. tradicional celebración anual del grito de independencia. Sábado 20 de julio. Hora:  8: 00 pm. Plaza de la constitución','<p dir=\"ltr\">La intenci&oacute;n es ense&ntilde;ar c&oacute;mo eran las costumbres de esa &eacute;poca, acercar a la gente a la historia de la independencia, al origen de nuestras tradiciones y nuestro folclor&quot;, dice David Rubio, presidente de la Academia Historia de Cundinamarca.</p>\r\n\r\n<p dir=\"ltr\">En el marco de la celebraci&oacute;n del bicentenario Cundinamarca invita a propios y visitantes a la Villa de Guaduas para disfrutar de la historia por medio de la danza; el baile de cintureras tradicional celebraci&oacute;n anual del grito de la independencia se llevar&aacute; a cabo este pr&oacute;ximo s&aacute;bado 20 de julio a partir de las 8:00 en la Plaza de la Constituci&oacute;n.</p>\r\n\r\n<p dir=\"ltr\">Este s&aacute;bado, los guaderos participar&aacute;n en la fiesta con los vestidos t&iacute;picos de esos a&ntilde;os, y recrear&aacute;n rituales como la carga en litera del virrey, el ofrecimiento del baile por parte del corregidor de la villa y la danza de la primera pieza musical, a cargo de la pareja virreynal. La m&uacute;sica de esa noche ser&aacute; danza, contradanza, vals y polca, aunque, si le gustan g&eacute;neros m&aacute;s colombianos, tambi&eacute;n sonar&aacute;n bambucos, pasillos y torbellinos. El espect&aacute;culo tendr&aacute; lugar en la Villa de Guaduas.</p>\r\n\r\n<p dir=\"ltr\">&quot;La intenci&oacute;n es ense&ntilde;ar c&oacute;mo eran las costumbres de esa &eacute;poca, acercar a la gente a la historia de la independencia, al origen de nuestras tradiciones y nuestro folclor&quot;, dice David Rubio, presidente de la Academia Historia de Cundinamarca.</p>','',1,8),(15,'EL DEPARTAMENTO DEL MAGDALENA RECIBIRÁ A CUNDINAMARCA COMO LA FAVORITA EN SU REINADO NACIONAL DEL MAR 2019','Cundinamarca ya tiene representante a la “Fiesta Y Reinado Nacional Del Mar” a realizarse en la ciudad de Santa Marta-Magdalena del 26 al 28 de julio de 2019 y tambien para el “28° Festival Infantil Del Sanjuanero Huilense”, a realizarse en el municipio de Rivera-Huila del 17 y 18 de agosto de 2019.','<p dir=\"ltr\">El Instituto Departamental de Cultura Y Turismo de Cundinamarca, promueve la importancia de la industria tur&iacute;stica como eje de desarrollo econ&oacute;mico, gracias a esto se ha convertido en una industria esencial para el desarrollo del pa&iacute;s en especial de las diferentes entidades territoriales, regiones, provincias y que cumple una funci&oacute;n social, donde el gobierno departamental le dar&aacute; especial protecci&oacute;n debido a su importancia para el desarrollo nacional, es as&iacute; que la participaci&oacute;n en los diferentes cert&aacute;menes nacionales de belleza, culturales y tur&iacute;sticos hace que el departamento se promocione por su multiculturalidad.</p>\r\n\r\n<p dir=\"ltr\">Por lo anterior, la tierra de c&oacute;ndor, participar&aacute; en la &ldquo;Fiesta Y Reinado Nacional Del Mar&rdquo; a realizarse en la ciudad de Santa Marta-Magdalena del 26 al 28 de julio de 2019 y cuya representaci&oacute;n estar&aacute; a cargo de la Se&ntilde;orita Lilia Isabel Gonzalez Vel&aacute;squez.</p>\r\n\r\n<p dir=\"ltr\">De igual forma la ni&ntilde;a, Sarah Salome Fierro Medina, representar&aacute; a Cundinamarca en el &ldquo;28&deg; Festival Infantil Del Sanjuanero Huilense&rdquo;, a realizarse en el municipio de Rivera-Huila del 17 y 18 de agosto de 2019.</p>\r\n\r\n<p dir=\"ltr\">Desde la gobernaci&oacute;n de Cundinamarca exaltamos la participaci&oacute;n como embajadoras culturales y tur&iacute;sticas de Cundinamarca.</p>\r\n\r\n<p>&nbsp;</p>','',1,9),(16,'GOBERNADOR EN CASA TV LE DA UN GIRO A LA TELEVISIÓN PÚBLICA: INFORMA, EDUCA, DIVIERTE Y ACERCA LA COMUNIDAD AL ESTADO','El programa de la Gobernación de Cundinamarca mantiene un formato, además de divertido, a la vanguardia de la tecnología visual y muy didáctico. Cómo verlo: Este domingo 7 de julio a las 7:00 de la noche por el Canal Trece.','<p dir=\"ltr\">Contar con el primer modelo en gesti&oacute;n cultural del pa&iacute;s, replicado en la Naci&oacute;n y otros departamentos, es una acci&oacute;n que vale la pena traer a la pantalla chica. Es esta la raz&oacute;n que llev&oacute; a la direcci&oacute;n de Gobernador en Casa TV a escoger la Cultura y el Turismo como el eje tem&aacute;tico del tercer episodio en su cuarta y &uacute;ltima temporada.</p>\r\n\r\n<p dir=\"ltr\">Un espacio de comunicaci&oacute;n p&uacute;blica, cuya base es la innovaci&oacute;n, en el que se dar&aacute;n a conocer los programas y proyectos que permiten evidenciar la inversi&oacute;n de m&aacute;s de $41.380 millones en el sector cultural.</p>\r\n\r\n<p dir=\"ltr\">Empezando con la danza de un torbellino, entre el Gobernador del departamento y una de las mejores profesionales en estas artes, el cap&iacute;tulo contar&aacute;, desde los paisajes de diferentes municipios del territorio, c&oacute;mo Corazonarte, es el primer programa de est&iacute;mulos para el sector cultural en la vigencia 2019, que incluye una l&iacute;nea de turismo cultural, que permite cumplir los sue&ntilde;os de cientos de cundinamarqueses, potencializando su talento, oficio o emprendimiento.</p>\r\n\r\n<p dir=\"ltr\">Tambi&eacute;n se dar&aacute;n a conocer las emotivas historias de los ni&ntilde;os y j&oacute;venes, integrantes de las 512 Escuelas municipales de formaci&oacute;n, quienes con su participaci&oacute;n en estos procesos han consolidado su capacidad art&iacute;stica y hoy forman parte de las Bandas Sinf&oacute;nicas m&aacute;s importantes del departamento, obteniendo los m&aacute;s significativos reconocimientos en el nivel internacional.</p>\r\n\r\n<p dir=\"ltr\">C&oacute;mo se restaur&oacute; el patrimonio cultural o cu&aacute;les son los parajes y paquetes tur&iacute;sticos m&aacute;s llamativos del departamento, tambi&eacute;n hacen parte de las respuestas que se ver&aacute;n en Gobernador en casa TV.</p>','',1,10),(17,'CUNDINAMARCA SERÁ EL ÚNICO DEPARTAMENTO QUE ENTREGARÁ UNA ESTRUCTURA CULTURAL Y TURÍSTICA EN EL MARCO DE LA CONMEMORACIÓN DEL BICENTENARIO DE LA CAMPAÑA LIBERTADORA','Una inversión cercana a los siete mil millones de pesos será destinada para la ejecución de este importante proyecto.','<p dir=\"ltr\">Una inversi&oacute;n cercana a los siete mil millones de pesos ser&aacute; destinada para la ejecuci&oacute;n de este importante proyecto.</p>\r\n\r\n<p dir=\"ltr\">Desde el Idecut celebramos la voluntad pol&iacute;tica de parte del gobierno departamental en la construcci&oacute;n del proyecto &ldquo;Puente del Com&uacute;n&rdquo;, un espacio que revitalizar&aacute; este imponente hito cultural de todos los colombianos, ser&aacute; un escenario hist&oacute;rico y tur&iacute;stico que embellecer&aacute; la cuenca del r&iacute;o Bogot&aacute;, y har&aacute; que m&aacute;s turistas se enamoren de la historia y los personajes m&aacute;s representativos de nuestra independencia.</p>\r\n\r\n<p dir=\"ltr\">Con una inversi&oacute;n cercana a los siete mil millones de pesos, la Corporaci&oacute;n Aut&oacute;noma Regional - CAR, el Instituto de Infraestructura y Concesiones de Cundinamarca - Iccu, la Secretaria Juridica de Cundinamarca , la Secretaria de Planeaci&oacute;n de Cundinamarca, el Fondo de desarrollo de Proyectos - Fondecun, la Universidad La Sabana y el Idecut, han unido esfuerzos, experiencia y conocimientos para consolidar uno de los proyectos m&aacute;s importantes del actual gobierno; desde ya auguramos lo mejor para continuar trabajando en la construcci&oacute;n y desarrollo de estrategias que benefician a la poblaci&oacute;n cundinamarquesa haciendo que Cundinamarca sea el mejor departamento del pa&iacute;s.</p>','index/noticia/4-1.jpg',1,11),(18,'CUNDINAMARCA HACE PRESENCIA EN ADESCO','Los mejores destinos de Cundinamarca son ofertados en Cartagena.','<p>La gobernaci&oacute;n de Cundinamarca a trav&eacute;s del Instituto Departamental de Cultura y Turismo hace presencia en el 21 Congreso de Servicios P&uacute;blicos de @Andesco1, presentado la oferta tur&iacute;stica que tiene el departamento para todos aquellos visitantes a esta importante feria empresarial.</p>','index/noticia/Sin_título_2.jpg',1,12),(19,'THE VILLA DE GUADUAS WILL CELEBRATE ITS TRADITIONAL DANCE OF BELTS','In the Villa de Guaduas dance of Belts. Traditional annual celebration of the cry of independence. Saturday, July 20. Time: 8:00 p.m. Constitution Plaza','<p>The intention is to teach how the customs of that time were, to bring people closer to the history of independence, to the origin of our traditions and our folklore, &quot;says David Rubio, president of the Academy of History of Cundinamarca.</p>\r\n\r\n<p>As part of the celebration of the bicentennial Cundinamarca invites its own and visitors to the Villa de Guaduas to enjoy history through dance; The traditional belts dance annual celebration of the cry of independence will take place this Saturday, July 20 from 8:00 in the Plaza de la Constituci&oacute;n.</p>\r\n\r\n<p>This Saturday, the guaderos will participate in the party with the typical dresses of those years, and will recreate rituals such as the viceroy&#39;s berth load, the offer of the dance by the villager of the village and the dance of the first musical piece, in charge of the viceroy couple. The music of that night will be dance, contradanza, waltz and polka, although, if you like more Colombian genres, bamboo, corridors and whirlpools will also sound. The show will take place in the Villa de Guaduas.</p>\r\n\r\n<p>&quot;The intention is to teach how the customs of that era were, to bring people closer to the history of independence, to the origin of our traditions and our folklore,&quot; says David Rubio, president of the Cundinamarca History Academy.</p>','',2,8),(20,'THE DEPARTMENT OF MAGDALENA WILL RECEIVE CUNDINAMARCA AS THE FAVORITE IN ITS NATIONAL REIGN OF THE SEA 2019','Cundinamarca already has a representative of the “Fiesta y Reinado Nacional Del Mar” to be held in the city of Santa Marta-Magdalena from July 26 to 28, 2019 and also for the “28th Sanjuanero Huilense Children\'s Festival”, to be held at the Rivera-Huila municipality on August 17 and 18, 2019.','<p>The Departmental Institute of Culture and Tourism of Cundinamarca, promotes the importance of the tourism industry as an axis of economic development, thanks to this it has become an essential industry for the development of the country in particular of the different territorial entities, regions, provinces and that fulfills a social function, where the departmental government will give special protection due to its importance for national development, so that participation in the different national beauty, cultural and tourist competitions makes that the department is promoted by its multiculturalism.</p>\r\n\r\n<p>Therefore, the land of condor, will participate in the &quot;Fiesta y Reinado Nacional Del Mar&quot; to be held in the city of Santa Marta-Magdalena from July 26 to 28, 2019 and whose representation will be in charge of Miss Lilia Isabel Gonzalez Velasquez</p>\r\n\r\n<p>Similarly, the girl, Sarah Salome Fierro Medina, will represent Cundinamarca in the &ldquo;28th Children&#39;s Festival of Sanjuanero Huilense&rdquo;, to be held in the municipality of Rivera-Huila on August 17 and 18, 2019.</p>\r\n\r\n<p>From the governorship of Cundinamarca we exalt the participation as cultural and tourist ambassadors of Cundinamarca.</p>','',2,9),(21,'GOVERNOR AT CASA TV GIVES A TURN TO PUBLIC TELEVISION: INFORMS, EDUCATES, FUN AND APPROACHES THE COMMUNITY TO THE STATE','The program of the Government of Cundinamarca maintains a format, in addition to fun, at the forefront of visual and very didactic technology. How to see it: This Sunday, July 7 at 7:00 p.m. on Channel Thirteen.','<p>Having the first cultural management model in the country, replicated in the Nation and other departments, is an action worth bringing to the small screen. This is the reason that led the Governor of Casa TV to choose Culture and Tourism as the thematic axis of the third episode in its fourth and final season.</p>\r\n\r\n<p>A public communication space, whose base is innovation, in which the programs and projects that show the investment of more than $ 41,380 million in the cultural sector will be announced.</p>\r\n\r\n<p>Starting with the dance of a whirlwind, between the Governor of the department and one of the best professionals in these arts, the chapter will tell, from the landscapes of different municipalities of the territory, how Corazonarte is the first program of stimuli for the cultural sector in The validity 2019, which includes a line of cultural tourism, which allows to fulfill the dreams of hundreds of cundinamarqueses, potentiating their talent, trade or entrepreneurship.</p>\r\n\r\n<p>The emotional stories of children and young people, members of the 512 Municipal Training Schools, who with their participation in these processes have consolidated their artistic capacity and are now part of the most important Symphonic Bands of the department, will be announced. most significant awards at the international level.</p>\r\n\r\n<p>How the cultural heritage was restored or what are the most striking places and tourist packages of the department, are also part of the answers that will be seen in Governor at home TV.</p>','',2,10),(22,'CUNDINAMARCA WILL BE THE ONLY DEPARTMENT THAT WILL DELIVER A CULTURAL AND TOURIST STRUCTURE IN THE FRAMEWORK OF THE BICENTENARY OF THE LIBERATOR CAMPAIGN','An investment close to seven billion pesos will be allocated for the execution of this important project.','<p>&nbsp;</p>\r\n\r\n<p>An investment close to seven billion pesos will be allocated for the execution of this important project.</p>\r\n\r\n<p>From the Idecut we celebrate the political will on the part of the departmental government in the construction of the &ldquo;Puente del Com&uacute;n&rdquo; project, a space that will revitalize this imposing cultural landmark of all Colombians, it will be a historical and tourist scenario that will embellish the Bogot&aacute; river basin, and will make more tourists fall in love with history and the most representative characters of our independence.</p>\r\n\r\n<p>With an investment close to seven billion pesos, the Regional Autonomous Corporation - CAR, the Institute of Infrastructure and Concessions of Cundinamarca - Iccu, the Legal Secretary of Cundinamarca, the Secretary of Planning of Cundinamarca, the Project Development Fund - Fondecun, La Sabana University and Idecut, have joined efforts, experience and knowledge to consolidate one of the most important projects of the current government; From now on we predict the best to continue working on the construction and development of strategies that benefit the Cundinamarca population, making Cundinamarca the best department in the country.</p>','index/noticia/Sin_título_2.jpg',2,11),(23,'CUNDINAMARCA PRESENTS IN ADESCO','The best destinations in Cundinamarca are offered in Cartagena.','<p>The government of Cundinamarca through the Departmental Institute of Culture and Tourism is present at the 21 Congress of Public Services of @ Andesco1, presented the tourist offer that the department has for all those visitors to this important business fair.</p>','',2,12);
/*!40000 ALTER TABLE `publicaciones_noticiasidioma` ENABLE KEYS */;
UNLOCK TABLES;

--
-- Table structure for table `publicaciones_oportunidadesempleo`
--

DROP TABLE IF EXISTS `publicaciones_oportunidadesempleo`;
/*!40101 SET @saved_cs_client     = @@character_set_client */;
/*!50503 SET character_set_client = utf8mb4 */;
CREATE TABLE `publicaciones_oportunidadesempleo` (
  `id` int(11) NOT NULL AUTO_INCREMENT,
  `fecha_creacion` datetime(6) NOT NULL,
  `fecha_actualizacion` datetime(6) NOT NULL,
  `activo` tinyint(1) NOT NULL,
  `nombre_cargo` varchar(200) NOT NULL,
  `email_contratante` varchar(254) NOT NULL,
  `fecha_inicio` date NOT NULL,
  `fecha_fin` date NOT NULL,
  `slug_empleo` varchar(200) NOT NULL,
  `actualizador_id` int(11) DEFAULT NULL,
  `categoria_empleo_id` int(11) NOT NULL,
  `creador_id` int(11) NOT NULL,
  `informacion_general_id` int(11) NOT NULL,
  `municipio_id` int(10) unsigned DEFAULT NULL,
  PRIMARY KEY (`id`),
  UNIQUE KEY `publicaciones_oportunidadesempleo_nombre_cargo_44be7dab_uniq` (`nombre_cargo`),
  KEY `publicaciones_oportu_actualizador_id_5bbc2b0d_fk_auth_user` (`actualizador_id`),
  KEY `publicaciones_oportu_categoria_empleo_id_3aff5e96_fk_publicaci` (`categoria_empleo_id`),
  KEY `publicaciones_oportu_creador_id_86d3099e_fk_auth_user` (`creador_id`),
  KEY `publicaciones_oportu_informacion_general__75542621_fk_publicaci` (`informacion_general_id`),
  KEY `publicaciones_oportunidadesempleo_slug_empleo_6f1ccdad` (`slug_empleo`),
  KEY `publicaciones_oportu_municipio_id_6a15636c_fk_ubicacion` (`municipio_id`),
  CONSTRAINT `publicaciones_oportu_actualizador_id_5bbc2b0d_fk_auth_user` FOREIGN KEY (`actualizador_id`) REFERENCES `auth_user` (`id`),
  CONSTRAINT `publicaciones_oportu_categoria_empleo_id_3aff5e96_fk_publicaci` FOREIGN KEY (`categoria_empleo_id`) REFERENCES `publicaciones_categoriaempleo` (`id`),
  CONSTRAINT `publicaciones_oportu_creador_id_86d3099e_fk_auth_user` FOREIGN KEY (`creador_id`) REFERENCES `auth_user` (`id`),
  CONSTRAINT `publicaciones_oportu_informacion_general__75542621_fk_publicaci` FOREIGN KEY (`informacion_general_id`) REFERENCES `publicaciones_informaciongeneral` (`id`),
  CONSTRAINT `publicaciones_oportu_municipio_id_6a15636c_fk_ubicacion` FOREIGN KEY (`municipio_id`) REFERENCES `ubicaciones_municipio` (`codigo`)
) ENGINE=InnoDB AUTO_INCREMENT=6 DEFAULT CHARSET=utf8;
/*!40101 SET character_set_client = @saved_cs_client */;

--
-- Dumping data for table `publicaciones_oportunidadesempleo`
--

LOCK TABLES `publicaciones_oportunidadesempleo` WRITE;
/*!40000 ALTER TABLE `publicaciones_oportunidadesempleo` DISABLE KEYS */;
INSERT INTO `publicaciones_oportunidadesempleo` VALUES (1,'2019-04-15 23:26:09.553000','2019-11-25 19:51:28.573250',1,'Chef Administrativo - Hotelero','bolsadeempleo@gmail.com','2019-04-16','2019-12-31','chef-administrativo-hotelero',1,2,1,4,25817000),(2,'2019-05-08 22:36:23.247000','2019-08-16 21:06:08.360239',1,'Asesor turístico','bolsadeempleo@gmail.com','2019-05-08','2019-12-31','2',1,11,1,4,11000000),(3,'2019-05-08 22:40:41.799000','2019-08-16 21:07:33.224239',1,'Administrador Agencia de Turismo','bolsadeempleo@gmail.com','2019-05-08','2019-05-08','3',1,2,1,4,25743000),(4,'2019-08-16 21:46:56.897986','2019-08-16 21:50:47.255286',1,'Auxiliares de Cocina','listos@gmail.com','2019-08-16','2019-12-31','24',1,9,1,4,25736000),(5,'2019-08-16 22:52:14.859608','2019-08-21 15:23:08.343818',1,'Cocineros','manpower@gmail.com','2019-08-16','2019-12-31','cocineros',1,9,1,4,25175000);
/*!40000 ALTER TABLE `publicaciones_oportunidadesempleo` ENABLE KEYS */;
UNLOCK TABLES;

--
-- Table structure for table `publicaciones_oportunidadesempleoidioma`
--

DROP TABLE IF EXISTS `publicaciones_oportunidadesempleoidioma`;
/*!40101 SET @saved_cs_client     = @@character_set_client */;
/*!50503 SET character_set_client = utf8mb4 */;
CREATE TABLE `publicaciones_oportunidadesempleoidioma` (
  `id` int(11) NOT NULL AUTO_INCREMENT,
  `nombre_cargo` varchar(200) NOT NULL,
  `descripcion_cargo` longtext NOT NULL,
  `descripcion_requisitos` longtext NOT NULL,
  `lenguaje_id` int(11) NOT NULL,
  `oportunidades_empleo_id` int(11) NOT NULL,
  PRIMARY KEY (`id`),
  UNIQUE KEY `publicaciones_oportunida_lenguaje_id_oportunidade_9cc246e3_uniq` (`lenguaje_id`,`oportunidades_empleo_id`),
  KEY `publicaciones_oportu_oportunidades_empleo_3b867248_fk_publicaci` (`oportunidades_empleo_id`),
  CONSTRAINT `publicaciones_oportu_lenguaje_id_a0242d73_fk_ubicacion` FOREIGN KEY (`lenguaje_id`) REFERENCES `ubicaciones_lenguaje` (`id`),
  CONSTRAINT `publicaciones_oportu_oportunidades_empleo_3b867248_fk_publicaci` FOREIGN KEY (`oportunidades_empleo_id`) REFERENCES `publicaciones_oportunidadesempleo` (`id`)
) ENGINE=InnoDB AUTO_INCREMENT=11 DEFAULT CHARSET=utf8;
/*!40101 SET character_set_client = @saved_cs_client */;

--
-- Dumping data for table `publicaciones_oportunidadesempleoidioma`
--

LOCK TABLES `publicaciones_oportunidadesempleoidioma` WRITE;
/*!40000 ALTER TABLE `publicaciones_oportunidadesempleoidioma` DISABLE KEYS */;
INSERT INTO `publicaciones_oportunidadesempleoidioma` VALUES (1,'Chef Administrativo - Hotelero','<p>Importante cadena de Hoteles requiere para su equipo Chef Administrativo para realizar labores en el Hotel Pop Art Tocancip&aacute;.</p>','<p dir=\"ltr\">Chef Administrativo, con conocimientos en cocina, manejo de inventarios y costos, montajes, estandarizacion de men&uacute;s.</p>\r\n\r\n<p dir=\"ltr\"><strong>Funciones principales</strong></p>\r\n\r\n<ul dir=\"ltr\">\r\n	<li>M&oacute;dulo de PosAdmin y Postouch del software Zeus.</li>\r\n	<li>Manejo de Inventarios.</li>\r\n	<li>Manejo de herramientas ofim&aacute;ticas.</li>\r\n</ul>',1,1),(2,'Administrative Chef - Hotel','<p>Important Hotel chain requires for its Administrative Chef team to perform work at the Pop Art Tocancip&aacute; Hotel.</p>','<p>Administrative Chef, with knowledge in cooking, inventory management and costs, assembly, standardization of menus.</p>\r\n\r\n<p><strong>Principal functions </strong></p>\r\n\r\n<ul>\r\n	<li>PosAdmin and Postouch module of the Zeus software.</li>\r\n	<li>Inventory management.</li>\r\n	<li>Management of office tools.</li>\r\n</ul>',2,1),(3,'Asesor turístico','<p dir=\"ltr\">Operador turistico mayorista, ofrecemos paquetes todo incluido, alojamiento y tours.</p>','<p><strong>Requisitos del empleo&nbsp;</strong></p>\r\n\r\n<ul dir=\"ltr\">\r\n	<li>Habilidad de comunicacion</li>\r\n	<li>Excelente presentacion</li>\r\n	<li>Puntualidad</li>\r\n	<li>Ser proactivo</li>\r\n</ul>\r\n\r\n<p dir=\"ltr\"><strong>Funciones principales</strong></p>\r\n\r\n<p dir=\"ltr\">Ofrecer servicios turisticos en oficinas, centros comerciales y visitar empresas, colegios, fondos entre otras competencias.</p>\r\n\r\n<p dir=\"ltr\"><strong>Por qu&eacute; trabajar con nosotros</strong></p>\r\n\r\n<p dir=\"ltr\">Seremos la empresa numero uno en colombia en turismo en el 2020. Somos due&ntilde;os de hoteles, manejamos planes por cuotas, prestamos para la luna de miel, nuestros empleados viajan para conocer los destinos.</p>\r\n\r\n<p dir=\"ltr\">&nbsp;</p>',1,2),(4,'Tourism Advisor','<p>Tour operator wholesaler, we offer all-inclusive packages, accommodation and tours.</p>','<p><strong>Employment requirements </strong></p>\r\n\r\n<ul>\r\n	<li>Communication skills</li>\r\n	<li>Excellent presentation</li>\r\n	<li>Puntuality</li>\r\n	<li>Be proactive</li>\r\n</ul>\r\n\r\n<p><strong>Principal functions </strong></p>\r\n\r\n<p>Offer tourist services in offices, shopping centers and visit companies, schools, funds among other competitions.</p>\r\n\r\n<p><strong>Why work with us </strong></p>\r\n\r\n<p>We will be the number one company in Colombia in tourism in 2020. We own hotels, we manage installment plans, loans for our honeymoon, our employees travel to know the destinations.</p>',2,2),(5,'Administrador Agencia de Turismo','<p>Importante empresa requiere Profesional en Administraci&oacute;n de Hoteler&iacute;a y Turismo o carreras afines. Experiencia en manejo de agencias de viajes y turismo.</p>','<p><strong>Requisitos del empleo:&nbsp;</strong></p>\r\n\r\n<ul dir=\"ltr\">\r\n	<li>M&iacute;nimo 4 a&ntilde;os. Conocimiento en plataformas digitales y servicio al cliente.</li>\r\n	<li>Indispensable que viva en la zona o sus municipios aleda&ntilde;os.</li>\r\n</ul>\r\n\r\n<p><strong>Funciones principales:</strong></p>\r\n\r\n<ul dir=\"ltr\">\r\n	<li>Administrar la plataforma digital de la agencia.</li>\r\n	<li>Investigar, planear y aprovechar el potencial tur&iacute;stico existente.</li>\r\n	<li>Proporcionar un servicio de alta calidad a los usuarios de la plataforma.</li>\r\n	<li>Dise&ntilde;ar productos de acuerdo a las necesidades del cliente.</li>\r\n	<li>Realizar la organizaci&oacute;n administrativa de la oficina.</li>\r\n	<li>Gestionar las solicitudes de servicio al cliente.</li>\r\n</ul>\r\n\r\n<p><strong>Tipo de puesto:</strong> Tiempo completo</p>',1,3),(6,'Tourism Agency Administrator','<p>Important company requires Professional in Hospitality and Tourism Administration or related careers. Experience in managing travel agencies and tourism.</p>','<p><strong>Employment requirements:</strong></p>\r\n\r\n<ul>\r\n	<li>Minimum 4 years Knowledge in digital platforms and customer service.</li>\r\n	<li>Essential that you live in the area or its surrounding municipalities.</li>\r\n</ul>\r\n\r\n<p><strong>Principal functions:</strong></p>\r\n\r\n<ul>\r\n	<li>Manage the agency&#39;s digital platform.</li>\r\n	<li>Investigate, plan and take advantage of the existing tourism potential.</li>\r\n	<li>Provide high quality service to platform users.</li>\r\n	<li>Design products according to customer needs.</li>\r\n	<li>Perform the administrative organization of the office.</li>\r\n	<li>Manage customer service requests.</li>\r\n</ul>\r\n\r\n<p><strong>Type of position:</strong> Full time</p>',2,3),(7,'Auxiliares de Cocina','<p>Importante multinacional francesa requiere personal bachiller con experiencia m&iacute;nima de 6 meses en labores de cocina (pelar, picar, cortar, lavar y desinfectar menaje, preparaci&oacute;n de cocina fr&iacute;a) en casinos empresariales o clubs con un alto nivel de servicios.</p>','<p dir=\"ltr\"><strong>Horario:</strong> de domingo a domingo con un d&iacute;a de descanso entre semana.&nbsp;Turnos rotativos.</p>\r\n\r\n<p dir=\"ltr\"><strong>Salario:</strong> $ 832.000 + prestaciones + recargos.</p>\r\n\r\n<p dir=\"ltr\"><strong>Educaci&oacute;n m&iacute;nima:</strong> Bachillerato / Educaci&oacute;n Media</p>\r\n\r\n<p dir=\"ltr\"><strong>Edad</strong>: A partir de 18 a&ntilde;os</p>\r\n\r\n<p dir=\"ltr\">Contrato directo con la compa&ntilde;&iacute;a.</p>\r\n\r\n<p dir=\"ltr\">Indispensable vivir en Sesquil&eacute; o Suesca&nbsp;</p>',1,4),(8,'Kitchen Assistants','<p>Important French multinational requires high school staff with a minimum of 6 months experience in kitchen work (peeling, chopping, cutting, washing and disinfecting utensils, cold kitchen preparation) in business casinos or clubs with a high level of services.</p>','<p><strong>Hours:</strong> Sunday to Sunday with a rest day during the week. Rotating shifts.</p>\r\n\r\n<p><strong>Salary:</strong> $ 832,000 + benefits + surcharges.</p>\r\n\r\n<p><strong>Minimum education:</strong> Baccalaureate / High School</p>\r\n\r\n<p><strong>Age:</strong> From 18 years old</p>\r\n\r\n<p>Direct contract with the company.</p>\r\n\r\n<p>Essential to live in Sesquil&eacute; or Suesca</p>',2,4),(9,'Cocineros','<p>Importante club campestre ubicado al norte de la ciudad requiere cocineros t&eacute;cnicos o tecnolog&iacute;as en cocina alimentos gastronom&iacute;a y afines con m&iacute;nimo 6 meses de experiencia en manejo de cocina.</p>','<p><strong>Horario</strong>: fines de semana S&aacute;bados: 41.300 Domingos y festivos: 72.300 + prestaciones de ley + beneficio de ruta y refrigerio.&nbsp;</p>\r\n\r\n<p>Pagos quincenales,&nbsp;con posibilidad de trabajar entre semana.</p>',1,5),(10,'Cooks','<p>Important country club located in the north of the city requires technical chefs or technologies in cuisine, gastronomy and related food with a minimum of 6 months of experience in kitchen management.</p>','<p><strong>Hours:</strong> weekends Saturdays: 41,300 Sundays and holidays: 72,300 + benefits of law + route and snack benefit.</p>\r\n\r\n<p>Biweekly payments, with the possibility of working during the week.</p>',2,5);
/*!40000 ALTER TABLE `publicaciones_oportunidadesempleoidioma` ENABLE KEYS */;
UNLOCK TABLES;

--
-- Table structure for table `ubicaciones_departamento`
--

DROP TABLE IF EXISTS `ubicaciones_departamento`;
/*!40101 SET @saved_cs_client     = @@character_set_client */;
/*!50503 SET character_set_client = utf8mb4 */;
CREATE TABLE `ubicaciones_departamento` (
  `id` int(11) NOT NULL AUTO_INCREMENT,
  `nombre` varchar(200) NOT NULL,
  `region_id` int(11) NOT NULL,
  PRIMARY KEY (`id`),
  KEY `ubicaciones_departam_region_id_d4ae4e36_fk_ubicacion` (`region_id`),
  CONSTRAINT `ubicaciones_departam_region_id_d4ae4e36_fk_ubicacion` FOREIGN KEY (`region_id`) REFERENCES `ubicaciones_region` (`id`)
) ENGINE=InnoDB AUTO_INCREMENT=3 DEFAULT CHARSET=utf8;
/*!40101 SET character_set_client = @saved_cs_client */;

--
-- Dumping data for table `ubicaciones_departamento`
--

LOCK TABLES `ubicaciones_departamento` WRITE;
/*!40000 ALTER TABLE `ubicaciones_departamento` DISABLE KEYS */;
INSERT INTO `ubicaciones_departamento` VALUES (1,'Meta',1),(2,'Cundinamarca',2);
/*!40000 ALTER TABLE `ubicaciones_departamento` ENABLE KEYS */;
UNLOCK TABLES;

--
-- Table structure for table `ubicaciones_departamentoidioma`
--

DROP TABLE IF EXISTS `ubicaciones_departamentoidioma`;
/*!40101 SET @saved_cs_client     = @@character_set_client */;
/*!50503 SET character_set_client = utf8mb4 */;
CREATE TABLE `ubicaciones_departamentoidioma` (
  `id` int(11) NOT NULL AUTO_INCREMENT,
  `fecha_creacion` datetime(6) NOT NULL,
  `fecha_actualizacion` datetime(6) NOT NULL,
  `nombre` varchar(200) NOT NULL,
  `actualizador_id` int(11) DEFAULT NULL,
  `creador_id` int(11) NOT NULL,
  `departamento_id` int(11) NOT NULL,
  `lenguaje_id` int(11) NOT NULL,
  PRIMARY KEY (`id`),
  KEY `ubicaciones_departam_actualizador_id_28f523fe_fk_auth_user` (`actualizador_id`),
  KEY `ubicaciones_departam_creador_id_61b52986_fk_auth_user` (`creador_id`),
  KEY `ubicaciones_departam_departamento_id_24c90236_fk_ubicacion` (`departamento_id`),
  KEY `ubicaciones_departam_lenguaje_id_394fa1bc_fk_ubicacion` (`lenguaje_id`),
  CONSTRAINT `ubicaciones_departam_actualizador_id_28f523fe_fk_auth_user` FOREIGN KEY (`actualizador_id`) REFERENCES `auth_user` (`id`),
  CONSTRAINT `ubicaciones_departam_creador_id_61b52986_fk_auth_user` FOREIGN KEY (`creador_id`) REFERENCES `auth_user` (`id`),
  CONSTRAINT `ubicaciones_departam_departamento_id_24c90236_fk_ubicacion` FOREIGN KEY (`departamento_id`) REFERENCES `ubicaciones_departamento` (`id`),
  CONSTRAINT `ubicaciones_departam_lenguaje_id_394fa1bc_fk_ubicacion` FOREIGN KEY (`lenguaje_id`) REFERENCES `ubicaciones_lenguaje` (`id`)
) ENGINE=InnoDB DEFAULT CHARSET=utf8;
/*!40101 SET character_set_client = @saved_cs_client */;

--
-- Dumping data for table `ubicaciones_departamentoidioma`
--

LOCK TABLES `ubicaciones_departamentoidioma` WRITE;
/*!40000 ALTER TABLE `ubicaciones_departamentoidioma` DISABLE KEYS */;
/*!40000 ALTER TABLE `ubicaciones_departamentoidioma` ENABLE KEYS */;
UNLOCK TABLES;

--
-- Table structure for table `ubicaciones_lenguaje`
--

DROP TABLE IF EXISTS `ubicaciones_lenguaje`;
/*!40101 SET @saved_cs_client     = @@character_set_client */;
/*!50503 SET character_set_client = utf8mb4 */;
CREATE TABLE `ubicaciones_lenguaje` (
  `id` int(11) NOT NULL AUTO_INCREMENT,
  `fecha_creacion` datetime(6) NOT NULL,
  `fecha_actualizacion` datetime(6) NOT NULL,
  `activo` tinyint(1) NOT NULL,
  `nombre` varchar(25) NOT NULL,
  `abreviacion` varchar(2) NOT NULL,
  `actualizador_id` int(11) DEFAULT NULL,
  `creador_id` int(11) NOT NULL,
  PRIMARY KEY (`id`),
  UNIQUE KEY `nombre` (`nombre`),
  KEY `ubicaciones_lenguaje_actualizador_id_30d93485_fk_auth_user_id` (`actualizador_id`),
  KEY `ubicaciones_lenguaje_creador_id_21955758_fk_auth_user_id` (`creador_id`),
  CONSTRAINT `ubicaciones_lenguaje_actualizador_id_30d93485_fk_auth_user_id` FOREIGN KEY (`actualizador_id`) REFERENCES `auth_user` (`id`),
  CONSTRAINT `ubicaciones_lenguaje_creador_id_21955758_fk_auth_user_id` FOREIGN KEY (`creador_id`) REFERENCES `auth_user` (`id`)
) ENGINE=InnoDB AUTO_INCREMENT=3 DEFAULT CHARSET=utf8;
/*!40101 SET character_set_client = @saved_cs_client */;

--
-- Dumping data for table `ubicaciones_lenguaje`
--

LOCK TABLES `ubicaciones_lenguaje` WRITE;
/*!40000 ALTER TABLE `ubicaciones_lenguaje` DISABLE KEYS */;
INSERT INTO `ubicaciones_lenguaje` VALUES (1,'2019-04-15 23:22:24.095000','2019-04-15 23:22:24.095000',1,'Español','ES',NULL,1),(2,'2019-04-15 23:22:30.687000','2019-04-16 16:39:42.004000',1,'English','EN',1,1);
/*!40000 ALTER TABLE `ubicaciones_lenguaje` ENABLE KEYS */;
UNLOCK TABLES;

--
-- Table structure for table `ubicaciones_municipio`
--

DROP TABLE IF EXISTS `ubicaciones_municipio`;
/*!40101 SET @saved_cs_client     = @@character_set_client */;
/*!50503 SET character_set_client = utf8mb4 */;
CREATE TABLE `ubicaciones_municipio` (
  `codigo` int(10) unsigned NOT NULL,
  `nombre` varchar(200) NOT NULL,
  `slug` varchar(50) DEFAULT NULL,
  `departamento_id` int(11) NOT NULL,
  PRIMARY KEY (`codigo`),
  UNIQUE KEY `ubicaciones_municipio_nombre_departamento_id_57df6857_uniq` (`nombre`,`departamento_id`),
  KEY `ubicaciones_municipi_departamento_id_b96d74f9_fk_ubicacion` (`departamento_id`),
  KEY `ubicaciones_municipio_slug_d6210d86` (`slug`),
  CONSTRAINT `ubicaciones_municipi_departamento_id_b96d74f9_fk_ubicacion` FOREIGN KEY (`departamento_id`) REFERENCES `ubicaciones_departamento` (`id`)
) ENGINE=InnoDB DEFAULT CHARSET=utf8;
/*!40101 SET character_set_client = @saved_cs_client */;

--
-- Dumping data for table `ubicaciones_municipio`
--

LOCK TABLES `ubicaciones_municipio` WRITE;
/*!40000 ALTER TABLE `ubicaciones_municipio` DISABLE KEYS */;
INSERT INTO `ubicaciones_municipio` VALUES (50001,'Acacias','acacias',1),(500001,'Villavicencio','villavicencio',1),(5313000,'Granada','granada',2),(5483000,'Nariño','narino',2),(5652000,'San Francisco','san-francisco',2),(5861000,'Venecia','venecia',2),(11000000,'Bogotá D.C.','bogota-dc',2),(13268000,'El Peñón','el-penon',2),(19397000,'La Vega','la-vega',2),(25001000,'Agua de Dios','agua-de-dios',2),(25035000,'Anapoima','anapoima',2),(25040000,'Anolaima','anolaima',2),(25053000,'Arbeláez','arbelaez',2),(25086000,'Beltrán','beltran',2),(25095000,'Bituima','bituima',2),(25099000,'Bojacá','bojaca',2),(25120000,'Cabrera','cabrera',2),(25123000,'Cachipay','cachipay',2),(25126000,'Cajicá','cajica',2),(25148000,'Caparrapí','caparrapi',2),(25151000,'Cáqueza','caqueza',2),(25154000,'Carmen de Carupa','carmen-de-carupa',2),(25168000,'Chaguaní','chaguani',2),(25175000,'Chía','chia',2),(25178000,'Chipaque','chipaque',2),(25181000,'Choachí','choachi',2),(25183000,'Chocontá','choconta',2),(25200000,'Cogua','cogua',2),(25214000,'Cota','cota',2),(25224000,'Cucunubá','cucunuba',2),(25245000,'El colegio','el-colegio',2),(25260000,'El Rosal','el-rosal',2),(25269000,'Facatativá','facatativa',2),(25279000,'Fómeque','fomeque',2),(25281000,'Fosca','fosca',2),(25286000,'Funza','funza',2),(25288000,'Fúquene','fuquene',2),(25290000,'Fusagasugá','fusagasuga',2),(25293000,'Gachalá','gachala',2),(25295000,'Gachancipá','gachancipa',2),(25297000,'Gachetá','gacheta',2),(25299000,'Gama','gama',2),(25307000,'Girardot','girardot',2),(25317000,'Guachetá','guacheta',2),(25320000,'Guaduas','guaduas',2),(25322000,'Guasca','guasca',2),(25324000,'Guataquí','guataqui',2),(25326000,'Guatavita','guatavita',2),(25328000,'Guayabal de Síquima','guayabal-de-siquima',2),(25335000,'Guayabetal','guayabetal',2),(25339000,'Gutiérrez','gutierrez',2),(25368000,'Jerusalén','jerusalen',2),(25372000,'Junín','junin',2),(25377000,'La Calera','la-calera',2),(25386000,'La Mesa','la-mesa',2),(25394000,'La Palma','la-palma',2),(25398000,'La Peña','la-pena',2),(25407000,'Lenguazaque','lenguazaque',2),(25426000,'Machetá','macheta',2),(25430000,'Madrid','madrid',2),(25436000,'Manta','manta',2),(25438000,'Medina','medina',2),(25473000,'Mosquera','mosquera',2),(25486000,'Nemocón','nemocon',2),(25488000,'Nilo','nilo',2),(25489000,'Nocaima','nocaima',2),(25513000,'Pacho','pacho',2),(25518000,'Paime','paime',2),(25524000,'Pandi','pandi',2),(25530000,'Paratebueno','paratebueno',2),(25535000,'Pasca','pasca',2),(25572000,'Puerto Salgar','puerto-salgar',2),(25580000,'Pulí','puli',2),(25592000,'Quebradanegra','quebradanegra',2),(25594000,'Quetame','quetame',2),(25596000,'Quipile','quipile',2),(25599000,'Apulo','apulo',2),(25612000,'Ricaurte','ricaurte',2),(25645000,'San Antonio del Tequendama','san-antonio-del-tequendama',2),(25649000,'San Bernardo','san-bernardo',2),(25653000,'San Cayetano','san-cayetano',2),(25662000,'San Juan de Rioseco','san-juan-de-rioseco',2),(25718000,'Sasaima','sasaima',2),(25736000,'Sesquilé','sesquile',2),(25740000,'Sibaté','sibate',2),(25743000,'Silvania','silvania',2),(25745000,'Simijaca','simijaca',2),(25754000,'Soacha','soacha',2),(25758000,'Sopó','sopo',2),(25769000,'Subachoque','subachoque',2),(25772000,'Suesca','suesca',2),(25777000,'Supatá','supata',2),(25779000,'Susa','susa',2),(25781000,'Sutatausa','sutatausa',2),(25785000,'Tabio','tabio',2),(25793000,'Tausa','tausa',2),(25797000,'Tena','tena',2),(25799000,'Tenjo','tenjo',2),(25805000,'Tibacuy','tibacuy',2),(25807000,'Tibirita','tibirita',2),(25815000,'Tocaima','tocaima',2),(25817000,'Tocancipá','tocancipa',2),(25823000,'Topaipí','topaipi',2),(25839000,'Ubalá','ubala',2),(25841000,'Ubaque','ubaque',2),(25843000,'Ubaté','ubate',2),(25845000,'Une','une',2),(25851000,'Útica','utica',2),(25862000,'Vergara','vergara',2),(25867000,'Vianí','viani',2),(25871000,'Villagómez','villagomez',2),(25873000,'Villapinzón','villapinzon',2),(25875000,'Villeta','villeta',2),(25878000,'Viotá','viota',2),(25885000,'Yacopí','yacopi',2),(25898000,'Zipacón','zipacon',2),(25899000,'Zipaquirá','zipaquira',2),(52019000,'Albán','alban',2);
/*!40000 ALTER TABLE `ubicaciones_municipio` ENABLE KEYS */;
UNLOCK TABLES;

--
-- Table structure for table `ubicaciones_municipioidioma`
--

DROP TABLE IF EXISTS `ubicaciones_municipioidioma`;
/*!40101 SET @saved_cs_client     = @@character_set_client */;
/*!50503 SET character_set_client = utf8mb4 */;
CREATE TABLE `ubicaciones_municipioidioma` (
  `id` int(11) NOT NULL AUTO_INCREMENT,
  `fecha_creacion` datetime(6) NOT NULL,
  `fecha_actualizacion` datetime(6) NOT NULL,
  `nombre` varchar(200) NOT NULL,
  `actualizador_id` int(11) DEFAULT NULL,
  `creador_id` int(11) NOT NULL,
  `lenguaje_id` int(11) NOT NULL,
  `municipio_id` int(10) unsigned NOT NULL,
  PRIMARY KEY (`id`),
  KEY `ubicaciones_municipi_actualizador_id_35987ed2_fk_auth_user` (`actualizador_id`),
  KEY `ubicaciones_municipioidioma_creador_id_da11cfa3_fk_auth_user_id` (`creador_id`),
  KEY `ubicaciones_municipi_lenguaje_id_172d1c35_fk_ubicacion` (`lenguaje_id`),
  KEY `ubicaciones_municipi_municipio_id_5ec8e385_fk_ubicacion` (`municipio_id`),
  CONSTRAINT `ubicaciones_municipi_actualizador_id_35987ed2_fk_auth_user` FOREIGN KEY (`actualizador_id`) REFERENCES `auth_user` (`id`),
  CONSTRAINT `ubicaciones_municipi_lenguaje_id_172d1c35_fk_ubicacion` FOREIGN KEY (`lenguaje_id`) REFERENCES `ubicaciones_lenguaje` (`id`),
  CONSTRAINT `ubicaciones_municipi_municipio_id_5ec8e385_fk_ubicacion` FOREIGN KEY (`municipio_id`) REFERENCES `ubicaciones_municipio` (`codigo`),
  CONSTRAINT `ubicaciones_municipioidioma_creador_id_da11cfa3_fk_auth_user_id` FOREIGN KEY (`creador_id`) REFERENCES `auth_user` (`id`)
) ENGINE=InnoDB AUTO_INCREMENT=48 DEFAULT CHARSET=utf8;
/*!40101 SET character_set_client = @saved_cs_client */;

--
-- Dumping data for table `ubicaciones_municipioidioma`
--

LOCK TABLES `ubicaciones_municipioidioma` WRITE;
/*!40000 ALTER TABLE `ubicaciones_municipioidioma` DISABLE KEYS */;
INSERT INTO `ubicaciones_municipioidioma` VALUES (1,'2019-04-16 20:45:19.782000','2019-04-16 20:45:19.782000','Villavicencio',NULL,1,1,500001),(2,'2019-04-26 15:34:52.388000','2019-05-03 20:25:14.095000','Acacias',1,1,1,50001),(3,'2019-05-03 20:25:14.095000','2019-05-03 20:25:14.095000','Acacieshon',NULL,1,2,50001),(4,'2019-05-07 22:28:26.441000','2019-05-07 22:28:26.441000','Ubaté',NULL,1,1,25843000),(5,'2019-05-07 22:28:26.442000','2019-05-07 22:28:26.442000','Ubaté',NULL,1,2,25843000),(6,'2019-05-07 22:28:43.113000','2019-05-07 22:28:43.113000','Sibaté',NULL,1,1,25740000),(7,'2019-05-07 22:28:43.113000','2019-05-07 22:28:43.113000','Sibaté',NULL,1,2,25740000),(8,'2019-05-07 22:29:02.620000','2019-05-07 22:29:02.620000','Paratebueno',NULL,1,1,25530000),(9,'2019-05-07 22:29:02.620000','2019-05-07 22:29:02.620000','Paratebueno',NULL,1,2,25530000),(10,'2019-05-07 22:29:19.740000','2019-05-07 22:29:19.740000','Guasca',NULL,1,1,25322000),(11,'2019-05-07 22:29:19.741000','2019-05-07 22:29:19.741000','Guasca',NULL,1,2,25322000),(12,'2019-05-07 22:29:38.500000','2019-05-07 22:29:38.500000','Guaduas',NULL,1,1,25320000),(13,'2019-05-07 22:29:38.500000','2019-05-07 22:29:38.500000','Guaduas',NULL,1,2,25320000),(14,'2019-05-07 22:29:57.988000','2019-05-07 22:29:57.988000','Cucunubá',NULL,1,1,25224000),(15,'2019-05-07 22:29:57.989000','2019-05-07 22:29:57.989000','Cucunubá',NULL,1,2,25224000),(16,'2019-05-07 22:30:20.834000','2019-05-07 22:30:20.835000','Carmen de Carupa',NULL,1,1,25154000),(17,'2019-05-07 22:30:20.835000','2019-05-07 22:30:20.835000','Carmen de Carupa',NULL,1,2,25154000),(18,'2019-05-07 22:56:55.458000','2019-05-07 22:56:55.458000','Nimaima',NULL,1,1,25489000),(19,'2019-05-07 22:56:55.459000','2019-05-07 22:56:55.459000','Nimaima',NULL,1,2,25489000),(30,'2019-08-16 20:59:43.121276','2019-08-16 20:59:43.121332','Bogotá',NULL,1,1,11000000),(31,'2019-08-16 20:59:43.147411','2019-08-16 20:59:43.147460','Bogotá',NULL,1,2,11000000),(32,'2019-08-16 21:07:29.726958','2019-08-16 21:07:29.727010','Silvania',NULL,1,1,25743000),(33,'2019-08-16 21:07:29.727570','2019-08-16 21:07:29.727611','Silvania',NULL,1,2,25743000),(34,'2019-08-16 21:14:05.523180','2019-08-16 21:14:05.523232','Sesquilé',NULL,1,1,25736000),(35,'2019-08-16 21:14:05.523749','2019-08-16 21:14:05.523791','Sesquilé',NULL,1,2,25736000),(36,'2019-08-16 21:52:09.839594','2019-08-16 21:52:09.839643','Chía',NULL,1,1,25175000),(37,'2019-08-16 21:52:09.840238','2019-08-16 21:52:09.840278','Chía',NULL,1,2,25175000),(38,'2019-11-25 19:52:18.034285','2019-11-25 19:52:18.034356','Tocancipá',NULL,1,1,25817000),(39,'2019-11-25 19:52:18.040496','2019-11-25 19:52:18.040558','Tocancipá',NULL,1,2,25817000),(40,'2019-11-25 19:54:08.126857','2019-11-25 19:54:08.126947','Facatativá',NULL,1,1,25269000),(41,'2019-11-25 19:54:08.129167','2019-11-25 19:54:08.129238','Facatativa',NULL,1,2,25269000),(42,'2019-11-25 19:55:38.628801','2019-11-25 19:55:38.628874','Villeta',NULL,1,1,25875000),(43,'2019-11-25 19:55:38.630682','2019-11-25 19:55:38.630752','Villeta',NULL,1,2,25875000),(44,'2019-11-25 19:56:39.450264','2019-11-25 19:56:39.450355','Girardot',NULL,1,1,25307000),(45,'2019-11-25 19:56:39.451449','2019-11-25 19:56:39.451504','Girardot',NULL,1,2,25307000),(46,'2019-11-25 19:57:45.968084','2019-11-25 19:57:45.968158','Soacha',NULL,1,1,25754000),(47,'2019-11-25 19:57:45.969309','2019-11-25 19:57:45.969362','Soacha',NULL,1,2,25754000);
/*!40000 ALTER TABLE `ubicaciones_municipioidioma` ENABLE KEYS */;
UNLOCK TABLES;

--
-- Table structure for table `ubicaciones_pais`
--

DROP TABLE IF EXISTS `ubicaciones_pais`;
/*!40101 SET @saved_cs_client     = @@character_set_client */;
/*!50503 SET character_set_client = utf8mb4 */;
CREATE TABLE `ubicaciones_pais` (
  `id` int(11) NOT NULL AUTO_INCREMENT,
  `alfa_dos` varchar(2) NOT NULL,
  `alfa_tres` varchar(3) NOT NULL,
  `nombre` varchar(200) NOT NULL,
  PRIMARY KEY (`id`),
  UNIQUE KEY `alfa_dos` (`alfa_dos`),
  UNIQUE KEY `alfa_tres` (`alfa_tres`),
  UNIQUE KEY `nombre` (`nombre`)
) ENGINE=InnoDB AUTO_INCREMENT=2 DEFAULT CHARSET=utf8;
/*!40101 SET character_set_client = @saved_cs_client */;

--
-- Dumping data for table `ubicaciones_pais`
--

LOCK TABLES `ubicaciones_pais` WRITE;
/*!40000 ALTER TABLE `ubicaciones_pais` DISABLE KEYS */;
INSERT INTO `ubicaciones_pais` VALUES (1,'CO','COL','Colombia');
/*!40000 ALTER TABLE `ubicaciones_pais` ENABLE KEYS */;
UNLOCK TABLES;

--
-- Table structure for table `ubicaciones_paisidioma`
--

DROP TABLE IF EXISTS `ubicaciones_paisidioma`;
/*!40101 SET @saved_cs_client     = @@character_set_client */;
/*!50503 SET character_set_client = utf8mb4 */;
CREATE TABLE `ubicaciones_paisidioma` (
  `id` int(11) NOT NULL AUTO_INCREMENT,
  `fecha_creacion` datetime(6) NOT NULL,
  `fecha_actualizacion` datetime(6) NOT NULL,
  `nombre` varchar(200) NOT NULL,
  `actualizador_id` int(11) DEFAULT NULL,
  `creador_id` int(11) NOT NULL,
  `lenguaje_id` int(11) NOT NULL,
  `pais_id` int(11) NOT NULL,
  PRIMARY KEY (`id`),
  UNIQUE KEY `ubicaciones_paisidioma_lenguaje_id_pais_id_53e4a2a3_uniq` (`lenguaje_id`,`pais_id`),
  KEY `ubicaciones_paisidioma_actualizador_id_03f03e1d_fk_auth_user_id` (`actualizador_id`),
  KEY `ubicaciones_paisidioma_creador_id_73d07b78_fk_auth_user_id` (`creador_id`),
  KEY `ubicaciones_paisidioma_pais_id_b76b569e_fk_ubicaciones_pais_id` (`pais_id`),
  CONSTRAINT `ubicaciones_paisidio_lenguaje_id_e5d55f39_fk_ubicacion` FOREIGN KEY (`lenguaje_id`) REFERENCES `ubicaciones_lenguaje` (`id`),
  CONSTRAINT `ubicaciones_paisidioma_actualizador_id_03f03e1d_fk_auth_user_id` FOREIGN KEY (`actualizador_id`) REFERENCES `auth_user` (`id`),
  CONSTRAINT `ubicaciones_paisidioma_creador_id_73d07b78_fk_auth_user_id` FOREIGN KEY (`creador_id`) REFERENCES `auth_user` (`id`),
  CONSTRAINT `ubicaciones_paisidioma_pais_id_b76b569e_fk_ubicaciones_pais_id` FOREIGN KEY (`pais_id`) REFERENCES `ubicaciones_pais` (`id`)
) ENGINE=InnoDB AUTO_INCREMENT=2 DEFAULT CHARSET=utf8;
/*!40101 SET character_set_client = @saved_cs_client */;

--
-- Dumping data for table `ubicaciones_paisidioma`
--

LOCK TABLES `ubicaciones_paisidioma` WRITE;
/*!40000 ALTER TABLE `ubicaciones_paisidioma` DISABLE KEYS */;
INSERT INTO `ubicaciones_paisidioma` VALUES (1,'2019-04-19 23:35:23.533000','2019-04-19 23:35:23.533000','Colombia',NULL,1,1,1);
/*!40000 ALTER TABLE `ubicaciones_paisidioma` ENABLE KEYS */;
UNLOCK TABLES;

--
-- Table structure for table `ubicaciones_region`
--

DROP TABLE IF EXISTS `ubicaciones_region`;
/*!40101 SET @saved_cs_client     = @@character_set_client */;
/*!50503 SET character_set_client = utf8mb4 */;
CREATE TABLE `ubicaciones_region` (
  `id` int(11) NOT NULL AUTO_INCREMENT,
  `nombre` varchar(50) NOT NULL,
  `pais_id` int(11) NOT NULL,
  PRIMARY KEY (`id`),
  UNIQUE KEY `nombre` (`nombre`),
  KEY `ubicaciones_region_pais_id_d35ebbd1_fk_ubicaciones_pais_id` (`pais_id`),
  CONSTRAINT `ubicaciones_region_pais_id_d35ebbd1_fk_ubicaciones_pais_id` FOREIGN KEY (`pais_id`) REFERENCES `ubicaciones_pais` (`id`)
) ENGINE=InnoDB AUTO_INCREMENT=3 DEFAULT CHARSET=utf8;
/*!40101 SET character_set_client = @saved_cs_client */;

--
-- Dumping data for table `ubicaciones_region`
--

LOCK TABLES `ubicaciones_region` WRITE;
/*!40000 ALTER TABLE `ubicaciones_region` DISABLE KEYS */;
INSERT INTO `ubicaciones_region` VALUES (1,'Orinoquia',1),(2,'Andina',1);
/*!40000 ALTER TABLE `ubicaciones_region` ENABLE KEYS */;
UNLOCK TABLES;

--
-- Table structure for table `ubicaciones_regionidioma`
--

DROP TABLE IF EXISTS `ubicaciones_regionidioma`;
/*!40101 SET @saved_cs_client     = @@character_set_client */;
/*!50503 SET character_set_client = utf8mb4 */;
CREATE TABLE `ubicaciones_regionidioma` (
  `id` int(11) NOT NULL AUTO_INCREMENT,
  `fecha_creacion` datetime(6) NOT NULL,
  `fecha_actualizacion` datetime(6) NOT NULL,
  `nombre` varchar(200) NOT NULL,
  `actualizador_id` int(11) DEFAULT NULL,
  `creador_id` int(11) NOT NULL,
  `lenguaje_id` int(11) NOT NULL,
  `region_id` int(11) NOT NULL,
  PRIMARY KEY (`id`),
  UNIQUE KEY `ubicaciones_regionidioma_lenguaje_id_region_id_1ba2996c_uniq` (`lenguaje_id`,`region_id`),
  KEY `ubicaciones_regionid_actualizador_id_9c5bedb3_fk_auth_user` (`actualizador_id`),
  KEY `ubicaciones_regionidioma_creador_id_cc0cf46a_fk_auth_user_id` (`creador_id`),
  KEY `ubicaciones_regionid_region_id_958a2f3a_fk_ubicacion` (`region_id`),
  CONSTRAINT `ubicaciones_regionid_actualizador_id_9c5bedb3_fk_auth_user` FOREIGN KEY (`actualizador_id`) REFERENCES `auth_user` (`id`),
  CONSTRAINT `ubicaciones_regionid_lenguaje_id_a1b58109_fk_ubicacion` FOREIGN KEY (`lenguaje_id`) REFERENCES `ubicaciones_lenguaje` (`id`),
  CONSTRAINT `ubicaciones_regionid_region_id_958a2f3a_fk_ubicacion` FOREIGN KEY (`region_id`) REFERENCES `ubicaciones_region` (`id`),
  CONSTRAINT `ubicaciones_regionidioma_creador_id_cc0cf46a_fk_auth_user_id` FOREIGN KEY (`creador_id`) REFERENCES `auth_user` (`id`)
) ENGINE=InnoDB DEFAULT CHARSET=utf8;
/*!40101 SET character_set_client = @saved_cs_client */;

--
-- Dumping data for table `ubicaciones_regionidioma`
--

LOCK TABLES `ubicaciones_regionidioma` WRITE;
/*!40000 ALTER TABLE `ubicaciones_regionidioma` DISABLE KEYS */;
/*!40000 ALTER TABLE `ubicaciones_regionidioma` ENABLE KEYS */;
UNLOCK TABLES;
/*!40103 SET TIME_ZONE=@OLD_TIME_ZONE */;

/*!40101 SET SQL_MODE=@OLD_SQL_MODE */;
/*!40014 SET FOREIGN_KEY_CHECKS=@OLD_FOREIGN_KEY_CHECKS */;
/*!40014 SET UNIQUE_CHECKS=@OLD_UNIQUE_CHECKS */;
/*!40101 SET CHARACTER_SET_CLIENT=@OLD_CHARACTER_SET_CLIENT */;
/*!40101 SET CHARACTER_SET_RESULTS=@OLD_CHARACTER_SET_RESULTS */;
/*!40101 SET COLLATION_CONNECTION=@OLD_COLLATION_CONNECTION */;
/*!40111 SET SQL_NOTES=@OLD_SQL_NOTES */;

-- Dump completed on 2021-11-09  9:15:53
